txn_count,in_volume,out_volume,amount_mean,amount_std,counterparties,fan_in,fan_out,external_share,history_months,pass72,pass7d,cycles_short,max_cycle_amount,median_cycle_lag,return_before_repay,two_way_counterparties,third_party_saving,income_absent,loan_credit,rapid_out_amount,return_amount,out_concentration,channel_diversity,node_id,y,split,pattern
75.0,197836.86000000002,108986.95999999999,4090.984266666667,5225.878852166444,37.0,19.0,18.0,0.3552102310700649,11.629434954007884,0.07337356896540985,0.08597467512586013,0.0,0.0,0.0,0.0,0.0,0.0,0.0,41740.78,3062.67,0.0,0.2225187306811751,4.0,M-000-00,0,train,business
48.0,168593.18,50780.61,4570.2872916666665,10125.653976907026,21.0,10.0,11.0,0.23147984086886586,11.629434954007884,0.0052435721553575,0.0052435721553575,0.0,0.0,0.0,0.0,0.0,0.0,0.0,70545.42,369.91,0.0,0.5635714104261449,4.0,M-000-01,0,train,normal
40.0,188579.63999999998,31845.56,5510.63,11946.582601144562,20.0,9.0,11.0,0.14447331793279533,11.629434954007884,0.0,0.025408070304658525,0.0,0.0,0.0,0.0,0.0,0.0,0.0,75948.31,0.0,0.0,0.25139328685066303,4.0,M-000-02,0,train,normal
65.0,126951.93,89204.04999999999,3325.4766153846153,7164.282584212683,37.0,10.0,28.0,0.41268370183420316,11.629434954007884,0.9162938450819139,0.9301660120289676,0.0,6571.18,47.833333333333336,1.0,1.0,0.0,0.0,44319.68,40609.85,6571.18,0.4241337697111286,4.0,M-000-03,1,train,camouflaged
45.0,158586.3,40393.450000000004,4421.772222222222,8762.196320720022,25.0,13.0,13.0,0.2030028181259651,11.629434954007884,0.0,0.006350126072345667,0.0,0.0,22.0,1.0,1.0,0.0,0.0,58161.05,0.0,3500.0,0.3551882792878548,4.0,M-000-04,0,train,benign_cycle
45.0,169834.53999999998,49758.509999999995,4879.845555555556,10723.689233564384,22.0,11.0,11.0,0.22659419321330979,11.629434954007884,0.03491386391302465,0.03491386391302465,0.0,0.0,0.0,0.0,0.0,0.0,0.0,72742.45,2539.72,0.0,0.411896779063521,4.0,M-000-05,0,train,normal
42.0,161227.81,31871.93,4597.612857142857,9346.244390799895,20.0,10.0,10.0,0.1650542357022335,11.629434954007884,0.0,0.0,0.0,0.0,0.0,0.0,0.0,0.0,0.0,59640.64,0.0,0.0,0.34280101644299543,4.0,M-000-06,0,train,normal
42.0,138944.51,33670.68,4109.885476190476,7580.953311644539,22.0,10.0,12.0,0.1950620915807004,11.629434954007884,0.007581729379003285,0.007581729379003285,0.0,0.0,0.0,0.0,0.0,0.0,0.0,47965.31,363.66,0.0,0.37301236565462886,4.0,M-000-07,0,train,normal
46.0,177104.43000000002,49699.20999999999,4930.513913043477,10571.059166933388,23.0,12.0,11.0,0.219128802341973,11.629434954007884,0.008497026096498701,0.008497026096498701,0.0,0.0,0.0,0.0,0.0,0.0,0.0,71900.45,610.94,0.0,0.4598519775264034,4.0,M-000-08,0,train,normal
44.0,170114.94999999998,43393.560000000005,4852.466136363636,11916.34183632697,25.0,12.0,13.0,0.20324042353159605,11.629434954007884,0.024287700866808225,0.028640210198248816,0.0,0.0,0.0,0.0,0.0,0.0,0.0,80137.68,1946.36,0.0,0.3892125928363563,4.0,M-000-09,0,train,normal
45.0,147662.58000000002,80795.61,5076.848666666668,10454.947840080016,24.0,10.0,14.0,0.3536560015642249,11.629434954007884,0.6194112050217078,0.6498360399220079,0.0,0.0,0.0,0.0,0.0,0.0,0.0,61862.62,38318.4,0.0,0.4742633912906902,5.0,M-000-10,0,train,quick_benign
47.0,145834.6,50283.490000000005,4172.725319148937,7012.2703453179065,25.0,12.0,13.0,0.2563939410178836,11.629434954007884,0.007123700423691654,0.007123700423691654,0.0,0.0,0.0,0.0,0.0,0.0,0.0,45839.94,326.55,0.0,0.5049428748879602,4.0,M-000-11,0,train,normal
42.0,163984.78,35572.89,4751.373095238095,11038.918178304102,25.0,13.0,13.0,0.17825869584466486,11.629434954007884,0.026605342495879432,0.026605342495879432,0.0,1932.01,22.0,1.0,1.0,0.0,0.0,72617.37,1932.01,3500.0,0.21522119794034167,4.0,M-000-12,0,train,benign_cycle
42.0,149961.67000000004,34917.42,4401.883095238094,8535.128826349563,24.0,11.0,14.0,0.1888662476648928,11.629434954007884,0.0,0.0,0.0,0.0,22.0,1.0,1.0,0.0,0.0,55144.89,0.0,3500.0,0.23210162721071606,4.0,M-000-13,0,train,benign_cycle
40.0,117367.43,35259.96000000001,3815.6847499999994,5671.109479146028,22.0,10.0,12.0,0.2310198713350206,11.629434954007884,0.03952504708801199,0.05282142965506135,0.0,0.0,0.0,0.0,0.0,0.0,0.0,34276.24,1354.77,0.0,0.22508477037410135,4.0,M-000-14,0,train,normal
46.0,184052.11,48868.64,5063.494565217392,12644.284334922051,25.0,13.0,12.0,0.20980801409921612,11.629434954007884,0.006260486403740098,0.006260486403740098,0.0,0.0,0.0,0.0,0.0,0.0,0.0,87065.12,545.07,0.0,0.4451533744339929,4.0,M-001-00,0,train,normal
45.0,154584.33000000002,44029.920000000006,4413.65,7152.160642554575,25.0,12.0,14.0,0.22168560412961308,11.629434954007884,0.011150075685719608,0.011150075685719608,0.0,510.54,22.0,1.0,1.0,0.0,0.0,45788.03,510.54,3500.0,0.36718735805107067,4.0,M-001-01,0,train,benign_cycle
43.0,141195.63,41431.729999999996,4247.147906976745,8044.4031141861715,24.0,11.0,13.0,0.22686485748904212,11.629434954007884,0.009900358575485844,0.009900358575485844,0.0,0.0,0.0,0.0,0.0,0.0,0.0,52677.89,521.53,0.0,0.42303881590269105,4.0,M-001-02,0,train,normal
45.0,152782.53,37670.630000000005,4232.292444444444,9145.698802745876,20.0,11.0,9.0,0.197794722859941,11.629434954007884,0.008046068560711467,0.008046068560711467,0.0,0.0,0.0,0.0,0.0,0.0,0.0,61018.62,490.96,0.0,0.5215978601897553,4.0,M-001-03,0,train,normal
46.0,149412.8,49468.33,4323.502826086957,6465.563121952388,21.0,9.0,12.0,0.24873315029937731,11.629434954007884,0.016015452443027777,0.016015452443027777,0.0,0.0,0.0,0.0,0.0,0.0,0.0,40407.85,647.15,0.0,0.470404600276581,4.0,M-001-04,0,train,normal
43.0,127176.00999999998,56339.35999999999,4267.799302325581,5504.305439926262,26.0,10.0,16.0,0.3070007705621605,11.629434954007884,0.7770586573844845,0.7934718612410092,0.0,0.0,0.0,0.0,0.0,0.0,0.0,32253.91,25063.18,0.0,0.14125062833514615,4.0,M-001-05,1,train,split_no_return
43.0,139521.54,39659.65,4167.004418604652,7073.745863333606,21.0,9.0,12.0,0.22133824426548343,11.629434954007884,0.035925113583654134,0.04878996633450581,0.0,0.0,0.0,0.0,0.0,0.0,0.0,44799.58,1609.43,0.0,0.37579555038937557,4.0,M-001-06,0,train,normal
44.0,197397.46,46751.4,5548.837727272727,13198.172890668146,24.0,12.0,13.0,0.191487275426967,11.629434954007884,0.02150971289668074,0.02861549083187775,0.0,1914.17,22.0,1.0,1.0,0.0,0.0,88990.96,1914.17,3500.0,0.30811654838143887,4.0,M-001-07,0,train,benign_cycle
52.0,237347.19999999998,86759.66999999998,6232.824423076923,13194.130227938835,33.0,13.0,20.0,0.2676884633762931,11.629434954007884,0.035763050908641215,0.044193068854617254,0.0,0.0,0.0,0.0,0.0,0.0,0.0,66872.93,2391.58,0.0,0.1680013305721426,5.0,M-001-08,0,train,seasonal
74.0,245367.77000000002,108802.65000000001,4786.0867567567575,9843.281160672712,38.0,19.0,19.0,0.30720422671097153,11.629434954007884,0.08558584622232114,0.08558584622232114,0.0,0.0,0.0,0.0,0.0,0.0,0.0,85376.5,7307.02,0.0,0.21390361356088292,4.0,M-001-09,0,train,business
71.0,237008.49,104849.51000000001,4814.9014084507035,8687.859685826497,37.0,19.0,18.0,0.3067048599125954,11.629434954007884,0.007392542128618594,0.013440381427338366,0.0,0.0,0.0,0.0,0.0,0.0,0.0,73718.89,544.97,0.0,0.13612958229370836,4.0,M-001-10,0,train,business
43.0,181476.94000000006,44283.7,5250.247441860465,12578.358947728175,25.0,13.0,12.0,0.1961533241578337,11.629434954007884,0.0,0.023016825152728515,0.0,0.0,0.0,0.0,0.0,0.0,0.0,83846.49,0.0,0.0,0.34557387932805983,4.0,M-001-11,0,train,normal
45.0,143183.03999999998,42599.51,4128.50111111111,8167.804035585146,23.0,12.0,11.0,0.22929769238284226,11.629434954007884,0.0,0.0,0.0,0.0,0.0,0.0,0.0,0.0,0.0,54180.61,0.0,0.0,0.46166563887706685,4.0,M-001-12,0,train,normal
44.0,175228.92,42481.59,4947.966136363637,10989.022128161942,24.0,11.0,13.0,0.19512879741083694,11.629434954007884,0.007671040412275844,0.007671040412275844,0.0,0.0,0.0,0.0,0.0,0.0,0.0,73395.52,563.02,0.0,0.3709131414337364,4.0,M-001-13,0,train,normal
43.0,129056.04,38348.149999999994,3893.120697674419,7056.415375480866,23.0,12.0,11.0,0.2290752101246689,11.629434954007884,0.04034903541596591,0.050822419133310905,0.0,0.0,0.0,0.0,0.0,0.0,0.0,45665.28,1842.55,0.0,0.39433870995080605,4.0,M-002-00,0,train,normal
44.0,161391.56,43948.409999999996,4666.8175,11234.575749902238,21.0,10.0,11.0,0.2140275466096542,11.629434954007884,0.0,0.0,0.0,0.0,0.0,0.0,0.0,0.0,0.0,75667.06,0.0,0.0,0.4028473385043964,4.0,M-002-01,0,train,normal
47.0,140598.67,51066.590000000004,4077.9842553191497,7312.555926632687,21.0,11.0,10.0,0.26643633801973293,11.629434954007884,0.007585783700611898,0.007585783700611898,0.0,0.0,0.0,0.0,0.0,0.0,0.0,48970.55,371.48,0.0,0.5054081347511161,4.0,M-002-02,0,train,normal
47.0,158569.37999999998,47703.07,4388.775531914894,9684.335750827333,21.0,10.0,11.0,0.2312624395550642,11.629434954007884,0.003812111857156232,0.003812111857156232,0.0,0.0,0.0,0.0,0.0,0.0,0.0,66650.72,254.08,0.0,0.5292868991450655,4.0,M-002-03,0,train,normal
47.0,170860.54000000004,49695.65,4692.684893617022,12302.453710779995,22.0,11.0,11.0,0.22531967930711894,11.629434954007884,0.005196100959813781,0.005196100959813781,0.0,0.0,0.0,0.0,0.0,0.0,0.0,85773.93,445.69,0.0,0.4848800649553834,4.0,M-002-04,0,train,normal
46.0,181569.15000000002,44208.96000000001,4908.219782608695,12324.235189859168,20.0,12.0,8.0,0.19580711345311558,11.629434954007884,0.004978205689858567,0.004978205689858567,0.0,0.0,0.0,0.0,0.0,0.0,0.0,84411.94,420.22,0.0,0.5399045804289446,4.0,M-002-05,0,train,normal
41.0,128468.17000000001,39004.93,4084.7097560975612,7130.326991046162,22.0,12.0,10.0,0.23290265720285824,11.629434954007884,0.00714748534402962,0.00714748534402962,0.0,0.0,0.0,0.0,0.0,0.0,0.0,45374.0,324.31,0.0,0.27616508990017413,4.0,M-002-06,0,train,normal
44.0,151492.2,68491.41000000002,4999.6275000000005,8502.654797748099,24.0,10.0,14.0,0.31134778631917176,11.629434954007884,0.6306825247411821,0.6306825247411821,0.0,0.0,0.0,0.0,0.0,0.0,0.0,48570.84,30632.78,0.0,0.4384551288986457,5.0,M-002-07,0,train,quick_benign
46.0,173444.85000000003,45294.77,4755.209130434782,12917.961117293718,23.0,11.0,12.0,0.20707163155901984,11.629434954007884,0.0,0.0,0.0,0.0,0.0,0.0,0.0,0.0,0.0,89162.07,0.0,0.0,0.524952660097402,4.0,M-002-08,0,train,normal
74.0,232493.45,110846.65,4639.73108108108,8981.14320204276,35.0,16.0,19.0,0.32284795746258593,11.629434954007884,0.08101231519677216,0.0846993079988172,0.0,0.0,0.0,0.0,0.0,0.0,0.0,77713.74,6295.77,0.0,0.2092543166618026,4.0,M-002-09,0,train,business
46.0,199932.68000000002,43607.01,5294.341086956521,12581.938633745598,20.0,11.0,9.0,0.17905504437490252,11.629434954007884,0.012376376671299762,0.018126759699954476,0.0,0.0,0.0,0.0,0.0,0.0,0.0,85802.98,1061.93,0.0,0.48211468752386366,4.0,M-002-10,0,train,normal
44.0,165935.52,38112.28,4637.450000000001,8665.481662416798,21.0,10.0,11.0,0.1867811365768217,11.629434954007884,0.0,0.0,0.0,0.0,0.0,0.0,0.0,0.0,0.0,55783.62,0.0,0.0,0.3999495700598337,4.0,M-002-11,0,train,normal
45.0,144668.81,48238.78,4286.835333333334,8689.518860167012,22.0,9.0,13.0,0.25006159685059565,11.629434954007884,0.027503128985569794,0.0347654679613287,0.0,0.0,0.0,0.0,0.0,0.0,0.0,58852.94,1618.64,0.0,0.45610378206082325,4.0,M-002-12,0,train,normal
40.0,161502.19000000003,33847.37,4883.739,10923.785421090484,25.0,13.0,12.0,0.17326565772659025,11.629434954007884,0.0,0.0,0.0,0.0,0.0,0.0,0.0,0.0,0.0,69638.45,0.0,0.0,0.26721160314671416,4.0,M-002-13,0,train,normal
41.0,165554.08,33931.04,4865.490731707317,10766.803577524171,23.0,11.0,12.0,0.17009308764483289,11.629434954007884,0.009193066601888948,0.009193066601888948,0.0,0.0,0.0,0.0,0.0,0.0,0.0,69653.58,640.33,0.0,0.2801045886008799,4.0,M-002-14,0,train,normal
41.0,129077.23000000001,36143.69,4029.778536585366,5742.151585285169,23.0,10.0,13.0,0.21875976722560314,11.629434954007884,0.0,0.04638759127935317,0.0,0.0,0.0,0.0,0.0,0.0,0.0,33767.22,0.0,0.0,0.2613128321983727,4.0,M-003-00,0,train,normal
47.0,182078.49000000005,44231.49,4815.105957446809,12648.033220905048,24.0,11.0,14.0,0.19544648450766508,11.629434954007884,0.012642560540458522,0.012642560540458522,0.0,1112.35,22.0,1.0,1.0,0.0,0.0,87984.55,1112.35,3500.0,0.43613611026895094,4.0,M-003-01,0,train,benign_cycle
42.0,175556.43,37330.89,5068.745714285715,10084.86712830078,23.0,10.0,14.0,0.17535515971547763,11.629434954007884,0.0,0.040893855396711566,0.0,0.0,22.0,1.0,1.0,0.0,0.0,65510.82,0.0,3500.0,0.17403255052317262,4.0,M-003-02,0,train,benign_cycle
46.0,158182.84,44946.329999999994,4415.8515217391305,10685.068703214654,22.0,11.0,11.0,0.2212696975033177,11.629434954007884,0.007793441930325552,0.007793441930325552,0.0,0.0,0.0,0.0,0.0,0.0,0.0,73135.85,569.98,0.0,0.49457586414730637,4.0,M-003-03,0,train,normal
44.0,156440.42,37656.380000000005,4411.290909090908,10622.146934268732,25.0,13.0,13.0,0.19400824743117873,11.629434954007884,0.007599927832360098,0.007599927832360098,0.0,544.66,22.0,1.0,1.0,0.0,0.0,71666.47,544.66,3500.0,0.33556996184975824,4.0,M-003-04,0,train,benign_cycle
41.0,160529.69,31455.36,4682.562195121952,9897.457155027618,21.0,10.0,11.0,0.16384275754804864,11.629434954007884,0.009955584786659403,0.009955584786659403,0.0,0.0,0.0,0.0,0.0,0.0,0.0,63494.01,632.12,0.0,0.318877291501353,4.0,M-003-05,0,train,normal
47.0,134746.36000000002,62438.36,4195.419574468085,6099.674192845357,25.0,12.0,13.0,0.3166490790970011,11.629434954007884,0.5774459175996259,0.5895005846361161,0.0,0.0,0.0,0.0,0.0,0.0,0.0,35115.86,20277.510000000002,0.0,0.37927181303288554,5.0,M-003-06,0,train,quick_benign
44.0,178327.96000000002,36393.56,4880.034545454546,12181.952779014846,23.0,11.0,13.0,0.16949190747159387,11.629434954007884,0.0,0.0035106525460609386,0.0,0.0,22.0,1.0,1.0,0.0,0.0,82055.97,0.0,3500.0,0.30109283070960907,4.0,M-003-07,0,train,benign_cycle
45.0,149893.96,41634.909999999996,4256.197111111111,8868.204606794276,24.0,11.0,13.0,0.2173819017467184,11.629434954007884,0.0,0.007421716007978929,0.0,0.0,0.0,0.0,0.0,0.0,0.0,59456.6,0.0,0.0,0.4644945791884743,4.0,M-003-08,0,train,normal
47.0,187811.23,49945.96,5058.663617021277,12721.529664928383,20.0,11.0,9.0,0.21007129164001306,11.629434954007884,0.007002854532029321,0.007002854532029321,0.0,0.0,0.0,0.0,0.0,0.0,0.0,88368.25,618.83,0.0,0.4900656629685364,4.0,M-003-09,0,train,normal
47.0,127787.16,51985.56,3824.951489361702,6871.813230824604,24.0,12.0,12.0,0.2891737967807351,11.629434954007884,0.0,0.0,0.0,0.0,0.0,0.0,0.0,0.0,0.0,46309.24,0.0,0.0,0.516156217226476,4.0,M-003-10,0,train,normal
47.0,174071.84999999998,55304.70999999999,4880.352340425533,10175.500592580034,24.0,12.0,12.0,0.24110881251336225,11.629434954007884,0.025868510794396966,0.03267701473838666,0.0,0.0,0.0,0.0,0.0,0.0,0.0,69922.85,1808.8,0.0,0.48224789534200624,4.0,M-003-11,0,train,normal
46.0,141904.78999999998,46981.67,4106.227391304347,8261.111035358863,20.0,10.0,10.0,0.2487296866064407,11.629434954007884,0.009201262785723351,0.009201262785723351,0.0,0.0,0.0,0.0,0.0,0.0,0.0,55854.29,513.93,0.0,0.47295530363224636,4.0,M-003-12,0,train,normal
40.0,177304.1,28453.209999999995,5143.93275,12706.955640559225,20.0,7.0,13.0,0.13828529348483412,11.629434954007884,0.01807114384423451,0.022208440772625786,0.0,0.0,0.0,0.0,0.0,0.0,0.0,81526.66,1473.28,0.0,0.2474655759402894,4.0,M-003-13,0,train,normal
71.0,217941.27000000002,90895.31999999999,4349.811126760563,6901.0587972854055,34.0,16.0,18.0,0.29431525584452284,11.629434954007884,0.008578994738361202,0.008578994738361202,0.0,0.0,0.0,0.0,0.0,0.0,0.0,56231.53,482.41,0.0,0.17595152313672477,4.0,M-004-00,0,train,business
48.0,186894.28999999998,54738.65,5034.019583333334,11983.958758740084,24.0,10.0,14.0,0.2265363737245427,11.629434954007884,0.0,0.029482557318079066,0.0,0.0,0.0,0.0,0.0,0.0,0.0,83799.04,0.0,0.0,0.5111859718864094,4.0,M-004-01,0,train,normal
43.0,190144.38000000003,38554.53,5318.579302325582,13365.622374123708,26.0,13.0,13.0,0.16858204527516113,11.629434954007884,0.0,0.006243580971198213,0.0,0.0,0.0,0.0,0.0,0.0,0.0,88915.32,0.0,0.0,0.398701527421032,4.0,M-004-02,0,train,normal
45.0,172877.81,96381.51000000001,5983.540444444445,10622.899745963268,25.0,11.0,14.0,0.35795050659713473,11.629434954007884,0.9108202190552579,0.9108202190552579,0.0,0.0,0.0,0.0,0.0,0.0,0.0,66913.71,60946.36000000001,0.0,0.2014035679665114,4.0,M-004-03,1,train,split_no_return
40.0,145792.46000000002,31483.51,4431.8992499999995,8382.259786548131,24.0,11.0,13.0,0.17759603853810532,11.629434954007884,0.0,0.03768299622565517,0.0,0.0,0.0,0.0,0.0,0.0,0.0,52438.24,0.0,0.0,0.27980361783041346,4.0,M-004-04,0,train,normal
47.0,125240.01000000001,53028.30999999999,3792.942978723404,6861.050025444717,21.0,10.0,11.0,0.297463452844566,11.629434954007884,0.01308550293632002,0.01308550293632002,0.0,0.0,0.0,0.0,0.0,0.0,0.0,46917.57,613.94,0.0,0.49809695990688757,4.0,M-004-05,0,train,normal
43.0,134771.89,40847.13,4084.163255813953,7015.443685397578,23.0,10.0,13.0,0.2325894427608126,11.629434954007884,0.009869124892017604,0.009869124892017604,0.0,0.0,0.0,0.0,0.0,0.0,0.0,45053.64,444.64,0.0,0.4032745997087189,4.0,M-004-06,0,train,normal
47.0,160943.96,44906.41,4379.79510638298,10005.341954040792,25.0,13.0,12.0,0.2181507373535447,11.629434954007884,0.008516361223900084,0.008516361223900084,0.0,0.0,0.0,0.0,0.0,0.0,0.0,68764.11,585.62,0.0,0.5356504784060894,4.0,M-004-07,0,train,normal
41.0,160317.81000000003,34240.07,4745.314146341464,11137.979391816614,21.0,12.0,9.0,0.17598911953604754,11.629434954007884,0.03213765894423453,0.04008755410672332,0.0,0.0,0.0,0.0,0.0,0.0,0.0,72202.21,2320.41,0.0,0.2886901224208946,4.0,M-004-08,0,train,normal
47.0,153777.06,64943.55999999999,4653.630212765957,8073.786839496282,23.0,12.0,12.0,0.29692472524995583,11.629434954007884,0.5112217036889302,0.5339735771402234,0.0,6193.57,45.958333333333336,1.0,1.0,0.0,0.0,49989.29,25555.61,6193.57,0.3935049141131161,4.0,M-004-09,1,train,partial
45.0,143242.2,40337.09,4079.539777777778,6109.460944742267,26.0,13.0,13.0,0.2197257108903733,11.629434954007884,0.011360680617919063,0.011360680617919063,0.0,0.0,0.0,0.0,0.0,0.0,0.0,36562.07,415.37,0.0,0.4573024479455509,4.0,M-004-10,0,train,normal
42.0,147866.16,36054.85,4379.071666666667,8952.415874976861,23.0,12.0,12.0,0.19603442804060284,11.629434954007884,0.004707135213740877,0.004707135213740877,0.0,274.49,22.0,1.0,1.0,0.0,0.0,58313.6,274.49,3500.0,0.2111516203783957,4.0,M-004-11,0,train,benign_cycle
43.0,170731.96,41933.06,4945.698139534883,11450.753019330774,23.0,10.0,13.0,0.19717892486502955,11.629434954007884,0.0,0.0,0.0,0.0,0.0,0.0,0.0,0.0,0.0,75957.44,0.0,0.0,0.35000546108488145,4.0,M-004-12,0,train,normal
48.0,174714.21,51171.549999999996,4705.953333333333,11143.241054687838,22.0,12.0,11.0,0.22653729920823695,11.629434954007884,0.004460007504351446,0.004460007504351446,0.0,347.56,22.0,1.0,1.0,0.0,0.0,77928.12,347.56,3500.0,0.47421897519226996,4.0,M-005-00,0,train,benign_cycle
46.0,138212.91,50262.51,4097.291739130434,7323.18527705471,24.0,12.0,12.0,0.2666793898111489,11.629434954007884,0.012355926920941944,0.012355926920941944,0.0,0.0,0.0,0.0,0.0,0.0,0.0,48802.49,603.0,0.0,0.42983030493304053,4.0,M-005-01,0,train,normal
48.0,127699.97000000002,53713.619999999995,3779.4497916666674,5834.009651624862,23.0,10.0,13.0,0.2960837718938255,11.629434954007884,0.05489567467050939,0.05489567467050939,0.0,0.0,0.0,0.0,0.0,0.0,0.0,38347.83,2105.13,0.0,0.5319122040182732,4.0,M-005-02,0,train,normal
44.0,172890.18000000002,41634.67,4875.564772727273,11312.893186265092,24.0,11.0,13.0,0.1940785414836556,11.629434954007884,0.03289391318128393,0.04078551524676114,0.0,0.0,0.0,0.0,0.0,0.0,0.0,75721.0,2490.76,0.0,0.42566111368241905,4.0,M-005-03,0,train,normal
49.0,169190.25,111961.81000000001,5737.797142857143,12437.599713735533,26.0,12.0,14.0,0.3982251099280582,11.629434954007884,0.7480527768384078,0.7515501186452013,0.0,0.0,0.0,0.0,0.0,0.0,0.0,84335.48,63087.39,0.0,0.19951410217466115,4.0,M-005-04,1,train,split_no_return
48.0,180674.77999999997,54129.229999999996,4891.750208333334,10501.061636287957,21.0,11.0,10.0,0.23052941046449757,11.629434954007884,0.032343488391878485,0.04023614647976051,0.0,0.0,0.0,0.0,0.0,0.0,0.0,72639.66,2349.42,0.0,0.5189333009170831,4.0,M-005-05,0,train,normal
48.0,176929.68,52513.82,4780.072916666666,11675.489430281204,23.0,12.0,12.0,0.22887473386694332,11.629434954007884,0.0,0.006234530794822061,0.0,0.0,22.0,1.0,1.0,0.0,0.0,82179.4,0.0,3500.0,0.42821965722546945,4.0,M-005-06,0,train,benign_cycle
43.0,162429.07,81000.09999999999,5661.143488372093,13892.559333521764,22.0,11.0,11.0,0.3327460714753289,11.629434954007884,0.6373613332748284,0.6373613332748284,0.0,0.0,0.0,0.0,0.0,0.0,0.0,80221.12,51129.84,0.0,0.6271693491736431,5.0,M-005-07,0,train,quick_benign
41.0,132869.36000000002,34567.38,4083.822926829269,6185.94814519411,22.0,11.0,11.0,0.2064503883675709,11.629434954007884,0.010960822833903584,0.010960822833903584,0.0,0.0,0.0,0.0,0.0,0.0,0.0,37296.47,408.8,0.0,0.270811383448789,4.0,M-005-08,0,train,normal
44.0,141175.35,43809.99999999999,4204.212500000001,8830.865938156432,22.0,10.0,12.0,0.23682956515205114,11.629434954007884,0.03089438778808821,0.03982652606362525,0.0,0.0,0.0,0.0,0.0,0.0,0.0,58775.4,1815.83,0.0,0.42564460168911217,4.0,M-005-09,0,train,normal
41.0,188689.61999999997,36084.590000000004,5482.297804878049,13547.270550601428,24.0,11.0,13.0,0.16053705627527287,11.629434954007884,0.01860912602426739,0.02528130852207251,0.0,0.0,0.0,0.0,0.0,0.0,0.0,88182.54,1641.0,0.0,0.2797961678378499,4.0,M-005-10,0,train,normal
42.0,168601.82000000004,35677.469999999994,4863.792619047619,10198.670220063019,21.0,10.0,12.0,0.17465045037115604,11.629434954007884,0.00562434340191417,0.00562434340191417,0.0,371.92,22.0,1.0,1.0,0.0,0.0,66126.83,371.92,3500.0,0.2293822964464689,4.0,M-005-11,0,train,benign_cycle
40.0,141413.93000000002,28923.71,4258.441000000001,6877.791342404842,24.0,11.0,13.0,0.16980222339583897,11.629434954007884,0.008763430562451888,0.008763430562451888,0.0,0.0,0.0,0.0,0.0,0.0,0.0,40983.95,359.16,0.0,0.24789869625991962,4.0,M-006-00,0,train,normal
43.0,171291.48000000004,39626.05,4905.058837209303,10039.574256563481,23.0,12.0,12.0,0.18787461620662824,11.629434954007884,0.0,0.03347198246202069,0.0,0.0,22.0,1.0,1.0,0.0,0.0,65904.97,0.0,3500.0,0.24197087521971025,4.0,M-006-01,0,train,benign_cycle
48.0,177057.25999999998,52291.48,4778.09875,10730.079795203377,19.0,10.0,9.0,0.22799985733516567,11.629434954007884,0.0,0.004241878834593091,0.0,0.0,0.0,0.0,0.0,0.0,0.0,74339.7,0.0,0.0,0.5573542764519192,4.0,M-006-02,0,train,normal
43.0,124411.34,40576.39,3836.9239534883723,5680.050391417537,22.0,10.0,12.0,0.2459358038322001,11.629434954007884,0.0494141190223726,0.0494141190223726,0.0,0.0,0.0,0.0,0.0,0.0,0.0,34969.56,1727.99,0.0,0.34914219820935277,4.0,M-006-03,0,train,normal
46.0,135924.86000000002,49404.6,4028.9013043478258,6166.983920004843,22.0,10.0,12.0,0.2665771540045495,11.629434954007884,0.00804853025682612,0.00804853025682612,0.0,0.0,0.0,0.0,0.0,0.0,0.0,39485.47,317.8,0.0,0.5000961448933905,4.0,M-006-04,0,train,normal
46.0,167416.62,46155.64,4642.875217391305,9255.013469922253,22.0,10.0,12.0,0.21611252322750152,11.629434954007884,0.0,0.010332621033730411,0.0,0.0,0.0,0.0,0.0,0.0,0.0,62352.04,0.0,0.0,0.4503932780479266,4.0,M-006-05,0,train,normal
42.0,170346.36000000002,36850.45,4933.257380952382,9312.165034069058,23.0,11.0,12.0,0.17785240033376956,11.629434954007884,0.0,0.0,0.0,0.0,0.0,0.0,0.0,0.0,0.0,59063.94,0.0,0.0,0.3339145112203515,4.0,M-006-06,0,train,normal
76.0,226437.98,119200.53,4547.875131578948,7806.42041454517,39.0,20.0,19.0,0.3448705122586022,11.629434954007884,0.11347136696979064,0.11347136696979064,0.0,0.0,0.0,0.0,0.0,0.0,0.0,67584.01,7668.849999999999,0.0,0.2300443630577817,4.0,M-006-07,0,train,business
48.0,138970.81,55216.73,4045.5737499999996,7259.38947139313,22.0,11.0,12.0,0.28434744062363637,11.629434954007884,0.024282680558186474,0.03226652523909317,0.0,1216.53,22.0,1.0,1.0,0.0,0.0,50098.67,1216.53,3500.0,0.40503448864139546,4.0,M-006-08,0,train,benign_cycle
48.0,129328.05999999998,48925.76,3713.62125,5110.193061293699,24.0,11.0,13.0,0.2744724348684365,11.629434954007884,0.07114041090702393,0.08888385385552192,0.0,0.0,0.0,0.0,0.0,0.0,0.0,30365.02,2160.18,0.0,0.5647581151524269,4.0,M-006-09,0,train,normal
42.0,137062.32,37733.14,4161.796666666666,6115.212266167002,26.0,14.0,13.0,0.21587025200768944,11.629434954007884,0.007853125994229803,0.007853125994229803,0.0,289.29,22.0,1.0,1.0,0.0,0.0,36837.56,289.29,3500.0,0.19006422471069198,4.0,M-006-10,0,train,benign_cycle
41.0,190461.84,35344.5,5507.471707317073,13173.69243793078,24.0,11.0,13.0,0.1565257202255703,11.629434954007884,0.007571594673104072,0.007571594673104072,0.0,0.0,0.0,0.0,0.0,0.0,0.0,85550.01,647.75,0.0,0.27018715783219455,4.0,M-006-11,0,train,normal
43.0,137204.89,37896.88,4072.1341860465113,5968.001229399397,22.0,11.0,11.0,0.2164277379948815,11.629434954007884,0.039301052187171504,0.048884983975433276,0.0,0.0,0.0,0.0,0.0,0.0,0.0,35055.55,1377.72,0.0,0.4369805640992082,4.0,M-006-12,0,train,normal
43.0,112936.76000000001,40602.97000000001,3570.691395348837,6163.797080765923,23.0,12.0,11.0,0.2644460166759445,11.629434954007884,0.009306121556070036,0.009306121556070036,0.0,0.0,0.0,0.0,0.0,0.0,0.0,40226.21,374.35,0.0,0.4154306938630351,4.0,M-006-13,0,train,normal
45.0,164613.8,44181.119999999995,4639.88711111111,11218.347360312457,22.0,11.0,11.0,0.21160055043484777,11.629434954007884,0.0054259740058964475,0.0054259740058964475,0.0,0.0,0.0,0.0,0.0,0.0,0.0,76327.31,414.15,0.0,0.437973731765967,4.0,M-006-14,0,train,normal
45.0,156571.36,42286.97,4419.073999999999,10042.747697719296,24.0,12.0,12.0,0.21264872333987725,11.629434954007884,0.0,0.0,0.0,0.0,0.0,0.0,0.0,0.0,0.0,67928.95,0.0,0.0,0.426777799402511,4.0,M-007-00,0,val,normal
47.0,168389.55,45442.630000000005,4549.62085106383,10266.666840423239,26.0,13.0,13.0,0.2125153940814708,11.629434954007884,0.010647264008460508,0.018576294919496954,0.0,0.0,0.0,0.0,0.0,0.0,0.0,70501.68,750.65,0.0,0.5517048639130262,4.0,M-007-01,0,val,normal
46.0,158595.13,41397.740000000005,4347.671086956522,9917.127137117543,26.0,12.0,15.0,0.206996079410231,11.629434954007884,0.02063840806338078,0.028184688174684537,0.0,1397.95,22.0,1.0,1.0,0.0,0.0,67735.36,1397.95,3500.0,0.3938686024889281,4.0,M-007-02,0,val,benign_cycle
47.0,160511.40000000002,46144.8,4396.940425531914,9221.685237355447,24.0,13.0,12.0,0.22329259901227258,11.629434954007884,0.0,0.0,0.0,0.0,22.0,1.0,1.0,0.0,0.0,63315.58,0.0,3500.0,0.4006650803557497,4.0,M-007-03,0,val,benign_cycle
44.0,121581.42,44071.439999999995,3764.8377272727275,5510.511069577876,22.0,11.0,11.0,0.26604696109683823,11.629434954007884,0.0,0.0,0.0,0.0,0.0,0.0,0.0,0.0,0.0,34458.66,0.0,0.0,0.3936032042520054,4.0,M-007-04,0,val,normal
48.0,160202.68,51024.09,4400.557708333333,10334.306479279994,22.0,10.0,12.0,0.24156071694889808,11.629434954007884,0.015490850567419848,0.020109711947416085,0.0,0.0,0.0,0.0,0.0,0.0,0.0,72374.98,1121.15,0.0,0.5328457597185957,4.0,M-007-05,0,val,normal
45.0,128586.05000000002,40515.14,3757.804222222223,6662.5587582097705,22.0,12.0,11.0,0.23959109927020616,11.629434954007884,0.0,0.0,0.0,0.0,22.0,1.0,1.0,0.0,0.0,43682.24,0.0,3500.0,0.34261562467758966,4.0,M-007-06,0,val,benign_cycle
44.0,184649.16000000003,43506.02,5185.345,12531.141802204853,24.0,13.0,11.0,0.19068609356140848,11.629434954007884,0.011354399219779052,0.015125150550470097,0.0,0.0,0.0,0.0,0.0,0.0,0.0,84232.55,956.41,0.0,0.38969135765579105,4.0,M-007-07,0,val,normal
48.0,160987.64,49680.94,4388.92875,7651.780839806896,24.0,13.0,12.0,0.23582510500616655,11.629434954007884,0.03540254815853388,0.045503279052000814,0.0,1805.89,22.0,1.0,1.0,0.0,0.0,51010.17,1805.89,3500.0,0.4602181440206244,4.0,M-007-08,0,val,benign_cycle
46.0,192069.95000000004,95646.76,6254.711086956522,14499.461646448064,24.0,12.0,12.0,0.3324338026804213,11.629434954007884,0.5819532260301863,0.5868215805511927,0.0,0.0,0.0,0.0,0.0,0.0,0.0,89391.6,52021.73,0.0,0.5195090769410277,5.0,M-007-09,0,val,quick_benign
48.0,144159.11,51770.73,4081.8716666666664,6792.540325464992,25.0,13.0,13.0,0.2642309614502824,11.629434954007884,0.007235252384997602,0.007235252384997602,0.0,328.59,22.0,1.0,1.0,0.0,0.0,45415.14,328.59,3500.0,0.39972142560091384,4.0,M-007-10,0,val,benign_cycle
47.0,136103.93000000005,51068.52999999999,3982.3927659574465,6875.409837775924,21.0,11.0,10.0,0.272842115768527,11.629434954007884,0.0,0.04059932910726696,0.0,0.0,0.0,0.0,0.0,0.0,0.0,46129.58,0.0,0.0,0.4388924059494175,4.0,M-007-11,0,val,normal
45.0,149927.03999999998,44950.36,4330.608888888889,10221.096377710439,21.0,10.0,11.0,0.23065968655164734,11.629434954007884,0.004986035751737858,0.004986035751737858,0.0,0.0,0.0,0.0,0.0,0.0,0.0,69889.19,348.47,0.0,0.44266052596686656,4.0,M-008-00,0,test,normal
41.0,138967.05,68100.18000000002,5050.420243902438,8887.801020703982,21.0,10.0,11.0,0.32887956244935534,11.629434954007884,0.8970709118555039,0.8970709118555039,0.0,0.0,0.0,0.0,0.0,0.0,0.0,43406.0,38938.26,0.0,0.5717791054296771,4.0,M-008-01,1,test,classic
41.0,148389.31,38169.98000000001,4550.226585365855,9457.83956108154,23.0,12.0,11.0,0.2045997280542824,11.629434954007884,0.02021280033582186,0.02491995342626102,0.0,0.0,0.0,0.0,0.0,0.0,0.0,61270.58,1238.45,0.0,0.27162733645655557,4.0,M-008-02,0,test,normal
40.0,128005.73999999999,30832.74,3970.9619999999995,5939.510310292929,23.0,10.0,13.0,0.1941137940881832,11.629434954007884,0.014942893617703646,0.014942893617703646,0.0,0.0,0.0,0.0,0.0,0.0,0.0,33674.87,503.2,0.0,0.2277102197209849,4.0,M-008-03,0,test,normal
57.0,162518.02000000002,93948.34,4499.409824561404,10862.054633607395,38.0,10.0,28.0,0.366318374074479,11.629434954007884,0.8591243704846316,0.8591243704846316,0.0,0.0,0.0,0.0,0.0,0.0,0.0,63395.99,54465.04,0.0,0.5761037395658082,4.0,M-008-04,1,test,camouflaged
43.0,168556.72,37964.46,4802.818139534884,9984.540999825973,20.0,9.0,11.0,0.18382840927017752,11.629434954007884,0.007452406815792462,0.007452406815792462,0.0,0.0,0.0,0.0,0.0,0.0,0.0,65242.01,486.21,0.0,0.36935913219890393,4.0,M-008-05,0,test,normal
44.0,181940.45,93737.9,6265.4170454545465,13285.062614763583,23.0,12.0,12.0,0.3400263386660577,12.220762155059132,0.012852658805636134,0.8974576341209876,0.0,886.63,41.0,1.0,1.0,0.0,0.0,68984.17,886.63,10100.630000000001,0.6475349885158511,4.0,M-008-06,1,test,delayed
44.0,134774.33999999997,37959.48,3925.7686363636367,7226.611870737839,23.0,10.0,13.0,0.21975708057634574,11.629434954007884,0.0,0.0,0.0,0.0,0.0,0.0,0.0,0.0,0.0,46739.04,0.0,0.0,0.4608171660939507,4.0,M-008-07,0,test,normal
43.0,181482.56,43059.81,5221.915581395349,12493.158865935166,23.0,11.0,12.0,0.19176697030498072,11.629434954007884,0.007707456081991858,0.007707456081991858,0.0,0.0,0.0,0.0,0.0,0.0,0.0,83497.07,643.55,0.0,0.3624228718148083,4.0,M-008-08,0,test,normal
44.0,188709.84,39450.72000000001,5185.467272727273,13297.2946021024,22.0,10.0,13.0,0.17290771025456814,11.629434954007884,0.00829197958979704,0.014860018953861092,0.0,743.37,22.0,1.0,1.0,0.0,0.0,89649.28,743.37,3500.0,0.32166409130175566,4.0,M-008-09,0,test,benign_cycle
41.0,155197.58000000002,39789.83999999999,4755.790731707318,9122.426536507837,18.0,9.0,9.0,0.20406362625855548,11.629434954007884,0.006426335470440887,0.006426335470440887,0.0,0.0,0.0,0.0,0.0,0.0,0.0,58616.61,376.69,0.0,0.2579100594523628,4.0,M-008-10,0,test,normal
42.0,158869.09999999998,32156.249999999996,4548.222619047619,10366.650026834002,23.0,11.0,12.0,0.16833498800028368,11.629434954007884,0.0,0.007501953201904087,0.0,0.0,0.0,0.0,0.0,0.0,0.0,67555.74,0.0,0.0,0.34987319727891164,4.0,M-008-11,0,test,normal
43.0,178594.41,43347.95,5161.45023255814,12257.512207212565,20.0,9.0,11.0,0.19531174670756854,11.629434954007884,0.0,0.0,0.0,0.0,0.0,0.0,0.0,0.0,0.0,81556.67,0.0,0.0,0.32849996366610185,4.0,M-008-12,0,test,normal
45.0,150874.41,43005.869999999995,4308.4506666666675,9178.736599618198,24.0,11.0,13.0,0.22181662828215426,11.629434954007884,0.0,0.008169606146838254,0.0,0.0,0.0,0.0,0.0,0.0,0.0,61679.84,0.0,0.0,0.4570676049571838,4.0,M-008-13,0,test,normal
43.0,116771.56,41513.090000000004,3681.038372093023,5570.199988890186,22.0,11.0,11.0,0.26226857752789046,11.629434954007884,0.049875630298315425,0.06010963552974848,0.0,0.0,0.0,0.0,0.0,0.0,0.0,34912.04,1741.26,0.0,0.3569772811419241,4.0,M-009-00,0,test,normal
44.0,122231.76999999999,37941.96,3640.3120454545456,5391.937598087613,24.0,12.0,12.0,0.23688004268864812,11.629434954007884,0.0,0.0,0.0,0.0,0.0,0.0,0.0,0.0,0.0,31977.5,0.0,0.0,0.4916986365490871,4.0,M-009-01,0,test,normal
48.0,143958.96000000002,51322.84,4068.370833333334,8280.917027577329,22.0,10.0,12.0,0.26281425099522837,11.629434954007884,0.00877429407125533,0.00877429407125533,0.0,0.0,0.0,0.0,0.0,0.0,0.0,57249.05,502.32,0.0,0.5468105428304435,4.0,M-009-02,0,test,normal
40.0,123249.91,31432.27,3867.0544999999997,6879.136514639738,22.0,11.0,11.0,0.203205501758509,11.629434954007884,0.0,0.0,0.0,0.0,0.0,0.0,0.0,0.0,0.0,43008.69,0.0,0.0,0.2684152305894547,4.0,M-009-03,0,test,normal
65.0,191366.44999999998,122002.23999999996,4821.056769230769,13497.598030474119,39.0,12.0,28.0,0.3893249194742461,11.629434954007884,0.8286095828596318,0.8338419473194644,0.0,9904.529999999999,47.541666666666664,1.0,1.0,0.0,0.0,86693.12,71834.75,9904.529999999999,0.5718658936098224,4.0,M-009-04,1,test,camouflaged
49.0,193452.5,74096.9,5460.191836734693,11121.523377308115,30.0,12.0,18.0,0.2769466124760512,11.629434954007884,0.011637057989532615,0.011637057989532615,0.0,0.0,0.0,0.0,0.0,0.0,0.0,32846.79,382.24,0.0,0.1003979923586547,5.0,M-009-05,0,test,seasonal
44.0,146986.6,45443.81000000001,4373.418409090909,7080.103547850241,23.0,12.0,12.0,0.23615711258942915,11.629434954007884,0.055448755148987686,0.06223810368725995,0.0,2493.8,22.0,1.0,1.0,0.0,0.0,44974.86,2493.8,3500.0,0.30362925115653805,4.0,M-009-06,0,test,benign_cycle
46.0,180218.13999999998,46601.58,4930.86347826087,10986.961957952157,21.0,11.0,10.0,0.20545647441941997,11.629434954007884,0.02335770623516282,0.02335770623516282,0.0,0.0,0.0,0.0,0.0,0.0,0.0,74727.8,1745.47,0.0,0.4775355256195176,4.0,M-009-07,0,test,normal
45.0,130901.61,40503.659999999996,3809.006000000001,6222.323311967573,22.0,12.0,10.0,0.23630346954909837,11.629434954007884,0.0,0.0071177204410788645,0.0,0.0,0.0,0.0,0.0,0.0,0.0,39398.85,0.0,0.0,0.46223600533877685,4.0,M-009-08,0,test,normal
42.0,177530.67,34937.020000000004,5058.754523809524,12206.508433537805,25.0,13.0,12.0,0.16443450766561263,11.629434954007884,0.0,0.0,0.0,0.0,0.0,0.0,0.0,0.0,0.0,80176.9,0.0,0.0,0.3493864101746514,4.0,M-009-09,0,test,normal
46.0,156104.77,47518.719999999994,4426.597608695652,8447.648771849294,24.0,10.0,14.0,0.23336561022502852,11.629434954007884,0.007965812268299373,0.007965812268299373,0.0,0.0,0.0,0.0,0.0,0.0,0.0,56511.5,450.16,0.0,0.47336102487609105,4.0,M-009-10,0,test,normal
47.0,121402.00999999998,49589.420000000006,3638.1155319148943,5060.008221254278,24.0,11.0,13.0,0.2900111426636996,11.629434954007884,0.0,0.012929536440356881,0.0,0.0,0.0,0.0,0.0,0.0,0.0,31276.45,0.0,0.0,0.5045408879555356,4.0,M-009-11,0,test,normal
40.0,140944.30000000002,30070.840000000004,4275.3785,8482.496939577271,23.0,11.0,12.0,0.17583729721239888,11.629434954007884,0.0,0.0,0.0,0.0,0.0,0.0,0.0,0.0,0.0,53333.53,0.0,0.0,0.21421882461547462,4.0,M-009-12,0,test,normal
42.0,165122.31,40206.21000000001,4888.774285714286,11635.600140137887,25.0,11.0,14.0,0.1958140544723159,11.629434954007884,0.0,0.004809445384141822,0.0,0.0,0.0,0.0,0.0,0.0,0.0,76815.51,0.0,0.0,0.2973015859987797,4.0,M-010-00,0,train,normal
52.0,215317.08,82749.74999999999,5732.054423076922,11627.803794883097,33.0,12.0,21.0,0.27762146495804313,11.629434954007884,0.0457022469560951,0.05987500081307084,0.0,0.0,0.0,0.0,0.0,0.0,0.0,43046.68,1967.33,0.0,0.20363638560841577,5.0,M-010-01,0,train,seasonal
48.0,187734.58,55691.05,5071.3672916666665,12565.961611105868,22.0,12.0,10.0,0.22878055199035535,11.629434954007884,0.005759403755761697,0.005759403755761697,0.0,0.0,0.0,0.0,0.0,0.0,0.0,88318.17,508.66,0.0,0.5335947158475195,4.0,M-010-02,0,train,normal
42.0,151782.55999999997,71859.20999999999,5324.804047619049,10758.121828631449,22.0,10.0,12.0,0.32131390303340907,11.629434954007884,0.6534745269976072,0.6534745269976072,0.0,0.0,0.0,0.0,0.0,0.0,0.0,60815.76,39741.55,0.0,0.5437783131765574,5.0,M-010-03,0,train,quick_benign
44.0,164933.49,40836.02,4676.579772727273,8796.559198920413,22.0,11.0,11.0,0.19845515499356534,11.629434954007884,0.021477223415899072,0.021477223415899072,0.0,0.0,0.0,0.0,0.0,0.0,0.0,56920.3,1222.49,0.0,0.44932023248103026,4.0,M-010-04,0,train,normal
48.0,177004.29000000004,53375.73000000001,4799.583750000001,11886.104001114532,25.0,12.0,13.0,0.23168558627610158,11.629434954007884,0.0,0.0,0.0,0.0,0.0,0.0,0.0,0.0,0.0,83358.62,0.0,0.0,0.49519172852530535,4.0,M-010-05,0,train,normal
41.0,153019.38,36218.88,4615.567317073171,10309.965564080794,21.0,10.0,11.0,0.1913930090035704,11.629434954007884,0.0,0.0,0.0,0.0,0.0,0.0,0.0,0.0,0.0,67119.69,0.0,0.0,0.22166174105880693,4.0,M-010-06,0,train,normal
48.0,164821.26,54756.25,4574.531458333334,8732.616839390124,23.0,10.0,13.0,0.24937093967410415,11.629434954007884,0.0,0.0,0.0,0.0,0.0,0.0,0.0,0.0,0.0,59879.75,0.0,0.0,0.5322079214701518,4.0,M-010-07,0,train,normal
41.0,148401.41999999998,33899.009999999995,4446.351951219513,8230.329096332222,23.0,11.0,12.0,0.18595134416303896,11.629434954007884,0.006517394389430101,0.006517394389430101,0.0,0.0,0.0,0.0,0.0,0.0,0.0,52257.08,340.58,0.0,0.27322154835790197,4.0,M-010-08,0,train,normal
46.0,146668.23999999996,49695.00000000001,4268.766086956522,7316.512986267992,21.0,10.0,11.0,0.25307689972929764,11.629434954007884,0.0,0.0,0.0,0.0,0.0,0.0,0.0,0.0,0.0,48222.31,0.0,0.0,0.4327608411308984,4.0,M-010-09,0,train,normal
41.0,125567.1,36089.77,3942.850487804878,7175.739882742763,23.0,11.0,12.0,0.22324921916402315,11.629434954007884,0.030589601713421,0.039298997114472635,0.0,0.0,0.0,0.0,0.0,0.0,0.0,45821.78,1401.67,0.0,0.26933782066219875,4.0,M-010-10,0,train,normal
40.0,116865.22,31244.709999999995,3702.7482499999996,7002.503183036009,22.0,12.0,10.0,0.21095621340176177,11.629434954007884,0.02570575815825369,0.02570575815825369,0.0,0.0,0.0,0.0,0.0,0.0,0.0,44427.4,1142.04,0.0,0.24828106901936361,4.0,M-010-11,0,train,normal
48.0,157200.44000000003,53060.02,4380.42625,8132.692468712731,21.0,10.0,11.0,0.2523537711274863,11.629434954007884,0.007803358900790465,0.007803358900790465,0.0,0.0,0.0,0.0,0.0,0.0,0.0,55287.73,431.43,0.0,0.5382250138616609,4.0,M-010-12,0,train,normal
46.0,165635.62000000002,45241.26,4584.280000000002,11570.153668584566,25.0,12.0,13.0,0.2145387393819559,11.629434954007884,0.02618998541058252,0.031975599713327224,0.0,0.0,0.0,0.0,0.0,0.0,0.0,79756.44,2088.82,0.0,0.5021973304899112,4.0,M-010-13,0,train,normal
43.0,165897.53,74076.95000000001,5580.801860465116,10725.333925845367,19.0,9.0,10.0,0.30868678202782235,11.629434954007884,0.6694645318013394,0.6736191161768572,0.0,0.0,0.0,0.0,0.0,0.0,0.0,60525.91,40519.950000000004,0.0,0.5329763171944849,5.0,M-010-14,0,train,quick_benign
65.0,161784.61,94911.32,3949.1681538461544,9536.596953171002,42.0,14.0,29.0,0.36974220822277937,11.629434954007884,0.7392537081330385,0.7657366549470134,0.0,8501.48,47.833333333333336,1.0,1.0,0.0,0.0,62826.09,46444.420000000006,8501.48,0.480709361117304,4.0,M-011-00,1,train,camouflaged
43.0,145907.36999999997,40392.50000000001,4332.55511627907,7067.916201465366,25.0,14.0,12.0,0.21681442933910802,11.629434954007884,0.0,0.0,0.0,0.0,22.0,1.0,1.0,0.0,0.0,45112.96,0.0,3500.0,0.2828275051061459,4.0,M-011-01,0,train,benign_cycle
47.0,110290.56,48446.04,3377.3744680851064,5310.47055297475,24.0,11.0,13.0,0.30519766707866997,11.629434954007884,0.0,0.0,0.0,0.0,0.0,0.0,0.0,0.0,0.0,34790.63,0.0,0.0,0.47558458854428554,4.0,M-011-02,0,train,normal
48.0,146979.74,83998.64000000001,4812.049583333333,9184.547495209901,22.0,9.0,13.0,0.36366451266997374,11.629434954007884,0.6257598245305105,0.6356902857891159,0.0,0.0,0.0,0.0,0.0,0.0,0.0,56050.77,35074.32,0.0,0.4053741822486649,4.0,M-011-03,1,train,partial
41.0,139211.72999999998,55586.11,4751.1668292682925,6617.5238850942105,20.0,10.0,10.0,0.28535280473335844,11.629434954007884,0.7239618384308812,0.7239618384308812,0.0,0.0,0.0,0.0,0.0,0.0,0.0,33195.7,24032.420000000002,0.0,0.4238832326996798,5.0,M-011-04,0,train,quick_benign
41.0,127125.38,35237.04,3960.0590243902443,5550.077708482483,23.0,9.0,14.0,0.21702706820950315,11.629434954007884,0.01172414213457212,0.01172414213457212,0.0,0.0,0.0,0.0,0.0,0.0,0.0,31172.43,365.47,0.0,0.291371522693166,4.0,M-011-05,0,train,normal
44.0,173897.91,37976.03,4815.316818181819,11156.579240589337,22.0,12.0,11.0,0.17923879642772486,11.629434954007884,0.0,0.0,0.0,0.0,22.0,1.0,1.0,0.0,0.0,74833.58,0.0,3500.0,0.31290132222878486,4.0,M-011-06,0,train,benign_cycle
45.0,132916.61000000002,46906.229999999996,3996.063111111111,6353.751223701133,23.0,11.0,12.0,0.26084689798025656,11.629434954007884,0.05564669159051522,0.05564669159051522,0.0,0.0,0.0,0.0,0.0,0.0,0.0,40836.39,2272.41,0.0,0.4468434150431617,4.0,M-011-07,0,train,normal
40.0,120936.43000000001,36197.09,3928.3380000000006,5464.12160624798,22.0,10.0,12.0,0.23035880568321765,11.629434954007884,0.019044466477072895,0.019044466477072895,0.0,0.0,0.0,0.0,0.0,0.0,0.0,31418.05,598.34,0.0,0.21752908866430978,4.0,M-011-08,0,train,normal
47.0,151528.29,49958.76000000001,4286.958510638298,8580.894648924206,23.0,11.0,12.0,0.2479502280667666,11.629434954007884,0.04060737666726806,0.04702140107859547,0.0,0.0,0.0,0.0,0.0,0.0,0.0,58420.42,2372.3,0.0,0.4665626208496767,4.0,M-011-09,0,train,normal
48.0,179833.37999999998,55231.31999999999,4897.181250000001,11546.39065670878,23.0,11.0,13.0,0.23496220402297746,11.629434954007884,0.005458354799592727,0.005458354799592727,0.0,442.97,22.0,1.0,1.0,0.0,0.0,81154.49,442.97,3500.0,0.4166061937321071,4.0,M-011-10,0,train,benign_cycle
48.0,155296.6,51299.75,4304.090625,10684.168621185392,22.0,10.0,13.0,0.24830908193682996,11.629434954007884,0.0036854241349661616,0.0036854241349661616,0.0,278.31,22.0,1.0,1.0,0.0,0.0,75516.41,278.31,3500.0,0.430130946057242,4.0,M-011-11,0,train,benign_cycle
42.0,159880.71,33665.05,4608.2323809523805,11273.098206952227,23.0,11.0,12.0,0.1739384525912632,11.629434954007884,0.006906746856603441,0.006906746856603441,0.0,0.0,0.0,0.0,0.0,0.0,0.0,74207.15,512.53,0.0,0.372704926919758,4.0,M-011-12,0,train,normal
43.0,160380.16999999998,40220.84000000001,4665.13976744186,9781.062963925106,23.0,10.0,13.0,0.20050168241924612,11.629434954007884,0.0072294401982010105,0.0072294401982010105,0.0,0.0,0.0,0.0,0.0,0.0,0.0,64451.74,465.95,0.0,0.4220190329192527,4.0,M-011-13,0,train,normal
48.0,110942.18000000001,57150.09,3501.9222916666663,5259.558641537108,24.0,10.0,14.0,0.33999237442626007,11.629434954007884,0.07004882963903455,0.0872633177326623,0.0,0.0,0.0,0.0,0.0,0.0,0.0,35410.87,2480.49,0.0,0.509557202797056,4.0,M-012-00,0,train,normal
50.0,185100.06999999998,83888.35999999999,5379.768599999999,8697.149217715654,31.0,13.0,18.0,0.3118660531235488,11.629434954007884,0.0,0.0,0.0,0.0,0.0,0.0,0.0,0.0,0.0,43024.57,0.0,0.0,0.10405698716723037,5.0,M-012-01,0,train,seasonal
43.0,172672.51,37697.4,4892.3234883720925,11402.41822413141,24.0,12.0,13.0,0.17919577947245405,11.629434954007884,0.0,0.007240384982496171,0.0,0.0,22.0,1.0,1.0,0.0,0.0,75694.87,0.0,3500.0,0.2638900826051664,4.0,M-012-02,0,train,benign_cycle
48.0,159506.58999999997,57100.01,4512.6375,8368.044105260526,25.0,12.0,13.0,0.26361158893588654,11.629434954007884,0.0,0.0,0.0,0.0,0.0,0.0,0.0,0.0,0.0,57144.79,0.0,0.0,0.5035993864099148,4.0,M-012-03,0,train,normal
44.0,163858.8,45096.030000000006,4748.97340909091,9371.932634878694,22.0,11.0,11.0,0.21581712181527463,11.629434954007884,0.0,0.041919211262412465,0.0,0.0,0.0,0.0,0.0,0.0,0.0,61619.48,0.0,0.0,0.3877002033216671,4.0,M-012-04,0,train,normal
44.0,171491.97999999998,43158.97,4878.430681818182,12932.815384088119,21.0,10.0,11.0,0.201065823375112,11.629434954007884,0.006761140344160144,0.006761140344160144,0.0,0.0,0.0,0.0,0.0,0.0,0.0,87627.23,592.46,0.0,0.39339238169956325,4.0,M-012-05,0,train,normal
47.0,137010.43,47963.630000000005,3935.618297872341,6312.673196177812,22.0,11.0,11.0,0.25929922282075657,11.629434954007884,0.0,0.0,0.0,0.0,0.0,0.0,0.0,0.0,0.0,40858.91,0.0,0.0,0.5491921691498328,4.0,M-012-06,0,train,normal
45.0,137411.83000000002,42912.26,4007.2019999999998,9077.709439928507,23.0,11.0,12.0,0.2379729741045692,11.629434954007884,0.007191108327811234,0.007191108327811234,0.0,0.0,0.0,0.0,0.0,0.0,0.0,61797.15,444.39,0.0,0.49418837413829986,4.0,M-012-07,0,train,normal
45.0,153897.19999999998,42897.21000000001,4373.20911111111,8476.109693562077,25.0,13.0,13.0,0.21797981965036514,11.629434954007884,0.00543900157778255,0.00543900157778255,0.0,306.46,22.0,1.0,1.0,0.0,0.0,56344.9,306.46,3500.0,0.35495991464246734,4.0,M-012-08,0,train,benign_cycle
45.0,166824.14,46315.03999999999,4736.426222222221,9098.907020522433,23.0,12.0,11.0,0.21729951292859437,11.629434954007884,0.03289349585908787,0.04236021070898849,0.0,0.0,0.0,0.0,0.0,0.0,0.0,60435.96,1987.95,0.0,0.4191975220144472,4.0,M-012-09,0,train,normal
76.0,241195.13999999996,122513.29000000001,4785.637236842104,9214.96677614832,37.0,18.0,19.0,0.3368447907572558,11.629434954007884,0.016785353426078172,0.021562127134219716,0.0,0.0,0.0,0.0,0.0,0.0,0.0,80650.67,1353.75,0.0,0.2224148906620661,4.0,M-012-10,0,train,business
43.0,176795.66,41822.00000000001,5084.131627906976,10765.484052399352,25.0,12.0,13.0,0.19130202015701755,11.629434954007884,0.0,0.008204794099639161,0.0,0.0,0.0,0.0,0.0,0.0,0.0,70851.26,0.0,0.0,0.35543063459423263,4.0,M-012-11,0,train,normal
49.0,136715.23,55466.33,3922.0726530612246,6316.018603741706,24.0,13.0,12.0,0.28861421459998554,11.629434954007884,0.007723513461097857,0.007723513461097857,0.0,329.35,22.0,1.0,1.0,0.0,0.0,42642.51,329.35,3500.0,0.4804940222293416,4.0,M-013-00,0,train,benign_cycle
46.0,165665.81,45283.54,4585.855434782608,9643.574740617782,26.0,13.0,14.0,0.21466546353425597,11.629434954007884,0.03517176124059243,0.04180613261372915,0.0,2309.84,22.0,1.0,1.0,0.0,0.0,65673.14,2309.84,3500.0,0.37210739266408943,4.0,M-013-01,0,train,benign_cycle
52.0,185463.90999999997,78936.48000000001,5084.6228846153845,9933.785226348347,24.0,11.0,14.0,0.2985490301281326,11.629434954007884,0.41629320285660054,0.41629320285660054,0.0,7260.530000000001,46.458333333333336,1.0,1.0,0.0,0.0,66956.51,27873.54,7260.530000000001,0.3561267236643944,4.0,M-013-02,1,train,partial
53.0,200231.25,80115.84000000001,5289.567735849055,10208.6661401322,32.0,12.0,20.0,0.28577375281476985,11.629434954007884,0.0,0.0,0.0,0.0,0.0,0.0,0.0,0.0,0.0,49834.41,0.0,0.0,0.22218415234740094,5.0,M-013-03,0,train,seasonal
57.0,235736.84999999998,97973.70999999999,5854.571228070175,13101.517343504975,34.0,13.0,21.0,0.29358888133477107,11.629434954007884,0.011387834843034359,0.015108982646007234,0.0,0.0,0.0,0.0,0.0,0.0,0.0,82133.26,935.32,0.0,0.2920316072546401,5.0,M-013-04,0,train,seasonal
46.0,155047.94,46380.909999999996,4378.888043478261,10429.604002657348,22.0,10.0,12.0,0.2302595184354177,11.629434954007884,0.0,0.00682007994857955,0.0,0.0,0.0,0.0,0.0,0.0,0.0,71613.53,0.0,0.0,0.47887007822830563,4.0,M-013-05,0,train,normal
45.0,159058.51,40637.79999999999,4437.695777777777,9990.516687556032,25.0,13.0,13.0,0.20349800154043907,11.629434954007884,0.0,0.008816870920980215,0.0,0.0,22.0,1.0,1.0,0.0,0.0,67790.49,0.0,3500.0,0.37265870691818953,4.0,M-013-06,0,train,benign_cycle
41.0,124492.21,29583.8,3757.9514634146344,7026.098271206192,22.0,10.0,12.0,0.19200782782472103,11.629434954007884,0.010067331011366488,0.010067331011366488,0.0,0.0,0.0,0.0,0.0,0.0,0.0,44244.1,445.42,0.0,0.3206207451375415,4.0,M-013-07,0,train,normal
47.0,118702.49,53572.96,3665.4351063829795,5272.643645136205,25.0,12.0,14.0,0.3109726893762285,11.629434954007884,0.01335529207877724,0.01335529207877724,0.0,463.61,22.0,1.0,1.0,0.0,0.0,34713.58,463.61,3500.0,0.3942119307949383,4.0,M-013-08,0,train,benign_cycle
44.0,177112.75,43991.36999999999,5025.0936363636365,13086.36749130735,22.0,12.0,10.0,0.1989622355295776,11.629434954007884,0.00600721127721348,0.00600721127721348,0.0,0.0,0.0,0.0,0.0,0.0,0.0,88425.39,531.19,0.0,0.4108421719987353,4.0,M-013-09,0,train,normal
41.0,140356.25,35128.21,4280.108780487805,8095.376237217352,21.0,10.0,11.0,0.20017846594507568,11.629434954007884,0.011539432003058292,0.019840844706795625,0.0,0.0,0.0,0.0,0.0,0.0,0.0,51244.29,591.33,0.0,0.25932007352495334,4.0,M-013-10,0,train,normal
45.0,160673.33000000002,37980.0,4414.518444444445,11334.0150151319,23.0,12.0,11.0,0.1911873312166476,11.629434954007884,0.0,0.0,0.0,0.0,0.0,0.0,0.0,0.0,0.0,77109.35,0.0,0.0,0.4765966298051606,4.0,M-013-11,0,train,normal
43.0,160485.34,36404.41,4578.831395348837,11220.066325821368,25.0,14.0,12.0,0.18489743625556948,11.629434954007884,0.006320009360404421,0.006320009360404421,0.0,473.17,22.0,1.0,1.0,0.0,0.0,74868.56,473.17,3500.0,0.2776512515928702,4.0,M-013-12,0,train,benign_cycle
47.0,157092.93,43697.87,4272.144680851064,11198.034537705731,21.0,11.0,10.0,0.2176288455447162,11.629434954007884,0.013485653184174497,0.01859688412902882,0.0,0.0,0.0,0.0,0.0,0.0,0.0,78034.04,1052.34,0.0,0.5623715755481903,4.0,M-013-13,0,train,normal
48.0,121226.41000000002,77144.22999999998,4132.721666666667,6068.8639327723895,26.0,11.0,15.0,0.38888935378743533,11.629434954007884,0.6644004604611429,0.6644004604611429,0.0,0.0,0.0,0.0,0.0,0.0,0.0,36380.92,24171.5,0.0,0.3408626931657754,5.0,M-013-14,0,train,quick_benign
42.0,173549.02000000002,40495.100000000006,5096.288571428571,12011.338876843984,25.0,11.0,14.0,0.18919043419646384,11.629434954007884,0.004849473651761679,0.004849473651761679,0.0,0.0,0.0,0.0,0.0,0.0,0.0,79152.92,383.85,0.0,0.32219083296497597,4.0,M-014-00,0,train,normal
41.0,152527.36,34237.46,4555.239512195121,10692.522505115194,25.0,12.0,13.0,0.18331857145258942,11.629434954007884,0.0,0.0,0.0,0.0,0.0,0.0,0.0,0.0,0.0,69279.58,0.0,0.0,0.3087553808021974,4.0,M-014-01,0,train,normal
43.0,181203.43,36840.880000000005,5070.797906976744,13110.753986347196,24.0,13.0,12.0,0.16896051999705933,11.629434954007884,0.005366908835402216,0.005366908835402216,0.0,470.74,22.0,1.0,1.0,0.0,0.0,87711.57,470.74,3500.0,0.3009803240313477,4.0,M-014-02,0,train,benign_cycle
47.0,182459.14,45614.850000000006,4852.638085106384,12614.254680987855,20.0,10.0,10.0,0.20000022799618666,11.629434954007884,0.0,0.024844081059058727,0.0,0.0,0.0,0.0,0.0,0.0,0.0,87810.05,0.0,0.0,0.5346074798009858,4.0,M-014-03,0,train,normal
50.0,128917.41,57033.07,3719.0096000000003,4885.223582073582,22.0,11.0,12.0,0.3067110663010926,11.629434954007884,0.06714080535476516,0.1907686807270414,0.0,2076.98,22.0,1.0,1.0,0.0,0.0,30934.69,2076.98,3500.0,0.5024704088347339,4.0,M-014-04,0,train,benign_cycle
48.0,152204.8,52148.649999999994,4257.363541666667,9780.997129020874,21.0,9.0,12.0,0.2551884981633537,11.629434954007884,0.006456422764346489,0.006456422764346489,0.0,0.0,0.0,0.0,0.0,0.0,0.0,68407.85,441.67,0.0,0.5563879410109371,4.0,M-014-05,0,train,normal
43.0,137737.74,38312.65,4094.1951162790688,6783.018853207215,22.0,10.0,12.0,0.2176232043564346,11.629434954007884,0.04972813615532085,0.06389197606738221,0.0,0.0,0.0,0.0,0.0,0.0,0.0,42793.48,2128.04,0.0,0.3733231713285299,4.0,M-014-06,0,train,normal
47.0,162392.72999999995,47083.66,4456.944468085107,9929.13211674097,23.0,11.0,12.0,0.22476833785420877,11.629434954007884,0.03744577906485682,0.04520145912517146,0.0,0.0,0.0,0.0,0.0,0.0,0.0,68361.51,2559.85,0.0,0.505270618299427,4.0,M-014-07,0,train,normal
44.0,164436.04,90535.61,5794.810227272727,13592.991478894974,24.0,11.0,13.0,0.3550810845048851,11.629434954007884,0.6730423579501045,0.6798383733987291,0.0,0.0,0.0,0.0,0.0,0.0,0.0,78875.63,53086.64,0.0,0.5663388140865235,5.0,M-014-08,0,train,quick_benign
48.0,146955.69,53581.560000000005,4177.859375,8431.800184259884,23.0,11.0,12.0,0.2671900606994461,11.629434954007884,0.0477933674938405,0.05474436431563786,0.0,0.0,0.0,0.0,0.0,0.0,0.0,58174.39,2780.35,0.0,0.4943581336564295,4.0,M-014-09,0,train,normal
47.0,156204.07,50120.07,4389.875319148937,10808.979436426003,23.0,11.0,12.0,0.2429190786885141,11.629434954007884,0.004104404384015356,0.004104404384015356,0.0,0.0,0.0,0.0,0.0,0.0,0.0,75311.78,309.11,0.0,0.49729240202577535,4.0,M-014-10,0,train,normal
44.0,183507.89999999997,44348.170000000006,5178.547045454544,13265.669425872384,21.0,11.0,10.0,0.19463238350420076,11.629434954007884,0.004261513206063234,0.004261513206063234,0.0,0.0,0.0,0.0,0.0,0.0,0.0,89461.18,381.24,0.0,0.41423467980753204,4.0,M-014-11,0,train,normal
49.0,170837.55000000002,51939.149999999994,4546.463265306122,11380.071424816095,24.0,12.0,13.0,0.2331444446389591,11.629434954007884,0.005044089268870986,0.005044089268870986,0.0,408.03,22.0,1.0,1.0,0.0,0.0,80892.7,408.03,3500.0,0.4924460642886917,4.0,M-015-00,0,train,benign_cycle
48.0,147763.57,49883.689999999995,4117.65125,8417.472090073674,21.0,11.0,10.0,0.2523874603675254,11.629434954007884,0.007488746496745605,0.011996684282491014,0.0,0.0,0.0,0.0,0.0,0.0,0.0,58135.23,435.36,0.0,0.5590925611156674,4.0,M-015-01,0,train,normal
41.0,117976.62,33733.86000000001,3700.2556097560973,5591.438644928098,23.0,11.0,12.0,0.2223568207021691,11.629434954007884,0.05893691078683738,0.06721597022009965,0.0,0.0,0.0,0.0,0.0,0.0,0.0,33665.66,1984.15,0.0,0.3000142883144709,4.0,M-015-02,0,train,normal
41.0,164608.06999999998,78181.01999999999,5921.685121951219,13151.778762749469,22.0,9.0,13.0,0.3220120805263531,11.629434954007884,0.6038908134965293,0.6038908134965293,0.0,0.0,0.0,0.0,0.0,0.0,0.0,75264.98,45451.83,0.0,0.5813665516259574,5.0,M-015-03,0,train,quick_benign
48.0,148780.97,48610.08,4112.313541666666,8688.875216331584,25.0,14.0,12.0,0.24626283714484523,11.629434954007884,0.014816426235878461,0.014816426235878461,0.0,892.22,22.0,1.0,1.0,0.0,0.0,60218.3,892.22,3500.0,0.48748243162734967,4.0,M-015-04,0,train,benign_cycle
43.0,135850.28,39692.509999999995,4082.3904651162784,5995.717481628209,25.0,13.0,13.0,0.22611301780038928,11.629434954007884,0.01612486964429173,0.01612486964429173,0.0,597.93,22.0,1.0,1.0,0.0,0.0,37081.23,597.93,3500.0,0.2855518585244421,4.0,M-015-05,0,train,benign_cycle
43.0,166888.95999999996,41173.55,4838.663023255814,10386.819136327727,24.0,12.0,13.0,0.19789028787550436,11.629434954007884,0.00806585399359237,0.00806585399359237,0.0,554.27,22.0,1.0,1.0,0.0,0.0,68718.08,554.27,3500.0,0.2752949405625699,4.0,M-015-06,0,train,benign_cycle
42.0,176472.05999999997,37151.62,5086.278095238095,12995.26265431721,21.0,12.0,9.0,0.17391152516425148,11.629434954007884,0.0054601810584714834,0.0054601810584714834,0.0,0.0,0.0,0.0,0.0,0.0,0.0,85834.15,468.67,0.0,0.29690549160440377,4.0,M-015-07,0,train,normal
45.0,168596.07,45002.08,4746.625555555556,12315.673440241648,23.0,11.0,12.0,0.2106857198903642,11.629434954007884,0.0,0.0045578947894178165,0.0,0.0,0.0,0.0,0.0,0.0,0.0,84089.26,0.0,0.0,0.42733024784632173,4.0,M-015-08,0,train,normal
49.0,141314.59,96943.85,4862.417142857143,9087.910082586848,24.0,10.0,14.0,0.40688527130455493,11.629434954007884,0.8315663036293797,0.8315663036293797,0.0,0.0,0.0,0.0,0.0,0.0,0.0,50667.89,42133.71000000001,0.0,0.4295853733888225,5.0,M-015-09,0,train,quick_benign
48.0,166703.62000000002,52020.23999999999,4556.747083333333,10986.29708141464,24.0,11.0,13.0,0.23783523205927326,11.629434954007884,0.0082301601948843,0.0082301601948843,0.0,0.0,0.0,0.0,0.0,0.0,0.0,77104.21,634.58,0.0,0.5000284504646654,4.0,M-015-10,0,train,normal
49.0,161997.09,117810.84999999999,5710.36612244898,13112.571966017771,25.0,12.0,13.0,0.4210418403423434,11.629434954007884,0.7994508050634699,0.8305401686860764,0.0,0.0,0.0,0.0,0.0,0.0,0.0,74804.04,59802.15,0.0,0.5076115654882382,5.0,M-015-11,0,train,quick_benign
47.0,160070.07,54945.48,4574.798936170213,8497.776816436826,22.0,10.0,12.0,0.255541889877267,11.629434954007884,0.0,0.0058696393206756434,0.0,0.0,0.0,0.0,0.0,0.0,0.0,57381.72,0.0,0.0,0.4600442110979829,4.0,M-016-00,0,train,normal
46.0,188116.28999999998,50711.22,5191.9023913043475,11993.55815165849,23.0,11.0,12.0,0.21233408161396486,11.629434954007884,0.0,0.0,0.0,0.0,0.0,0.0,0.0,0.0,0.0,82226.32,0.0,0.0,0.4485614820546616,4.0,M-016-01,0,train,normal
48.0,172830.55999999997,54557.67,4737.254791666666,9654.936464278475,23.0,12.0,11.0,0.2399318117740747,11.629434954007884,0.005857624286896933,0.005857624286896933,0.0,0.0,0.0,0.0,0.0,0.0,0.0,66557.7,389.87,0.0,0.5075982900296145,4.0,M-016-02,0,train,normal
51.0,202359.93,82597.62000000001,5587.40294117647,10270.856932228347,32.0,11.0,21.0,0.28985938431882224,11.629434954007884,0.06482937849220878,0.08299485509315893,0.0,0.0,0.0,0.0,0.0,0.0,0.0,35470.03,2299.5,0.0,0.1646555917712883,5.0,M-016-03,0,train,seasonal
42.0,175663.93999999994,38017.54,5087.654285714286,11273.740999273728,22.0,12.0,10.0,0.17791686953871716,11.629434954007884,0.0,0.007009293423501272,0.0,0.0,0.0,0.0,0.0,0.0,0.0,73612.27,0.0,0.0,0.35317198324773247,4.0,M-016-04,0,train,normal
49.0,219841.22,73579.18000000001,5988.171428571428,13253.076422396947,32.0,12.0,20.0,0.25076368241608293,11.629434954007884,0.008407565190693812,0.008407565190693812,0.0,0.0,0.0,0.0,0.0,0.0,0.0,76020.82,639.15,0.0,0.0941479641387686,5.0,M-016-05,0,train,seasonal
49.0,160550.07000000004,53866.1,4375.840204081633,9770.309636031216,22.0,10.0,13.0,0.2512221909383047,11.629434954007884,0.0,0.0,0.0,0.0,22.0,1.0,1.0,0.0,0.0,68938.27,0.0,3500.0,0.42096383439677276,4.0,M-016-06,0,train,benign_cycle
50.0,227236.38999999998,80251.51999999999,6149.7582,13701.756257590876,33.0,13.0,20.0,0.26099081424046877,11.629434954007884,0.006311786485088343,0.006311786485088343,0.0,0.0,0.0,0.0,0.0,0.0,0.0,73823.79,465.96,0.0,0.11234391572894821,5.0,M-016-07,0,train,seasonal
47.0,138172.22999999998,51446.56,4034.442340425532,8025.758063312286,24.0,12.0,13.0,0.27131572772930357,11.629434954007884,0.04722208923999397,0.052378220174655855,0.0,2623.8,22.0,1.0,1.0,0.0,0.0,55562.98,2623.8,3500.0,0.4169816213173437,4.0,M-016-08,0,train,benign_cycle
73.0,216956.02,94863.72,4271.503287671233,5738.867353939493,37.0,19.0,18.0,0.30422615322557833,11.629434954007884,0.0064365327297886705,0.08063782780070655,0.0,0.0,0.0,0.0,0.0,0.0,0.0,45592.87,293.46,0.0,0.210961893545815,4.0,M-016-09,0,train,business
42.0,157285.66999999998,36458.34,4612.952619047619,7779.198221866491,23.0,12.0,12.0,0.18817789515144234,11.629434954007884,0.02903879226101058,0.039670334882450545,0.0,1420.4,22.0,1.0,1.0,0.0,0.0,48913.88,1420.4,3500.0,0.24727428621270195,4.0,M-016-10,0,train,benign_cycle
42.0,147273.1,36202.74,4368.472380952381,7989.965430107826,26.0,13.0,14.0,0.1973161152988862,11.629434954007884,0.00759522078961989,0.00759522078961989,0.0,388.52,22.0,1.0,1.0,0.0,0.0,51153.22,388.52,3500.0,0.22394741392502338,4.0,M-016-11,0,train,benign_cycle
76.0,196370.47000000003,107138.34,3993.53697368421,5465.865199288171,38.0,20.0,18.0,0.3529991106353717,11.629434954007884,0.033957209105963664,0.033957209105963664,0.0,0.0,0.0,0.0,0.0,0.0,0.0,45857.42,1557.19,0.0,0.25626213734504383,4.0,M-016-12,0,train,business
48.0,171399.52,47668.259999999995,4563.912083333334,12087.857682287862,21.0,9.0,13.0,0.21759594222390893,11.629434954007884,0.007412415143629195,0.007412415143629195,0.0,631.22,22.0,1.0,1.0,0.0,0.0,85157.13,631.22,3500.0,0.47508950400119493,4.0,M-016-13,0,train,benign_cycle
45.0,181304.74,45279.68000000001,5035.209333333333,12076.479268611985,22.0,11.0,12.0,0.1998358051272899,11.629434954007884,0.005079623625906578,0.005079623625906578,0.0,418.01,22.0,1.0,1.0,0.0,0.0,82291.53,418.01,3500.0,0.3738054244199605,4.0,M-017-00,0,val,benign_cycle
45.0,134577.77999999997,41564.81,3914.2797777777782,7673.3186466023635,24.0,12.0,12.0,0.23597251522190058,11.629434954007884,0.0,0.0,0.0,0.0,0.0,0.0,0.0,0.0,0.0,51076.6,0.0,0.0,0.4439883160779516,4.0,M-017-01,0,val,normal
41.0,188271.46000000002,33757.06,5415.329756097562,13718.454768197133,20.0,10.0,10.0,0.15203929657325102,11.629434954007884,0.009375623133676176,0.015275908765285028,0.0,0.0,0.0,0.0,0.0,0.0,0.0,89366.86,837.87,0.0,0.30732652665842347,4.0,M-017-02,0,val,normal
43.0,153690.02,40409.23,4513.936046511629,8789.289317877421,24.0,11.0,13.0,0.20818849119715813,11.629434954007884,0.010568908226539532,0.010568908226539532,0.0,0.0,0.0,0.0,0.0,0.0,0.0,57435.45,607.03,0.0,0.3845433332929135,4.0,M-017-03,0,val,normal
47.0,137718.52000000002,46934.44,3928.786382978724,6713.941141964179,22.0,11.0,11.0,0.25417648327976977,11.629434954007884,0.014168204486100861,0.014168204486100861,0.0,0.0,0.0,0.0,0.0,0.0,0.0,44245.55,626.88,0.0,0.5152796113046197,4.0,M-017-04,0,val,normal
48.0,174595.44,48975.17,4657.721041666667,11803.3959864796,23.0,9.0,14.0,0.21905907042074985,11.629434954007884,0.02555490953780447,0.031556478805830956,0.0,0.0,0.0,0.0,0.0,0.0,0.0,82866.66,2117.65,0.0,0.5414466146825013,4.0,M-017-05,0,val,normal
42.0,181162.52,40810.95,5285.082619047619,13326.229277889392,22.0,11.0,11.0,0.18385507961829853,11.629434954007884,0.017915255038455983,0.017915255038455983,0.0,0.0,0.0,0.0,0.0,0.0,0.0,88007.12,1576.67,0.0,0.30163277257696774,4.0,M-017-06,0,val,normal
50.0,179871.66000000003,117721.31000000001,5951.859400000002,14842.073912499616,23.0,12.0,12.0,0.3955782624838214,11.629434954007884,0.8672623470395402,0.8714712260128548,0.0,10867.420000000002,46.041666666666664,1.0,1.0,0.0,0.0,83119.52,72086.43000000001,10867.420000000002,0.603087665266382,4.0,M-017-07,1,val,ring
47.0,177172.58999999994,47279.97,4775.586382978724,11372.76894892776,20.0,10.0,10.0,0.21064571506780763,11.629434954007884,0.004570917994602116,0.004570917994602116,0.0,0.0,0.0,0.0,0.0,0.0,0.0,78745.67,359.94,0.0,0.5110667371404847,4.0,M-017-08,0,val,normal
41.0,142585.42,37252.399999999994,4386.288292682927,7063.577733098254,25.0,11.0,14.0,0.20714441489559868,11.629434954007884,0.0068918372937788646,0.0068918372937788646,0.0,0.0,0.0,0.0,0.0,0.0,0.0,42744.77,294.59,0.0,0.27352868540013536,4.0,M-017-09,0,val,normal
44.0,144584.03000000003,41350.79,4225.791363636364,7025.394254657557,22.0,12.0,11.0,0.22239400882524316,11.629434954007884,0.00907925323810364,0.00907925323810364,0.0,407.6,22.0,1.0,1.0,0.0,0.0,44893.56,407.6,3500.0,0.33738920102856557,4.0,M-017-10,0,val,benign_cycle
46.0,126142.72,47215.31,3768.6528260869572,6486.034441570751,24.0,12.0,12.0,0.2723572135654748,11.629434954007884,0.06255206988110436,0.06255206988110436,0.0,0.0,0.0,0.0,0.0,0.0,0.0,43247.17,2705.2,0.0,0.4766818220615305,4.0,M-017-11,0,val,normal
43.0,158218.26,37219.79000000001,4545.070930232559,10007.377237177607,23.0,11.0,12.0,0.19044290505354514,11.629434954007884,0.036318940240341865,0.0458734956998959,0.0,0.0,0.0,0.0,0.0,0.0,0.0,65867.01,2392.22,0.0,0.4050063151887745,4.0,M-017-12,0,val,normal
47.0,142109.45,54850.380000000005,4190.634680851064,6413.734559558902,24.0,12.0,12.0,0.278485110390276,11.629434954007884,0.013193370240384755,0.013193370240384755,0.0,0.0,0.0,0.0,0.0,0.0,0.0,41451.88,546.89,0.0,0.47833433423797606,4.0,M-017-13,0,val,normal
47.0,157123.85,46383.04,4329.933829787233,8550.416897844136,22.0,11.0,12.0,0.22791876972814046,11.629434954007884,0.0,0.0,0.0,0.0,22.0,1.0,1.0,0.0,0.0,58033.72,0.0,3500.0,0.4275189810758415,4.0,M-017-14,0,val,benign_cycle
40.0,148626.09000000003,30109.8,4468.39725,8144.619829470553,23.0,11.0,12.0,0.1684597312828442,11.629434954007884,0.0,0.00838436719279868,0.0,0.0,0.0,0.0,0.0,0.0,0.0,50041.94,0.0,0.0,0.2705996054440747,4.0,M-018-00,0,test,normal
44.0,167049.05000000002,89205.11000000002,5823.958181818182,12963.202296626065,24.0,10.0,14.0,0.34811185114028986,11.629434954007884,0.6473420185624863,0.6473420185624863,0.0,0.0,0.0,0.0,0.0,0.0,0.0,75535.14,48897.07,0.0,0.5441614275236025,5.0,M-018-01,0,test,quick_benign
48.0,125700.90999999997,55349.78999999999,3771.889583333333,5161.662923547894,25.0,13.0,12.0,0.30571431096372453,11.629434954007884,0.017538413348323907,0.017538413348323907,0.0,0.0,0.0,0.0,0.0,0.0,0.0,32180.22,564.39,0.0,0.5212180570152118,4.0,M-018-02,0,test,normal
47.0,134133.77,54060.780000000006,4004.139361702127,5957.999683055996,21.0,11.0,10.0,0.2872600720902917,11.629434954007884,0.0,0.0,0.0,0.0,0.0,0.0,0.0,0.0,0.0,38326.79,0.0,0.0,0.5104299272041579,4.0,M-018-03,0,test,normal
43.0,186999.57999999996,40150.71000000001,5282.56488372093,13217.19670314545,24.0,11.0,13.0,0.17675834796424875,11.629434954007884,0.0294731501722465,0.03411296977789765,0.0,0.0,0.0,0.0,0.0,0.0,0.0,87949.54,2592.15,0.0,0.3371205639950077,4.0,M-018-04,0,test,normal
46.0,177144.42999999996,45920.3,4849.233260869565,12938.209198696846,23.0,10.0,13.0,0.20586087276101425,11.629434954007884,0.0062393493563334635,0.0062393493563334635,0.0,0.0,0.0,0.0,0.0,0.0,0.0,89349.06,557.48,0.0,0.4354167982352032,4.0,M-018-05,0,test,normal
52.0,156625.64,88890.88,4721.471538461538,10501.519193974596,23.0,13.0,11.0,0.3620566143573557,11.629434954007884,0.47521716575269235,0.47521716575269235,0.0,9168.29,45.791666666666664,1.0,1.0,0.0,0.0,70975.74,33728.89,9168.29,0.37944151301010853,4.0,M-018-06,1,test,partial
43.0,181148.80000000005,38322.38,5103.980930232558,11549.815392340604,22.0,11.0,12.0,0.17461235684794696,11.629434954007884,0.0,0.0,0.0,0.0,22.0,1.0,1.0,0.0,0.0,76596.65,0.0,3500.0,0.28909973754239693,4.0,M-018-07,0,test,benign_cycle
48.0,165306.72000000003,47823.63,4440.215625,9502.117377344315,22.0,10.0,12.0,0.22438676612692654,11.629434954007884,0.011769441244986995,0.020799797541249596,0.0,0.0,0.0,0.0,0.0,0.0,0.0,65514.58,771.07,0.0,0.5761597352605814,4.0,M-018-08,0,test,normal
70.0,233823.04999999996,99763.41,4765.520857142857,8960.458132938573,40.0,19.0,21.0,0.2990631274422829,11.629434954007884,0.0,0.004203966100350591,0.0,0.0,0.0,0.0,0.0,0.0,0.0,75395.47,0.0,0.0,0.1246760711166549,4.0,M-018-09,0,test,business
69.0,234046.76999999996,104973.34,4913.334927536232,10254.219330470412,36.0,19.0,17.0,0.3096375020349088,11.629434954007884,0.0046128530252947724,0.0046128530252947724,0.0,0.0,0.0,0.0,0.0,0.0,0.0,86209.12,397.67,0.0,0.11922789157704233,4.0,M-018-10,0,test,business
40.0,160119.96000000002,31520.429999999997,4791.00975,9488.12898143688,22.0,11.0,11.0,0.16447696646828988,11.629434954007884,0.02039472116890991,0.025822565053429527,0.0,0.0,0.0,0.0,0.0,0.0,0.0,59605.62,1215.64,0.0,0.2106735219030959,4.0,M-018-11,0,test,normal
50.0,190569.13000000003,117684.33,6165.069200000001,15848.931443170399,23.0,11.0,13.0,0.38177780713313,11.629434954007884,0.8425206214981488,0.8425206214981488,0.0,11281.970000000001,46.666666666666664,1.0,1.0,0.0,0.0,89127.86,75092.06,11281.970000000001,0.6380803629506154,4.0,M-019-00,1,test,multihop
43.0,119555.04999999999,38584.259999999995,3677.658372093024,5439.815251248943,26.0,12.0,14.0,0.24398904990795767,11.629434954007884,0.0,0.008943046739151635,0.0,0.0,0.0,0.0,0.0,0.0,0.0,33326.45,0.0,0.0,0.39953519906822116,4.0,M-019-01,0,test,normal
42.0,178544.47999999998,36937.95,5130.534047619049,11186.754224918152,23.0,10.0,13.0,0.17141977654512247,11.629434954007884,0.0,0.006472191446473924,0.0,0.0,0.0,0.0,0.0,0.0,0.0,72703.35,0.0,0.0,0.3528874775129643,4.0,M-019-02,0,test,normal
46.0,130817.98999999999,50511.51,3941.9456521739135,7222.879155375602,22.0,11.0,11.0,0.27856201004249165,11.629434954007884,0.012506652639459855,0.012506652639459855,0.0,0.0,0.0,0.0,0.0,0.0,0.0,48458.21,606.05,0.0,0.45974095805094717,4.0,M-019-03,0,test,normal
48.0,186828.98000000004,100140.22999999998,5978.525208333333,13483.991493989733,21.0,9.0,12.0,0.3489580990239336,11.629434954007884,0.6790835539108344,0.6833731539475061,0.0,0.0,0.0,0.0,0.0,0.0,0.0,80716.15,54813.009999999995,0.0,0.5311318937454009,5.0,M-019-04,0,test,quick_benign
68.0,246786.62,84291.21,4868.791617647059,10544.762888246747,36.0,18.0,18.0,0.2545963588078368,11.629434954007884,0.0,0.006228024463873554,0.0,0.0,0.0,0.0,0.0,0.0,0.0,88080.9,0.0,0.0,0.10322262546711572,4.0,M-019-05,0,test,business
40.0,120814.43000000002,30958.170000000002,3794.3149999999996,5980.028432717105,23.0,11.0,12.0,0.2039773318767683,11.629434954007884,0.007263546374034851,0.007263546374034851,0.0,0.0,0.0,0.0,0.0,0.0,0.0,35726.35,259.5,0.0,0.27207809763949226,4.0,M-019-06,0,test,normal
76.0,235137.27,115619.75000000001,4615.22394736842,8338.171623406208,38.0,17.0,21.0,0.3296291831878376,11.629434954007884,0.02732940139793668,0.02732940139793668,0.0,0.0,0.0,0.0,0.0,0.0,0.0,72505.43,1981.53,0.0,0.23027890996131714,4.0,M-019-07,0,test,business
43.0,138746.30000000002,39730.920000000006,4150.633023255813,7408.538712257079,23.0,12.0,11.0,0.22261059422597468,11.629434954007884,0.0,0.0,0.0,0.0,0.0,0.0,0.0,0.0,0.0,47658.84,0.0,0.0,0.3731388550781104,4.0,M-019-08,0,test,normal
48.0,135113.92,48980.280000000006,3835.2958333333336,6256.0354958537955,26.0,13.0,14.0,0.26606096226823006,11.629434954007884,0.013983961041390642,0.013983961041390642,0.0,583.04,22.0,1.0,1.0,0.0,0.0,41693.48,583.04,3500.0,0.4100221558553768,4.0,M-019-09,0,test,benign_cycle
46.0,116044.32,45053.89,3502.1350000000007,6913.972017749324,24.0,11.0,13.0,0.27966722907721936,11.629434954007884,0.0,0.010493475048333563,0.0,0.0,0.0,0.0,0.0,0.0,0.0,47280.81,0.0,0.0,0.5042068509511609,4.0,M-019-10,0,test,normal
41.0,154369.52000000002,33412.18,4580.041463414634,10408.996003605998,22.0,10.0,12.0,0.17793096984423937,11.629434954007884,0.009299152642806353,0.009299152642806353,0.0,0.0,0.0,0.0,0.0,0.0,0.0,67504.0,627.73,0.0,0.2555693761975424,4.0,M-019-11,0,test,normal
49.0,149693.7,53348.81,4143.7246938775515,7885.369656317958,24.0,12.0,13.0,0.26274699815324387,11.629434954007884,0.011045147317641212,0.022596264826231494,0.0,600.97,22.0,1.0,1.0,0.0,0.0,54410.32,600.97,3500.0,0.4918576440599144,4.0,M-019-12,0,test,benign_cycle
46.0,157550.61000000002,50292.6,4518.330652173912,9443.339331467489,24.0,11.0,13.0,0.24197374549786835,11.629434954007884,0.030378419523713358,0.030378419523713358,0.0,0.0,0.0,0.0,0.0,0.0,0.0,64373.0,1955.55,0.0,0.43575794450873495,4.0,M-019-13,0,test,normal
44.0,138116.96,43845.67999999999,4135.514545454545,7623.591812002651,24.0,12.0,12.0,0.24095979262556308,11.629434954007884,0.0,0.0,0.0,0.0,0.0,0.0,0.0,0.0,0.0,50169.88,0.0,0.0,0.38027919740325616,4.0,M-020-00,0,train,normal
52.0,133442.02000000002,92375.51999999999,4342.645,10234.892890382296,24.0,13.0,12.0,0.40907150082318666,11.629434954007884,0.7322675533420169,0.7376228143234105,0.0,6716.66,45.75,1.0,1.0,0.0,0.0,62086.61,45464.01,6716.66,0.4921651320609617,4.0,M-020-01,1,train,classic
76.0,182792.42,126402.21,4068.350394736842,4621.601741661661,39.0,19.0,20.0,0.4088111426773486,11.629434954007884,0.016344107868931198,0.08762528944657894,0.0,0.0,0.0,0.0,0.0,0.0,0.0,37601.93,614.57,0.0,0.20989158338291714,4.0,M-020-02,0,train,business
44.0,143445.16,41242.00000000001,4197.435454545455,8715.912519715528,23.0,12.0,11.0,0.22330734849136236,11.629434954007884,0.009766485849799406,0.015287197294958095,0.0,0.0,0.0,0.0,0.0,0.0,0.0,58104.83,567.48,0.0,0.43172397070947083,4.0,M-020-03,0,train,normal
48.0,145833.75,48599.590000000004,4050.6945833333334,8564.898967931787,22.0,12.0,11.0,0.24995502314572185,11.629434954007884,0.0052258366168768736,0.0052258366168768736,0.0,311.05,22.0,1.0,1.0,0.0,0.0,59521.57,311.05,3500.0,0.449633011307297,4.0,M-020-04,0,train,benign_cycle
40.0,157866.25,31610.89,4736.9285,9166.950355650059,23.0,12.0,11.0,0.1668322099436375,11.629434954007884,0.018701827389656717,0.029501870460616118,0.0,0.0,0.0,0.0,0.0,0.0,0.0,57579.4,1076.84,0.0,0.22197223804834346,4.0,M-020-05,0,train,normal
48.0,163654.61,46047.67,4368.7975,7990.024259462675,22.0,12.0,11.0,0.21958592915632583,11.629434954007884,0.0070023185868725146,0.0070023185868725146,0.0,376.0,22.0,1.0,1.0,0.0,0.0,53696.5,376.0,3500.0,0.4641906962936453,4.0,M-020-06,0,train,benign_cycle
46.0,191058.28000000003,42872.509999999995,5085.451956521739,12471.599986479303,23.0,9.0,15.0,0.18327006034562615,11.629434954007884,0.004060082330846399,0.004060082330846399,0.0,346.61,22.0,1.0,1.0,0.0,0.0,85370.19,346.61,3500.0,0.39363778794383636,4.0,M-020-07,0,train,benign_cycle
48.0,141072.93,50737.41,3996.04875,5232.245393251601,24.0,12.0,12.0,0.2645186385676601,11.629434954007884,0.016814233526817803,0.016814233526817803,0.0,0.0,0.0,0.0,0.0,0.0,0.0,30398.65,511.13,0.0,0.5219093761388293,4.0,M-020-08,0,train,normal
46.0,179671.27000000002,46288.19000000001,4912.162173913043,12020.112156800931,24.0,11.0,13.0,0.2048517464150428,11.629434954007884,0.013288074533754274,0.013288074533754274,0.0,0.0,0.0,0.0,0.0,0.0,0.0,82364.83,1094.47,0.0,0.45498733046161444,4.0,M-020-09,0,train,normal
42.0,150320.93,78528.64000000001,5448.799285714286,10213.849127637666,25.0,11.0,14.0,0.34314523728403773,11.629434954007884,0.7816339018037955,0.7816339018037955,0.0,0.0,0.0,0.0,0.0,0.0,0.0,54683.58,42742.54,0.0,0.5327073027114693,5.0,M-020-10,0,train,quick_benign
48.0,148091.55000000002,50084.78,4128.673541666667,7695.60236556364,21.0,10.0,11.0,0.25272836569331963,11.629434954007884,0.0,0.006230929007949307,0.0,0.0,0.0,0.0,0.0,0.0,0.0,52491.37,0.0,0.0,0.4935942615700818,4.0,M-020-11,0,train,normal
49.0,198806.72999999995,50672.44000000001,5091.411632653061,11552.125092888857,24.0,12.0,13.0,0.20311290918596533,11.629434954007884,0.006064365143459091,0.006064365143459091,0.0,490.43,22.0,1.0,1.0,0.0,0.0,80870.79,490.43,3500.0,0.5051576359851626,4.0,M-021-00,0,train,benign_cycle
46.0,152223.84,78875.17,5023.891521739131,8774.987172218536,24.0,11.0,13.0,0.34130466417835365,11.629434954007884,0.7059518900398595,0.7059518900398595,0.0,0.0,0.0,0.0,0.0,0.0,0.0,50028.31,35317.58,0.0,0.4403915706298953,5.0,M-021-01,0,train,quick_benign
40.0,167840.48,34223.17,5051.59125,11425.223921064999,21.0,10.0,11.0,0.16936826589047557,11.629434954007884,0.0075041854383851095,0.0075041854383851095,0.0,0.0,0.0,0.0,0.0,0.0,0.0,73301.76,550.07,0.0,0.21647643979210576,4.0,M-021-02,0,train,normal
42.0,174819.11000000002,40195.78,5119.402142857142,9487.854045848137,23.0,13.0,10.0,0.18694416930846047,11.629434954007884,0.029229634246036067,0.029229634246036067,0.0,0.0,0.0,0.0,0.0,0.0,0.0,60685.33,1773.81,0.0,0.3458126698872369,4.0,M-021-03,0,train,normal
48.0,179668.76,99979.93000000001,5826.014374999999,13271.375322999513,25.0,12.0,13.0,0.35751975094179783,11.629434954007884,0.6209363718829257,0.6283927899241597,0.0,0.0,0.0,0.0,0.0,0.0,0.0,81025.5,50311.68,0.0,0.5032177958116194,5.0,M-021-04,0,train,quick_benign
48.0,144041.21000000002,90493.50999999998,4886.139999999999,9470.824016313207,21.0,9.0,12.0,0.3858427016690748,11.629434954007884,0.7259005483503513,0.7259005483503513,0.0,0.0,0.0,0.0,0.0,0.0,0.0,55464.54,40261.74,0.0,0.4393888578307992,5.0,M-021-05,0,train,quick_benign
46.0,172449.58000000002,46875.350000000006,4767.933260869566,12237.586446510504,23.0,11.0,13.0,0.21372558969926492,11.629434954007884,0.0066373129872895524,0.0066373129872895524,0.0,561.64,22.0,1.0,1.0,0.0,0.0,84618.58,561.64,3500.0,0.36506266086546546,4.0,M-021-06,0,train,benign_cycle
45.0,133228.09000000003,40391.29999999999,3858.208666666667,5449.583084358166,23.0,12.0,12.0,0.23264279410266323,11.629434954007884,0.02955092431381371,0.04616392048343508,0.0,958.96,22.0,1.0,1.0,0.0,0.0,32451.1,958.96,3500.0,0.34895707739042825,4.0,M-021-07,0,train,benign_cycle
43.0,147818.51,38114.229999999996,4324.017209302325,9411.481325057875,25.0,11.0,14.0,0.2049893418447983,11.629434954007884,0.004835447775206162,0.004835447775206162,0.0,0.0,0.0,0.0,0.0,0.0,0.0,62312.74,301.31,0.0,0.3886464451728397,4.0,M-021-08,0,train,normal
47.0,154367.53000000003,45816.590000000004,4259.23659574468,10655.85046979503,21.0,10.0,11.0,0.22887225020646,11.629434954007884,0.010856654135764211,0.01733356097176798,0.0,0.0,0.0,0.0,0.0,0.0,0.0,74152.68,805.05,0.0,0.5079306425903803,4.0,M-021-09,0,train,normal
41.0,149561.06000000003,32419.999999999993,4438.56243902439,9109.589412838883,19.0,7.0,12.0,0.17815040752043093,11.629434954007884,0.006647518946750674,0.006647518946750674,0.0,0.0,0.0,0.0,0.0,0.0,0.0,58259.33,387.28,0.0,0.27117396668723015,4.0,M-021-10,0,train,normal
52.0,197360.6,87477.67000000001,5477.659038461539,10824.300650358657,28.0,10.0,18.0,0.3071134717957668,11.629434954007884,0.0,0.020578619488715456,0.0,0.0,0.0,0.0,0.0,0.0,0.0,41387.13,0.0,0.0,0.17064446275260872,5.0,M-021-11,0,train,seasonal
42.0,158025.33,35084.46,4597.852142857143,11497.754289573775,22.0,11.0,11.0,0.18168141553051245,11.629434954007884,0.0,0.0,0.0,0.0,0.0,0.0,0.0,0.0,0.0,75773.85,0.0,0.0,0.3814281308590755,4.0,M-021-12,0,train,normal
70.0,187829.72,95688.8,4050.2645714285727,5376.782799360515,36.0,16.0,20.0,0.337504583474829,11.629434954007884,0.014804102878945673,0.014804102878945673,0.0,0.0,0.0,0.0,0.0,0.0,0.0,42479.44,628.87,0.0,0.1271697419133692,4.0,M-021-13,0,train,business
40.0,177441.45,32090.680000000004,5238.30325,13465.096242423111,22.0,10.0,12.0,0.15315398168290467,11.629434954007884,0.0,0.0,0.0,0.0,0.0,0.0,0.0,0.0,0.0,86902.99,0.0,0.0,0.21555791276470299,4.0,M-022-00,0,train,normal
44.0,157506.55999999997,36372.91,4406.35159090909,7987.564698297069,22.0,13.0,10.0,0.18760578415032808,11.629434954007884,0.0,0.0,0.0,0.0,22.0,1.0,1.0,0.0,0.0,51175.24,0.0,3500.0,0.3043655291809206,4.0,M-022-01,0,train,benign_cycle
52.0,190675.64,119108.81000000001,5957.393269230768,14874.650548533222,24.0,12.0,13.0,0.38448931184247637,11.629434954007884,0.7866144784965472,0.790753741821431,0.0,9983.43,45.916666666666664,1.0,1.0,0.0,0.0,88962.69,69979.34,9983.43,0.5642842876190266,4.0,M-022-02,1,train,classic
47.0,164910.13999999998,90560.85,5435.552978723404,10169.201762875588,22.0,11.0,11.0,0.3544858459271638,11.629434954007884,0.6757123861612183,0.6757123861612183,0.0,0.0,0.0,0.0,0.0,0.0,0.0,59788.5,40399.83,0.0,0.4396408602613602,5.0,M-022-03,0,train,quick_benign
46.0,153318.68,43521.91,4279.143260869564,7932.917222249398,24.0,12.0,12.0,0.22110231431433938,11.629434954007884,0.011906614371485758,0.011906614371485758,0.0,0.0,0.0,0.0,0.0,0.0,0.0,52568.26,625.91,0.0,0.5431634319357768,4.0,M-022-04,0,train,normal
47.0,183325.15999999997,55137.08000000001,5073.664680851064,11518.411516025364,21.0,10.0,11.0,0.2312193326708665,11.629434954007884,0.007091309674181648,0.007091309674181648,0.0,0.0,0.0,0.0,0.0,0.0,0.0,79865.36,566.35,0.0,0.4714390025732229,4.0,M-022-05,0,train,normal
40.0,134493.43,30493.309999999998,4124.6685,5940.607049366483,20.0,9.0,11.0,0.1848227924256216,11.629434954007884,0.0,0.0,0.0,0.0,0.0,0.0,0.0,0.0,0.0,33031.34,0.0,0.0,0.25119804967056714,4.0,M-022-06,0,train,normal
42.0,160560.63999999998,40893.079999999994,4796.517142857143,10770.81434208099,20.0,9.0,11.0,0.2029899472692785,11.629434954007884,0.0338589430347142,0.04040276619870372,0.0,0.0,0.0,0.0,0.0,0.0,0.0,70949.35,2402.27,0.0,0.3245600478124906,4.0,M-022-07,0,train,normal
42.0,145397.13999999998,33843.46,4267.633333333333,6730.35819311476,26.0,13.0,14.0,0.18881581516687626,11.629434954007884,0.0,0.054128698063141654,0.0,0.0,22.0,1.0,1.0,0.0,0.0,40799.06,0.0,3500.0,0.21774487596717357,4.0,M-022-08,0,train,benign_cycle
44.0,151238.95,41902.52,4389.578863636364,9982.941989808782,23.0,11.0,12.0,0.21695247530217093,11.629434954007884,0.014133011601879375,0.017905499629321503,0.0,0.0,0.0,0.0,0.0,0.0,0.0,67120.16,948.61,0.0,0.4255514942776712,4.0,M-022-09,0,train,normal
43.0,155531.99000000002,42775.37,4611.799069767442,10400.841925546625,22.0,11.0,11.0,0.21570238240275097,11.629434954007884,0.03829397166017366,0.045330565039836394,0.0,0.0,0.0,0.0,0.0,0.0,0.0,69164.15,2648.57,0.0,0.3569439609756736,4.0,M-022-10,0,train,normal
48.0,135680.64,50369.72,3876.049166666666,7347.157900153702,23.0,12.0,11.0,0.27073164491592494,11.629434954007884,0.008425945554603445,0.008425945554603445,0.0,0.0,0.0,0.0,0.0,0.0,0.0,50332.63,424.1,0.0,0.5733531971192216,4.0,M-022-11,0,train,normal
40.0,146040.05,31542.079999999998,4439.55325,8381.212535688792,23.0,11.0,12.0,0.17761967378136526,11.629434954007884,0.0,0.01744058426819034,0.0,0.0,0.0,0.0,0.0,0.0,0.0,52800.41,0.0,0.0,0.24830321906481756,4.0,M-022-12,0,train,normal
48.0,151201.95,51720.72,4227.555625,9021.353297605887,21.0,10.0,11.0,0.2548789644843526,11.629434954007884,0.01143485119212912,0.017981842126598247,0.0,0.0,0.0,0.0,0.0,0.0,0.0,62659.32,716.5,0.0,0.5471712304082387,4.0,M-023-00,0,train,normal
43.0,152416.71,42932.71,4543.009767441861,8849.686633182699,24.0,13.0,12.0,0.219773931245867,11.629434954007884,0.04183614187796822,0.05050908776961392,0.0,2432.57,22.0,1.0,1.0,0.0,0.0,58145.18,2432.57,3500.0,0.2359508635723205,4.0,M-023-01,0,train,benign_cycle
45.0,151659.33000000002,85308.73999999999,5265.957111111111,11115.600387757464,24.0,12.0,12.0,0.3600009908507926,11.629434954007884,0.7065424396144697,0.7398721949675681,0.0,0.0,0.0,0.0,0.0,0.0,0.0,63257.29,44693.96,0.0,0.5239083357695824,4.0,M-023-02,1,train,classic
43.0,166423.71,40488.1,4811.902558139535,10647.456381016187,19.0,10.0,9.0,0.19567805240309866,11.629434954007884,0.010736835485523703,0.016897251886305614,0.0,0.0,0.0,0.0,0.0,0.0,0.0,70284.21,754.63,0.0,0.35508976711675777,4.0,M-023-03,0,train,normal
40.0,143596.88999999998,33089.77,4417.1665,8450.600209114305,22.0,11.0,11.0,0.18727939053236956,11.629434954007884,0.0,0.0482419297897429,0.0,0.0,0.0,0.0,0.0,0.0,0.0,53309.02,0.0,0.0,0.23898564420363153,4.0,M-023-04,0,train,normal
43.0,173074.13999999998,91258.56,6147.272093023256,14885.462421756452,23.0,11.0,12.0,0.34524128115817676,11.629434954007884,0.635035485357538,0.635035485357538,0.0,0.0,0.0,0.0,0.0,0.0,0.0,86277.84,54789.49,0.0,0.5959455200695694,5.0,M-023-05,0,train,quick_benign
48.0,179495.47,53151.68000000001,4846.815625,12439.168530628349,25.0,12.0,13.0,0.2284647802476841,11.629434954007884,0.0,0.0296995985743351,0.0,0.0,0.0,0.0,0.0,0.0,0.0,87448.32,0.0,0.0,0.4901177159404932,4.0,M-023-06,0,train,normal
48.0,149002.41999999998,49056.700000000004,4126.231666666667,8541.727862563466,20.0,10.0,10.0,0.24768715522920634,11.629434954007884,0.006070870911145419,0.006070870911145419,0.0,0.0,0.0,0.0,0.0,0.0,0.0,59054.13,358.51,0.0,0.5338610220418413,4.0,M-023-07,0,train,normal
52.0,183118.91,106266.87999999998,5565.111346153846,11896.989858032453,22.0,13.0,10.0,0.3672152665132589,11.629434954007884,0.009259328108502,0.7848444905331867,0.0,647.53,41.0,1.0,1.0,0.0,0.0,69932.72,647.53,8499.029999999999,0.5104015475000302,4.0,M-023-08,1,train,delayed
40.0,131708.39,30909.659999999996,4065.4512499999996,6152.5522852488575,24.0,12.0,12.0,0.1900752099782281,11.629434954007884,0.0,0.045487648574852636,0.0,0.0,0.0,0.0,0.0,0.0,0.0,36030.66,0.0,0.0,0.2696215357917234,4.0,M-023-09,0,train,normal
71.0,173692.78,96652.80999999998,3807.6843661971825,4276.278916183935,39.0,19.0,20.0,0.35751576343449876,11.629434954007884,0.0,0.0,0.0,0.0,0.0,0.0,0.0,0.0,0.0,31966.12,0.0,0.0,0.15396148337539284,4.0,M-023-10,0,train,business
45.0,152107.46,63633.19999999999,4794.236888888889,9905.875804881964,24.0,11.0,14.0,0.2949522820593948,11.629434954007884,0.5201291208701154,0.5261575477852116,0.0,7276.49,45.875,1.0,1.0,0.0,0.0,61012.6,31734.43,7276.49,0.49870869294644943,4.0,M-023-11,1,train,partial
42.0,157418.45000000004,40359.01,4708.987142857142,8428.118124521174,25.0,12.0,13.0,0.2040627379884442,11.629434954007884,0.009867238732086421,0.009867238732086421,0.0,0.0,0.0,0.0,0.0,0.0,0.0,53947.21,532.31,0.0,0.32611379714219946,4.0,M-023-12,0,train,normal
42.0,121979.76999999999,36287.700000000004,3768.2730952380944,5555.316447105287,23.0,12.0,11.0,0.2292808496907167,11.629434954007884,0.051426529207316024,0.06983219805745901,0.0,0.0,0.0,0.0,0.0,0.0,0.0,33381.02,1716.67,0.0,0.3446495644529689,4.0,M-024-00,0,train,normal
44.0,134405.18,40125.14,3966.598181818182,5323.990206892533,25.0,13.0,13.0,0.2299035491369064,11.629434954007884,0.0,0.0,0.0,0.0,22.0,1.0,1.0,0.0,0.0,31233.12,0.0,3500.0,0.32546578030631174,4.0,M-024-01,0,train,benign_cycle
48.0,128412.09000000001,50602.42,3729.4689583333334,5746.424821710974,23.0,13.0,10.0,0.28267216998219863,11.629434954007884,0.006901921851697321,0.006901921851697321,0.0,0.0,0.0,0.0,0.0,0.0,0.0,36382.62,251.11,0.0,0.5587400760675082,4.0,M-024-02,0,train,normal
42.0,169660.35,41073.17999999999,5017.465,11098.12791313499,24.0,11.0,13.0,0.19490576558936773,11.629434954007884,0.0,0.0,0.0,0.0,0.0,0.0,0.0,0.0,0.0,72361.99,0.0,0.0,0.3460481998228528,4.0,M-024-03,0,train,normal
50.0,259678.77,77893.0,6751.435399999999,14876.235117191743,31.0,11.0,20.0,0.2307450057213019,11.629434954007884,0.006807549112347628,0.006807549112347628,0.0,0.0,0.0,0.0,0.0,0.0,0.0,86484.87,588.75,0.0,0.1110122860847573,5.0,M-024-04,0,train,seasonal
48.0,186950.17,54753.61,5035.495416666668,11320.712543883328,21.0,11.0,10.0,0.22653187302242436,11.629434954007884,0.003668147080979762,0.003668147080979762,0.0,0.0,0.0,0.0,0.0,0.0,0.0,78851.8,289.24,0.0,0.5225257293537358,4.0,M-024-05,0,train,normal
41.0,135703.31,36251.420000000006,4194.017804878048,6438.930500618308,23.0,11.0,12.0,0.2108195569845622,11.629434954007884,0.06640119716841533,0.06640119716841533,0.0,0.0,0.0,0.0,0.0,0.0,0.0,39519.92,2624.17,0.0,0.2623378615237692,4.0,M-024-06,0,train,normal
48.0,173069.16999999998,55922.740000000005,4770.664791666666,11330.81232983963,22.0,11.0,11.0,0.24421273223145748,11.629434954007884,0.010889249473494724,0.01851208916538371,0.0,0.0,0.0,0.0,0.0,0.0,0.0,79438.9,865.03,0.0,0.5282214355019085,4.0,M-024-07,0,train,normal
41.0,134483.01,68302.59999999999,4945.990487804878,8071.795634518624,25.0,12.0,13.0,0.336821730102052,11.629434954007884,0.8066749137042205,0.8066749137042205,0.0,0.0,0.0,0.0,0.0,0.0,0.0,41259.26,33282.81,0.0,0.48191781864819205,5.0,M-024-08,0,train,quick_benign
42.0,180073.9,34992.71,5120.6335714285715,11914.114299563402,24.0,11.0,14.0,0.16270638199021223,11.629434954007884,0.0,0.0,0.0,0.0,22.0,1.0,1.0,0.0,0.0,78374.99,0.0,3500.0,0.1895457653894197,4.0,M-024-09,0,train,benign_cycle
41.0,154290.77999999997,32981.409999999996,4567.6143902439035,9145.101657164794,23.0,11.0,12.0,0.17611483050419816,11.629434954007884,0.0,0.006636772494175994,0.0,0.0,0.0,0.0,0.0,0.0,0.0,58602.28,0.0,0.0,0.3059847956773225,4.0,M-024-10,0,train,normal
43.0,166868.74999999997,34922.85,4692.827906976744,11468.239784441397,23.0,13.0,10.0,0.17306394319684268,11.629434954007884,0.0,0.0,0.0,0.0,0.0,0.0,0.0,0.0,0.0,75944.16,0.0,0.0,0.4255067956939368,4.0,M-024-11,0,train,normal
47.0,151900.81,54300.95000000001,4387.271489361701,9293.539595032802,20.0,9.0,11.0,0.2633389259141145,11.629434954007884,0.008569789357958654,0.008569789357958654,0.0,0.0,0.0,0.0,0.0,0.0,0.0,64299.13,551.03,0.0,0.4801035709320002,4.0,M-024-12,0,train,normal
43.0,176166.49000000002,41526.119999999995,5062.618837209303,10905.36315063548,21.0,11.0,11.0,0.1907557633674381,11.629434954007884,0.006304052795076164,0.006304052795076164,0.0,455.73,22.0,1.0,1.0,0.0,0.0,72291.59,455.73,3500.0,0.268735436876838,4.0,M-024-13,0,train,benign_cycle
42.0,152022.13,27305.950000000004,4269.716190476191,8496.454341682756,21.0,11.0,11.0,0.1522681222037285,11.629434954007884,0.007892323415357897,0.007892323415357897,0.0,427.36,22.0,1.0,1.0,0.0,0.0,54148.82,427.36,3500.0,0.26215678267923287,4.0,M-025-00,0,train,benign_cycle
43.0,164820.91999999995,41691.86,4802.622790697675,10341.029288366673,22.0,11.0,12.0,0.20188513272641045,11.629434954007884,0.007477607765973774,0.007477607765973774,0.0,513.07,22.0,1.0,1.0,0.0,0.0,68614.19,513.07,3500.0,0.2185201139982721,4.0,M-025-01,0,train,benign_cycle
50.0,133008.46000000002,59318.53999999999,3846.54,7365.818364040482,24.0,12.0,13.0,0.30842544208561457,11.629434954007884,0.012176716234552054,0.07902613009889128,0.0,637.53,22.0,1.0,1.0,0.0,0.0,52356.48,637.53,3500.0,0.5087913492139221,4.0,M-025-02,0,train,benign_cycle
43.0,161234.9,39219.03999999999,4661.71953488372,10460.34384532918,24.0,12.0,12.0,0.1956511306288118,11.629434954007884,0.0,0.0,0.0,0.0,0.0,0.0,0.0,0.0,0.0,69195.11,0.0,0.0,0.40322251641039664,4.0,M-025-03,0,train,normal
74.0,214160.26,121992.91,4542.610405405406,8490.838358062914,34.0,17.0,17.0,0.3629087002213901,11.629434954007884,0.007368642378500003,0.05288984036656163,0.0,0.0,0.0,0.0,0.0,0.0,0.0,73242.8,539.7,0.0,0.18008128505172963,4.0,M-025-04,0,train,business
73.0,199610.60000000003,122063.34,4406.492328767124,9552.093006075642,38.0,19.0,19.0,0.37946294312806317,11.629434954007884,0.1049150294515565,0.10878032639422755,0.0,0.0,0.0,0.0,0.0,0.0,0.0,82443.86,8649.6,0.0,0.1729773247233772,4.0,M-025-05,0,train,business
45.0,133071.99,42043.18,3891.448222222222,6148.098568577402,21.0,11.0,10.0,0.24008873702946468,11.629434954007884,0.05775568937165259,0.07175959677396299,0.0,0.0,0.0,0.0,0.0,0.0,0.0,38475.69,2222.19,0.0,0.47246664024938173,4.0,M-025-06,0,train,normal
44.0,169093.41,42891.38999999999,4817.836363636364,11834.929300898806,20.0,9.0,12.0,0.20233238420867908,11.629434954007884,0.03278566241534295,0.0379426768495857,0.0,2623.99,22.0,1.0,1.0,0.0,0.0,80034.68,2623.99,3500.0,0.28511433180412205,4.0,M-025-07,0,train,benign_cycle
48.0,131839.94999999995,54523.89,3882.58,5885.703193726091,22.0,10.0,12.0,0.2925668949512953,11.629434954007884,0.0115133307378446,0.0115133307378446,0.0,0.0,0.0,0.0,0.0,0.0,0.0,38348.59,441.52,0.0,0.4935299003794484,4.0,M-025-08,0,train,normal
41.0,137483.12,37901.200000000004,4277.666341463414,8740.619830165742,22.0,10.0,12.0,0.21610369729745516,11.629434954007884,0.03978492825426601,0.04739289022139466,0.0,0.0,0.0,0.0,0.0,0.0,0.0,56208.22,2236.24,0.0,0.2874299494475108,4.0,M-025-09,0,train,normal
52.0,182062.31,111927.12,5653.642884615386,11837.054176490472,23.0,12.0,12.0,0.380718177520872,11.629434954007884,0.9144245439738145,0.9144245439738145,0.0,8376.68,47.416666666666664,1.0,1.0,0.0,0.0,65391.53,59795.62,8376.68,0.5293068382354518,4.0,M-025-10,1,train,multihop
47.0,128278.59,49503.6,3782.599787234042,6746.698398659168,23.0,12.0,11.0,0.27845083919823466,11.629434954007884,0.0,0.0,0.0,0.0,0.0,0.0,0.0,0.0,0.0,45292.66,0.0,0.0,0.49716242859105203,4.0,M-025-11,0,train,normal
48.0,169046.66,52584.420000000006,4617.314166666666,10701.626572057834,20.0,10.0,10.0,0.23726103757649877,11.629434954007884,0.031362644172541476,0.038940518810493534,0.0,0.0,0.0,0.0,0.0,0.0,0.0,75003.88,2352.32,0.0,0.4761406515465987,4.0,M-025-12,0,train,normal
44.0,188900.24999999997,38128.48,5159.743863636364,12975.266273732675,21.0,10.0,11.0,0.16794561639841796,11.629434954007884,0.02978971727999844,0.03711240115472739,0.0,0.0,0.0,0.0,0.0,0.0,0.0,87137.45,2595.8,0.0,0.45828813527316065,4.0,M-026-00,0,train,normal
48.0,133753.13999999998,50665.310000000005,3842.051041666667,5968.912538252271,20.0,9.0,11.0,0.27473015850637506,11.629434954007884,0.0,0.0144576783006519,0.0,0.0,0.0,0.0,0.0,0.0,0.0,38579.5,0.0,0.0,0.5625573000540212,4.0,M-026-01,0,train,normal
47.0,168279.46000000002,49691.56,4637.681276595745,10174.681217065254,26.0,13.0,14.0,0.2279732415804633,11.629434954007884,0.03051012873862972,0.03900796395841303,0.0,2147.06,22.0,1.0,1.0,0.0,0.0,70372.04,2147.06,3500.0,0.3883214775305907,4.0,M-026-02,0,train,benign_cycle
41.0,182584.05000000005,39094.6,5406.796341463414,11996.945753568982,23.0,12.0,11.0,0.1763570826509454,11.629434954007884,0.003437716403587419,0.003437716403587419,0.0,0.0,0.0,0.0,0.0,0.0,0.0,78008.18,268.17,0.0,0.2937717741069099,4.0,M-026-03,0,train,normal
41.0,135068.1,32946.18,4097.909268292682,5813.798568329001,24.0,13.0,11.0,0.19609154650426147,11.629434954007884,0.03695685817546224,0.05122367171307972,0.0,0.0,0.0,0.0,0.0,0.0,0.0,32954.1,1217.88,0.0,0.2946141252187659,4.0,M-026-04,0,train,normal
46.0,137271.47999999998,76099.04999999999,4638.489782608695,7394.33689731937,22.0,10.0,12.0,0.35665211123579244,11.629434954007884,0.7656712186642071,0.7772831927834777,0.0,0.0,0.0,0.0,0.0,0.0,0.0,40635.64,31113.539999999997,0.0,0.4017101396140951,5.0,M-026-05,0,train,quick_benign
46.0,168126.23,49127.48,4722.906739130434,9545.325215163899,23.0,12.0,11.0,0.22612953306988406,11.629434954007884,0.005129746041566449,0.005129746041566449,0.0,0.0,0.0,0.0,0.0,0.0,0.0,64297.53,329.83,0.0,0.4962806966691554,4.0,M-026-06,0,train,normal
40.0,159708.03,31093.089999999997,4770.028,8892.621455300232,24.0,12.0,12.0,0.16296073104811962,11.629434954007884,0.00931146070318984,0.00931146070318984,0.0,0.0,0.0,0.0,0.0,0.0,0.0,55110.58,513.16,0.0,0.24543781271015525,4.0,M-026-07,0,train,normal
48.0,162199.98000000004,55682.8,4539.224583333334,10886.905240349903,23.0,12.0,11.0,0.2555631059967199,11.629434954007884,0.02294219690642225,0.028008696179388625,0.0,0.0,0.0,0.0,0.0,0.0,0.0,76530.16,1755.77,0.0,0.4949197956999289,4.0,M-026-08,0,train,normal
44.0,144631.56999999998,42395.7,4250.619772727273,7654.774541706719,22.0,12.0,11.0,0.22668191649271252,11.629434954007884,0.01147406170492727,0.02073982663534211,0.0,571.08,22.0,1.0,1.0,0.0,0.0,49771.39,571.08,3500.0,0.29111065509002093,4.0,M-026-09,0,train,benign_cycle
48.0,177237.44,48682.54999999999,4706.666458333333,12053.036430754093,22.0,11.0,11.0,0.21548580096874115,11.629434954007884,0.003320079435843206,0.003320079435843206,0.0,0.0,0.0,0.0,0.0,0.0,0.0,84531.11,280.65,0.0,0.5012467506324136,4.0,M-026-10,0,train,normal
49.0,173853.28000000003,100848.12999999999,5606.151224489796,10685.08354347763,28.0,12.0,16.0,0.36711908395373727,11.629434954007884,0.7985245692154954,0.8028969389059035,0.0,0.0,0.0,0.0,0.0,0.0,0.0,71213.1,56865.41,0.0,0.22715017125255574,4.0,M-026-11,1,train,split_no_return
55.0,212798.28,86159.81,5435.601636363635,10542.715997051022,31.0,12.0,19.0,0.28820029590100743,11.629434954007884,0.07149972025129611,0.1521826471595588,0.0,0.0,0.0,0.0,0.0,0.0,0.0,61751.85,4415.24,0.0,0.23781679648550758,5.0,M-026-12,0,train,seasonal
72.0,234277.29,108787.94,4764.794861111111,7620.307896530857,39.0,20.0,19.0,0.3171057002774662,11.629434954007884,0.008498712183501797,0.008498712183501797,0.0,0.0,0.0,0.0,0.0,0.0,0.0,63875.56,542.86,0.0,0.15735080561319573,4.0,M-026-13,0,train,business
73.0,222433.46,103442.40999999999,4464.053013698631,8244.590482145824,34.0,18.0,16.0,0.3174288725335815,11.629434954007884,0.021365181800587257,0.027641516634881666,0.0,0.0,0.0,0.0,0.0,0.0,0.0,69959.62,1494.7,0.0,0.20747989146811258,4.0,M-027-00,0,val,business
42.0,158787.96000000002,35799.88999999999,4633.044047619048,9340.171849945767,21.0,11.0,11.0,0.183978033571983,11.629434954007884,0.0,0.03828359091999011,0.0,0.0,22.0,1.0,1.0,0.0,0.0,60763.37,0.0,3500.0,0.19952910469836643,4.0,M-027-01,0,val,benign_cycle
46.0,175559.04000000007,49350.74999999999,4889.343260869566,11630.690847204565,21.0,10.0,11.0,0.2194246413195263,11.629434954007884,0.0,0.0,0.0,0.0,0.0,0.0,0.0,0.0,0.0,79830.27,0.0,0.0,0.432080566151477,4.0,M-027-02,0,val,normal
44.0,169080.82,83490.34999999998,5740.253863636364,12530.06579796357,22.0,12.0,11.0,0.3305616789121259,12.3850197109067,0.7974511332317062,0.7974511332317062,0.0,8737.35,47.416666666666664,1.0,1.0,0.0,0.0,67711.66,53996.74,8737.35,0.6417974053288795,4.0,M-027-03,1,val,multihop
44.0,181522.50999999998,41699.39,5073.224999999999,11458.905958984182,24.0,11.0,13.0,0.18680689484320312,11.629434954007884,0.006020440676625374,0.006020440676625374,0.0,0.0,0.0,0.0,0.0,0.0,0.0,76609.01,461.22,0.0,0.42339132538869273,4.0,M-027-04,0,val,normal
46.0,185942.89,44544.54,5010.596304347827,10569.790578936327,23.0,12.0,12.0,0.19326233972932924,11.629434954007884,0.037771408230654314,0.042953913272073686,0.0,2702.63,22.0,1.0,1.0,0.0,0.0,71552.27,2702.63,3500.0,0.37398320871648916,4.0,M-027-05,0,val,benign_cycle
42.0,184781.64999999997,40226.35999999999,5357.333571428572,12806.617094821171,24.0,12.0,12.0,0.17877745774472645,11.629434954007884,0.00473541837417777,0.00473541837417777,0.0,0.0,0.0,0.0,0.0,0.0,0.0,84296.67,399.18,0.0,0.3152708820783189,4.0,M-027-06,0,val,normal
45.0,166918.45,45207.3,4713.905555555555,10941.079045869197,21.0,12.0,9.0,0.21311556942049706,11.629434954007884,0.005075068098729766,0.005075068098729766,0.0,0.0,0.0,0.0,0.0,0.0,0.0,74296.54,377.06,0.0,0.42453364832670826,4.0,M-027-07,0,val,normal
46.0,154336.03,41037.92,4247.259782608696,7694.074917901744,26.0,12.0,15.0,0.2100480642378372,11.629434954007884,0.010723997598107576,0.010723997598107576,0.0,545.6,22.0,1.0,1.0,0.0,0.0,50876.55,545.6,3500.0,0.44402299141866836,4.0,M-027-08,0,val,benign_cycle
48.0,177803.55000000002,53529.56,4819.439791666667,12450.631875663228,21.0,11.0,10.0,0.23139601590105283,11.629434954007884,0.024572432095071057,0.03009062419941903,0.0,0.0,0.0,0.0,0.0,0.0,0.0,87787.81,2157.16,0.0,0.5165353498141961,4.0,M-027-09,0,val,normal
42.0,170685.03,37533.06,4957.573571428571,11766.105212323686,23.0,10.0,14.0,0.18025840117926353,11.629434954007884,0.0,0.0,0.0,0.0,22.0,1.0,1.0,0.0,0.0,77712.22,0.0,3500.0,0.18274555818257293,4.0,M-027-10,0,val,benign_cycle
69.0,207113.74,94189.78,4366.717681159421,8357.202839674714,36.0,17.0,19.0,0.3126076323303491,11.629434954007884,0.005268233642440708,0.005268233642440708,0.0,0.0,0.0,0.0,0.0,0.0,0.0,69733.05,367.37,0.0,0.13856068036256164,4.0,M-027-11,0,val,business
42.0,175560.31,40574.71,5146.071904761904,12568.392640011167,26.0,12.0,14.0,0.18772853191491135,11.629434954007884,0.0,0.019182081161345597,0.0,0.0,0.0,0.0,0.0,0.0,0.0,83103.6,0.0,0.0,0.31806733800438747,4.0,M-027-12,0,val,normal
47.0,143242.14999999994,46766.85,4042.744680851064,8906.686434727384,20.0,10.0,10.0,0.2461296570162466,11.629434954007884,0.01808313206819482,0.02249188733748253,0.0,0.0,0.0,0.0,0.0,0.0,0.0,61502.62,1112.16,0.0,0.5260645093693502,4.0,M-028-00,0,test,normal
46.0,139370.31,49629.659999999996,4108.695,6555.751006855422,24.0,12.0,12.0,0.2625908353318786,11.629434954007884,0.028020454226606466,0.028020454226606466,0.0,0.0,0.0,0.0,0.0,0.0,0.0,42696.31,1196.37,0.0,0.43986035769739307,4.0,M-028-01,0,test,normal
46.0,147049.91,44906.06,4172.955869565218,6463.472830238293,25.0,12.0,13.0,0.2339393768268838,11.629434954007884,0.015980550547232773,0.015980550547232773,0.0,0.0,0.0,0.0,0.0,0.0,0.0,40338.41,644.63,0.0,0.5073010190606791,4.0,M-028-02,0,test,normal
45.0,145451.99000000002,44056.45000000001,4211.2986666666675,7186.224136968855,26.0,13.0,14.0,0.23247750865344047,11.629434954007884,0.016459985563507477,0.02202193061160109,0.0,773.26,22.0,1.0,1.0,0.0,0.0,46978.17,773.26,3500.0,0.3219585327460564,4.0,M-028-03,0,test,benign_cycle
60.0,184788.31,101713.79999999999,4775.035166666667,12965.938045537943,41.0,14.0,28.0,0.35501937490093877,11.629434954007884,0.7494109507884533,0.7536613165807414,0.0,10904.02,46.666666666666664,1.0,1.0,0.0,0.0,82505.84,61830.78,10904.02,0.6052165979444284,4.0,M-028-04,1,test,camouflaged
40.0,134541.11,30641.819999999996,4129.5732499999995,7840.180526893301,21.0,11.0,10.0,0.1855023397393423,11.629434954007884,0.010945314804064627,0.010945314804064627,0.0,0.0,0.0,0.0,0.0,0.0,0.0,49301.46,539.62,0.0,0.22073884645233216,4.0,M-028-05,0,test,normal
40.0,146967.92999999996,33778.72,4518.66625,7828.815715479157,22.0,11.0,11.0,0.1868843488938799,11.629434954007884,0.04275320792170304,0.04275320792170304,0.0,0.0,0.0,0.0,0.0,0.0,0.0,48039.67,2053.85,0.0,0.19870735184755373,4.0,M-028-06,0,test,normal
49.0,156292.95,59990.68000000001,4413.951632653061,8256.154366461804,24.0,12.0,13.0,0.2773704140253241,11.629434954007884,0.0,0.0,0.0,0.0,22.0,1.0,1.0,0.0,0.0,57915.68,0.0,3500.0,0.4309747780821954,4.0,M-028-07,0,test,benign_cycle
68.0,234624.16,82590.62999999999,4664.923382352941,8055.016427886561,37.0,18.0,19.0,0.26036185134999534,11.629434954007884,0.008604150805285492,0.01735863407126896,0.0,0.0,0.0,0.0,0.0,0.0,0.0,65055.81,559.75,0.0,0.12997721412223157,4.0,M-028-08,0,test,business
40.0,136641.91,29697.9,4158.49525,7369.679500815822,20.0,10.0,10.0,0.17853753710551912,11.629434954007884,0.008767711072362102,0.008767711072362102,0.0,0.0,0.0,0.0,0.0,0.0,0.0,44933.05,393.96,0.0,0.24332932631600213,4.0,M-028-09,0,test,normal
40.0,153609.28999999998,30715.78,4608.12675,10575.960955497707,22.0,11.0,11.0,0.16663918803882727,11.629434954007884,0.006864956159730428,0.015481399372673852,0.0,0.0,0.0,0.0,0.0,0.0,0.0,67805.24,465.48,0.0,0.2518008658741533,4.0,M-028-10,0,test,normal
46.0,138501.95,46143.93,4014.0408695652177,8800.989728999068,25.0,12.0,13.0,0.24990500735786794,11.629434954007884,0.006382539065839626,0.006382539065839626,0.0,0.0,0.0,0.0,0.0,0.0,0.0,60588.74,386.71,0.0,0.5134508482480794,4.0,M-028-11,0,test,normal
44.0,134666.4,38223.06999999999,3929.3061363636357,7181.096261563543,24.0,13.0,11.0,0.22108385201250255,11.629434954007884,0.0,0.010093882442854165,0.0,0.0,0.0,0.0,0.0,0.0,0.0,46057.6,0.0,0.0,0.4264100188708025,4.0,M-029-00,0,test,normal
46.0,191773.31000000003,46869.55,5187.888260869566,11196.574696509197,21.0,11.0,10.0,0.19640038675366192,11.629434954007884,0.030975208981273965,0.035463548921241976,0.0,0.0,0.0,0.0,0.0,0.0,0.0,75749.61,2346.36,0.0,0.5069329660728554,4.0,M-029-01,0,test,normal
57.0,169321.09999999998,95440.25000000001,4644.935964912282,9040.940264702107,30.0,12.0,18.0,0.36047651970349903,11.629434954007884,0.0,0.0,0.0,0.0,0.0,0.0,0.0,0.0,0.0,38398.57,0.0,0.0,0.30437064026969746,5.0,M-029-02,0,test,seasonal
44.0,119575.02,40477.28,3637.5522727272732,7098.821274489187,22.0,11.0,12.0,0.25290033320358407,11.629434954007884,0.006420106354645617,0.006420106354645617,0.0,303.25,22.0,1.0,1.0,0.0,0.0,47234.42,303.25,3500.0,0.31872472656265444,4.0,M-029-03,0,test,benign_cycle
42.0,140298.32,39694.13,4285.534523809523,7618.13104121258,19.0,9.0,10.0,0.22053219454482675,11.629434954007884,0.0,0.023527648579024736,0.0,0.0,0.0,0.0,0.0,0.0,0.0,48441.73,0.0,0.0,0.34452852348697405,4.0,M-029-04,0,test,normal
45.0,134527.01,40662.869999999995,3893.1084444444446,6943.1789464035855,22.0,11.0,11.0,0.23210741396706244,11.629434954007884,0.02780332697333893,0.03329430742469375,0.0,0.0,0.0,0.0,0.0,0.0,0.0,45576.56,1267.18,0.0,0.45111744448928476,4.0,M-029-05,0,test,normal
44.0,163332.2,91328.31,5787.738863636363,12945.315869792654,23.0,11.0,13.0,0.35862768828979413,12.3850197109067,0.8326367405994678,0.8326367405994678,0.0,8590.3,47.25,1.0,1.0,0.0,0.0,69170.02,57593.5,8590.3,0.6252723826817774,4.0,M-029-06,1,test,multihop
42.0,156060.54,38329.58,4628.336190476191,8283.195201408276,23.0,11.0,12.0,0.19717864261825652,11.629434954007884,0.01208712415920313,0.01208712415920313,0.0,0.0,0.0,0.0,0.0,0.0,0.0,52774.34,637.89,0.0,0.33438274043180227,4.0,M-029-07,0,test,normal
41.0,112825.60999999999,42114.700000000004,3779.0319512195115,5111.4353386906605,25.0,12.0,13.0,0.27181241602007905,11.629434954007884,0.0,0.0,0.0,0.0,0.0,0.0,0.0,0.0,0.0,30877.48,0.0,0.0,0.25708030687622135,4.0,M-029-08,0,test,normal
46.0,161114.61000000002,51762.56,4627.764565217391,8857.274327252077,22.0,10.0,12.0,0.2431569341136957,11.629434954007884,0.016362325057769345,0.016362325057769345,0.0,0.0,0.0,0.0,0.0,0.0,0.0,59815.46,978.72,0.0,0.4497385755264036,4.0,M-029-09,0,test,normal
41.0,167995.78000000003,27491.540000000008,4767.983414634146,11147.457761254984,23.0,11.0,12.0,0.14063080920031032,11.629434954007884,0.0,0.007544965826014127,0.0,0.0,0.0,0.0,0.0,0.0,0.0,71602.71,0.0,0.0,0.3597797722499357,4.0,M-029-10,0,test,normal
45.0,144167.7,46399.92,4234.836,8173.986011227841,24.0,11.0,13.0,0.2434827070831865,11.629434954007884,0.0,0.0,0.0,0.0,0.0,0.0,0.0,0.0,0.0,54544.84,0.0,0.0,0.4459971051674227,4.0,M-029-11,0,test,normal
43.0,147417.50000000003,42053.58,4406.304186046511,8756.00700395654,22.0,12.0,10.0,0.22195250061381405,11.629434954007884,0.0,0.03976790021881168,0.0,0.0,0.0,0.0,0.0,0.0,0.0,57464.94,0.0,0.0,0.3729228284488502,4.0,M-030-00,0,train,normal
44.0,170085.30000000002,37986.780000000006,4728.910909090909,10735.64481068024,22.0,11.0,11.0,0.18256548403803147,11.629434954007884,0.005734149243297092,0.005734149243297092,0.0,0.0,0.0,0.0,0.0,0.0,0.0,71292.18,408.8,0.0,0.4751026541338854,4.0,M-030-01,0,train,normal
44.0,164585.93999999997,40601.42,4663.349090909091,9703.111377088564,23.0,10.0,13.0,0.1978748593480612,11.629434954007884,0.0,0.0,0.0,0.0,0.0,0.0,0.0,0.0,0.0,64168.68,0.0,0.0,0.39557877532362173,4.0,M-030-02,0,train,normal
46.0,127270.14999999998,51015.76,3875.780652173913,6195.129232906319,22.0,11.0,12.0,0.2861457756252303,11.629434954007884,0.05177278176873667,0.06077193375766379,0.0,2124.61,22.0,1.0,1.0,0.0,0.0,41037.2,2124.61,3500.0,0.3597976390041038,4.0,M-030-03,0,train,benign_cycle
44.0,181992.36,46398.81999999999,5190.708636363636,11391.04598238111,24.0,12.0,12.0,0.2031550430274934,11.629434954007884,0.004940854898643957,0.004940854898643957,0.0,0.0,0.0,0.0,0.0,0.0,0.0,76330.92,377.14,0.0,0.40311779480598864,4.0,M-030-04,0,train,normal
47.0,152738.6,51205.13,4339.22829787234,10961.54778878835,22.0,11.0,11.0,0.2510747940130349,11.629434954007884,0.021767547872760445,0.025377078043564545,0.0,0.0,0.0,0.0,0.0,0.0,0.0,76744.06,1670.53,0.0,0.5079323106884017,4.0,M-030-05,0,train,normal
43.0,180639.4,36689.77999999999,5054.166976744186,10518.579789073247,25.0,12.0,13.0,0.16882123238122,11.629434954007884,0.0,0.027736861651386835,0.0,0.0,0.0,0.0,0.0,0.0,0.0,68663.5,0.0,0.0,0.426161181669664,4.0,M-030-06,0,train,normal
49.0,144400.88999999998,105906.91000000002,5108.322448979591,11643.47587823056,22.0,9.0,13.0,0.4231067110173955,11.629434954007884,0.809905851919472,0.8185998534210777,0.0,0.0,0.0,0.0,0.0,0.0,0.0,67008.27,54270.39,0.0,0.4980468224405753,5.0,M-030-07,0,train,quick_benign
41.0,182414.48,35123.24,5305.798048780488,13041.428127221308,22.0,9.0,13.0,0.16145815999174762,11.629434954007884,0.007153111471810348,0.007153111471810348,0.0,0.0,0.0,0.0,0.0,0.0,0.0,84675.04,605.69,0.0,0.24599524417451243,4.0,M-030-08,0,train,normal
51.0,207287.87000000002,79322.02,5619.801764705882,11036.229834915423,29.0,10.0,19.0,0.2767595354089142,11.629434954007884,0.007331315186675095,0.007331315186675095,0.0,0.0,0.0,0.0,0.0,0.0,0.0,57617.22,422.41,0.0,0.14505492926176108,5.0,M-030-09,0,train,seasonal
72.0,230052.89,108758.54,4705.714305555556,9047.002273849523,38.0,19.0,19.0,0.3210002094675495,11.629434954007884,0.0,0.0,0.0,0.0,0.0,0.0,0.0,0.0,0.0,76622.83,0.0,0.0,0.15330593809001117,4.0,M-030-10,0,train,business
48.0,134165.85,49459.18,3825.521458333333,5178.052733378635,23.0,11.0,13.0,0.2693487919375697,11.629434954007884,0.0,0.05439597168884765,0.0,0.0,22.0,1.0,1.0,0.0,0.0,31369.97,0.0,3500.0,0.4729215082013087,4.0,M-030-11,0,train,benign_cycle
48.0,152667.40999999997,52607.21,4276.5545833333335,7479.990195341435,21.0,10.0,11.0,0.2562772251143371,11.629434954007884,0.0387048147402605,0.0387048147402605,0.0,0.0,0.0,0.0,0.0,0.0,0.0,50125.03,1940.08,0.0,0.48943652400497956,4.0,M-030-12,0,train,normal
48.0,168892.88999999998,116154.96,5938.496875,13465.579588833794,22.0,9.0,13.0,0.4074928472535401,11.629434954007884,0.8612386797133604,0.8612386797133604,0.0,0.0,0.0,0.0,0.0,0.0,0.0,88338.09,76080.18000000001,0.0,0.2183295487338638,4.0,M-031-00,1,train,split_no_return
43.0,178390.1,36796.25,5004.333720930233,10496.735964698968,24.0,12.0,12.0,0.1709971380619635,11.629434954007884,0.005973298928002528,0.005973298928002528,0.0,0.0,0.0,0.0,0.0,0.0,0.0,68578.52,409.64,0.0,0.37789013826137174,4.0,M-031-01,0,train,normal
43.0,118624.37000000001,39898.79000000001,3686.585116279069,6056.372800724091,22.0,10.0,12.0,0.25169060470406984,11.629434954007884,0.0,0.0,0.0,0.0,0.0,0.0,0.0,0.0,0.0,37982.16,0.0,0.0,0.38358907626020733,4.0,M-031-02,0,train,normal
43.0,166253.17,33402.770000000004,4643.161395348837,12268.060046028504,22.0,11.0,11.0,0.16730165904405353,11.629434954007884,0.004699818442221547,0.004699818442221547,0.0,0.0,0.0,0.0,0.0,0.0,0.0,81803.16,384.46,0.0,0.439803345650675,4.0,M-031-03,0,train,normal
42.0,130825.76999999999,33671.9,3916.61119047619,5903.449989580831,21.0,11.0,10.0,0.2046953005474181,11.629434954007884,0.01293707119594743,0.01293707119594743,0.0,0.0,0.0,0.0,0.0,0.0,0.0,34715.74,449.12,0.0,0.40093044942518835,4.0,M-031-04,0,train,normal
41.0,142177.71,32298.0,4255.50512195122,10107.171354576722,23.0,11.0,12.0,0.18511459274187791,11.629434954007884,0.0,0.0,0.0,0.0,0.0,0.0,0.0,0.0,0.0,66024.32,0.0,0.0,0.27373893120317044,4.0,M-031-05,0,train,normal
43.0,141425.02,40403.88,4228.579069767442,7735.682898516703,21.0,11.0,10.0,0.2222082408242034,11.629434954007884,0.012294679353963769,0.012294679353963769,0.0,0.0,0.0,0.0,0.0,0.0,0.0,50082.64,615.75,0.0,0.3653968381254474,4.0,M-031-06,0,train,normal
45.0,176941.98,44098.88,4912.019111111111,11675.127220038301,23.0,11.0,12.0,0.19950555747928234,11.629434954007884,0.005920034718886713,0.005920034718886713,0.0,0.0,0.0,0.0,0.0,0.0,0.0,79219.13,468.98,0.0,0.417946668940345,4.0,M-031-07,0,train,normal
47.0,194720.88,49504.63,5196.28744680851,12595.83496315155,23.0,11.0,12.0,0.20270048775821986,11.629434954007884,0.0,0.028323454947629053,0.0,0.0,0.0,0.0,0.0,0.0,0.0,86986.21,0.0,0.0,0.5164462394729543,4.0,M-031-08,0,train,normal
43.0,147709.7,39454.50000000001,4352.655813953488,8995.629114033009,24.0,12.0,12.0,0.21080153148946226,11.629434954007884,0.009247244224861955,0.009247244224861955,0.0,0.0,0.0,0.0,0.0,0.0,0.0,58946.21,545.09,0.0,0.40703063021961994,4.0,M-031-09,0,train,normal
47.0,148302.84,70126.56,4647.434042553192,7225.429917504477,21.0,11.0,11.0,0.32104908954563804,11.629434954007884,0.8065136291143703,0.8065136291143703,0.0,5133.1,46.083333333333336,1.0,1.0,0.0,0.0,38637.14,31161.38,5133.1,0.4391416034096069,4.0,M-031-10,1,train,ring
44.0,155574.9,42769.51,4507.827499999999,9464.539277880674,21.0,9.0,12.0,0.21563254542943766,11.629434954007884,0.02419231219358302,0.02419231219358302,0.0,0.0,0.0,0.0,0.0,0.0,0.0,62888.16,1521.41,0.0,0.4467170654982954,4.0,M-031-11,0,train,normal
41.0,159814.74000000002,39513.09,4861.6543902439025,9926.08607557516,22.0,10.0,12.0,0.19823167693141494,11.629434954007884,0.005568614681542841,0.005568614681542841,0.0,0.0,0.0,0.0,0.0,0.0,0.0,63816.59,355.37,0.0,0.2988338801141597,4.0,M-031-12,0,train,normal
44.0,183477.97999999998,40313.07,5086.160227272727,10982.661322197922,24.0,12.0,13.0,0.18013709663545527,11.629434954007884,0.0,0.0,0.0,0.0,22.0,1.0,1.0,0.0,0.0,73148.86,0.0,3500.0,0.3386358320018793,4.0,M-031-13,0,train,benign_cycle
70.0,214959.00999999998,100689.51000000001,4509.264571428572,7356.740914761816,37.0,18.0,19.0,0.3189924983649535,11.629434954007884,0.005599243109244096,0.005599243109244096,0.0,0.0,0.0,0.0,0.0,0.0,0.0,61081.47,342.01,0.0,0.1336703297096192,4.0,M-032-00,0,train,business
43.0,144767.7,40794.54000000001,4315.400930232558,7604.8488684406075,24.0,11.0,13.0,0.21984289476134808,11.629434954007884,0.008539667687550816,0.017301488134441233,0.0,0.0,0.0,0.0,0.0,0.0,0.0,48435.14,413.62,0.0,0.416244673919598,4.0,M-032-01,0,train,normal
47.0,171104.32,45530.75,4609.256808510639,10466.6784029957,24.0,12.0,12.0,0.21017257270487183,11.629434954007884,0.005961999196602122,0.005961999196602122,0.0,0.0,0.0,0.0,0.0,0.0,0.0,71670.59,427.3,0.0,0.5141105736233205,4.0,M-032-02,0,train,normal
46.0,121387.82,41470.61000000001,3540.4006521739134,5639.495384251418,21.0,10.0,11.0,0.2546420839252841,11.629434954007884,0.0636681469585969,0.07500183583417894,0.0,0.0,0.0,0.0,0.0,0.0,0.0,35270.07,2245.58,0.0,0.5427766796774871,4.0,M-032-03,0,train,normal
40.0,152670.0,27226.050000000003,4497.401250000001,10028.340047324678,23.0,11.0,12.0,0.15134323405099778,11.629434954007884,0.0,0.0,0.0,0.0,0.0,0.0,0.0,0.0,0.0,63841.57,0.0,0.0,0.21965397110487933,4.0,M-032-04,0,train,normal
44.0,167301.24,41847.0,4753.369090909091,12336.40268618004,23.0,12.0,12.0,0.2000829650777841,11.629434954007884,0.006659207344307823,0.006659207344307823,0.0,555.52,22.0,1.0,1.0,0.0,0.0,83421.34,555.52,3500.0,0.31074270557029177,4.0,M-032-05,0,train,benign_cycle
45.0,155394.70999999996,42637.869999999995,4400.724,8749.074759430507,23.0,11.0,12.0,0.21530734993201622,11.629434954007884,0.008054296847032195,0.008054296847032195,0.0,0.0,0.0,0.0,0.0,0.0,0.0,57962.85,466.85,0.0,0.4866305469761975,4.0,M-032-06,0,train,normal
45.0,151670.56000000006,47775.799999999996,4432.141333333333,9201.684542532803,23.0,10.0,13.0,0.23954210044244478,11.629434954007884,0.009690154574683715,0.017226548515797215,0.0,0.0,0.0,0.0,0.0,0.0,0.0,62207.47,602.8,0.0,0.48497502919888313,4.0,M-032-07,0,train,normal
72.0,220985.61999999997,96338.12,4407.274166666666,7897.589796541085,36.0,18.0,18.0,0.30359569063442904,11.629434954007884,0.01915711512714325,0.02820173523300398,0.0,0.0,0.0,0.0,0.0,0.0,0.0,66683.84,1277.47,0.0,0.1833591936400669,4.0,M-032-08,0,train,business
48.0,179549.55,51298.38,4809.331875,11541.84148154438,23.0,12.0,11.0,0.22221719726921527,11.629434954007884,0.0,0.0,0.0,0.0,0.0,0.0,0.0,0.0,0.0,80882.98,0.0,0.0,0.5313916345896303,4.0,M-032-09,0,train,normal
40.0,121799.26,30710.44,3812.7425000000003,5376.286851967513,23.0,12.0,11.0,0.20136712615656577,11.629434954007884,0.014529901089742581,0.014529901089742581,0.0,0.0,0.0,0.0,0.0,0.0,0.0,30524.64,443.52,0.0,0.21551400761434875,4.0,M-032-10,0,train,normal
42.0,135648.88,31312.69,3975.2754761904757,7819.332851942526,20.0,10.0,10.0,0.18754429537288134,11.629434954007884,0.01064599867209653,0.01064599867209653,0.0,0.0,0.0,0.0,0.0,0.0,0.0,50063.88,532.98,0.0,0.4043089239538347,4.0,M-032-11,0,train,normal
42.0,163830.95999999996,34356.61,4718.751666666667,11739.199255435353,22.0,11.0,11.0,0.17335401004210305,11.629434954007884,0.018468505015519714,0.02203622116346289,0.0,0.0,0.0,0.0,0.0,0.0,0.0,77279.13,1427.23,0.0,0.3162829510827756,4.0,M-032-12,0,train,normal
42.0,115199.04999999999,35327.270000000004,3583.96,5209.153626099423,24.0,12.0,12.0,0.23469164728135253,11.629434954007884,0.01464019447364225,0.02672580713395446,0.0,0.0,0.0,0.0,0.0,0.0,0.0,30729.1,449.88,0.0,0.3497841752278055,4.0,M-032-13,0,train,normal
43.0,161844.65,40826.27,4713.277209302324,9666.26514428024,23.0,12.0,12.0,0.2014411835698975,11.629434954007884,0.007144375211779638,0.016633366144374266,0.0,452.47,22.0,1.0,1.0,0.0,0.0,63332.34,452.47,3500.0,0.23904290056377916,4.0,M-032-14,0,train,benign_cycle
44.0,178054.35,39778.89,4950.755454545453,10340.56323783351,24.0,11.0,13.0,0.18261166202182924,11.629434954007884,0.00785171342740271,0.00785171342740271,0.0,0.0,0.0,0.0,0.0,0.0,0.0,68260.26,535.96,0.0,0.4278980635206261,4.0,M-033-00,0,train,normal
42.0,173811.79,40336.479999999996,5098.768333333333,11596.091151158265,24.0,12.0,12.0,0.18835772056435476,11.629434954007884,0.004137276046463316,0.004137276046463316,0.0,0.0,0.0,0.0,0.0,0.0,0.0,76105.63,314.87,0.0,0.35426269223293655,4.0,M-033-01,0,train,normal
43.0,192626.75999999998,37915.469999999994,5361.447209302327,12507.25104111961,21.0,11.0,11.0,0.16446214647962756,11.629434954007884,0.027333141330014698,0.032273173203207745,0.0,2270.13,22.0,1.0,1.0,0.0,0.0,83054.12,2270.13,3500.0,0.288090059281871,4.0,M-033-02,0,train,benign_cycle
46.0,155565.62,46935.47,4402.197608695652,8487.15735708093,24.0,10.0,14.0,0.23177885116569003,11.629434954007884,0.0,0.0,0.0,0.0,0.0,0.0,0.0,0.0,0.0,56638.49,0.0,0.0,0.45658432737543697,4.0,M-033-03,0,train,normal
48.0,141160.4,48842.45,3958.392708333334,6211.020027754345,25.0,13.0,13.0,0.2570616703907336,11.629434954007884,0.010185814353842223,0.010185814353842223,0.0,409.38,22.0,1.0,1.0,0.0,0.0,40191.19,409.38,3500.0,0.42566148913496354,4.0,M-033-04,0,train,benign_cycle
46.0,146833.91,82877.29999999999,4993.72195652174,8943.226252514443,22.0,10.0,12.0,0.3607890968838655,11.629434954007884,0.7492172847951684,0.7573448749603771,0.0,0.0,0.0,0.0,0.0,0.0,0.0,51075.41,38266.579999999994,0.0,0.43368135786276824,5.0,M-033-05,0,train,quick_benign
43.0,136332.47,39094.38,4079.6941860465113,7646.643022732791,21.0,12.0,9.0,0.2228528871150568,11.629434954007884,0.00608390181735647,0.00608390181735647,0.0,0.0,0.0,0.0,0.0,0.0,0.0,49653.99,302.09,0.0,0.3669747416380565,4.0,M-033-06,0,train,normal
44.0,151903.63999999998,41288.73999999999,4390.735909090909,8661.925155404731,25.0,12.0,13.0,0.21371826362923832,11.629434954007884,0.04528060666643108,0.054628039288886966,0.0,0.0,0.0,0.0,0.0,0.0,0.0,57162.22,2588.34,0.0,0.39774282286163254,4.0,M-033-07,0,train,normal
44.0,170312.35,94667.54000000001,6022.270227272727,13734.906975358523,25.0,13.0,13.0,0.3572631115515974,12.450722733245728,0.0,0.826712610495399,0.0,0.0,44.0,1.0,1.0,0.0,0.0,73324.32,0.0,8059.7699999999995,0.6403265575507718,4.0,M-033-08,1,train,delayed
43.0,147089.51,32679.239999999994,4180.668604651163,7437.749984388903,22.0,12.0,10.0,0.18178487640371305,11.629434954007884,0.007662978901366169,0.007662978901366169,0.0,0.0,0.0,0.0,0.0,0.0,0.0,46675.06,357.67,0.0,0.44744461621506504,4.0,M-033-09,0,train,normal
49.0,180050.38,108232.79000000002,5883.330000000001,13874.05109501422,24.0,10.0,14.0,0.3754391558827385,11.629434954007884,0.6793141662320464,0.6830674758837831,0.0,0.0,0.0,0.0,0.0,0.0,0.0,84000.53,57062.75,0.0,0.5161530992594757,5.0,M-033-10,0,train,quick_benign
44.0,117679.17000000001,61607.509999999995,4074.697272727272,5140.100067914032,23.0,9.0,14.0,0.34362569489267136,11.629434954007884,0.9190471704390414,0.9190471704390414,0.0,0.0,0.0,0.0,0.0,0.0,0.0,30358.42,27900.82,0.0,0.15971478152582375,4.0,M-033-11,1,train,split_no_return
48.0,156432.89,56776.719999999994,4441.866875000001,9261.478864697932,23.0,10.0,13.0,0.26629531379941074,11.629434954007884,0.008670773467048596,0.008670773467048596,0.0,0.0,0.0,0.0,0.0,0.0,0.0,64483.29,559.12,0.0,0.49197364694543827,4.0,M-033-12,0,train,normal
45.0,178787.97,47118.51,5020.143999999999,11627.681914265992,26.0,14.0,13.0,0.20857529186413779,11.629434954007884,0.0,0.007035320225494046,0.0,0.0,22.0,1.0,1.0,0.0,0.0,79164.84,0.0,3500.0,0.3071408667209553,4.0,M-033-13,0,train,benign_cycle
50.0,145680.54,52514.81,3963.9069999999997,9246.733133340931,22.0,11.0,12.0,0.26496489448415417,11.629434954007884,0.0,0.021205993893266894,0.0,0.0,22.0,1.0,1.0,0.0,0.0,66359.54,0.0,3500.0,0.5250558842353233,4.0,M-033-14,0,train,benign_cycle
46.0,175308.78999999998,45125.13,4792.041739130436,10382.958883506164,23.0,11.0,12.0,0.204710463797949,11.629434954007884,0.03323538618784679,0.04112387564335985,0.0,0.0,0.0,0.0,0.0,0.0,0.0,70374.69,2338.93,0.0,0.43005261148278134,4.0,M-034-00,0,train,normal
44.0,143487.51,43807.729999999996,4256.71,9019.90885252829,23.0,13.0,10.0,0.23389665428763695,11.629434954007884,0.010445561253308379,0.010445561253308379,0.0,0.0,0.0,0.0,0.0,0.0,0.0,60388.33,630.79,0.0,0.4105076889398287,4.0,M-034-01,0,train,normal
43.0,157788.05,37087.33000000001,4531.985581395349,9534.356627337398,25.0,14.0,12.0,0.19031306058261444,11.629434954007884,0.0,0.0,0.0,0.0,22.0,1.0,1.0,0.0,0.0,62663.13,0.0,3500.0,0.25765564682062575,4.0,M-034-02,0,train,benign_cycle
50.0,168731.78,54605.45,4466.7446,9681.92309100216,24.0,11.0,14.0,0.2444977489870363,11.629434954007884,0.0,0.056426235168875516,0.0,0.0,22.0,1.0,1.0,0.0,0.0,68751.53,0.0,3500.0,0.5027324195661789,4.0,M-034-03,0,train,benign_cycle
45.0,143562.09,45003.350000000006,4190.34311111111,7852.601157404488,21.0,10.0,11.0,0.23866170810515444,11.629434954007884,0.009455069180366822,0.009455069180366822,0.0,0.0,0.0,0.0,0.0,0.0,0.0,52102.21,492.63,0.0,0.4609381301614212,4.0,M-034-04,0,train,normal
48.0,147826.58,53825.41,4201.083125,10345.68940679284,24.0,12.0,12.0,0.26692228526978584,11.629434954007884,0.02947419509992701,0.02947419509992701,0.0,0.0,0.0,0.0,0.0,0.0,0.0,73267.48,2159.5,0.0,0.5085365815141957,4.0,M-034-05,0,train,normal
47.0,163255.25999999998,45413.43000000001,4439.7593617021275,10749.347021981004,23.0,11.0,13.0,0.21763413572012172,11.629434954007884,0.0,0.0,0.0,0.0,22.0,1.0,1.0,0.0,0.0,74746.14,0.0,3500.0,0.44847746580692094,4.0,M-034-06,0,train,benign_cycle
49.0,169152.33000000002,56806.65,4611.407755102041,9934.890682384774,26.0,13.0,14.0,0.25140248907124646,11.629434954007884,0.0,0.0,0.0,0.0,22.0,1.0,1.0,0.0,0.0,69875.07,0.0,3500.0,0.4956678487465816,4.0,M-034-07,0,train,benign_cycle
44.0,123147.04999999999,64614.56999999999,4267.309545454546,6178.8234561325935,21.0,10.0,11.0,0.3441308719002317,11.629434954007884,0.6222933386019697,0.6222933386019697,0.0,0.0,0.0,0.0,0.0,0.0,0.0,34822.42,21669.76,0.0,0.33536956138530366,5.0,M-034-08,0,train,quick_benign
49.0,198067.19,76009.25,5593.396734693876,9245.333617857788,31.0,10.0,21.0,0.27732865327643635,11.629434954007884,0.04424206078876638,0.05378877945836377,0.0,0.0,0.0,0.0,0.0,0.0,0.0,39002.93,1725.57,0.0,0.10782042975032645,5.0,M-034-09,0,train,seasonal
49.0,139198.99999999997,54776.36,3958.680816326531,6538.574611700226,25.0,12.0,14.0,0.2823882373513832,11.629434954007884,0.0,0.0,0.0,0.0,22.0,1.0,1.0,0.0,0.0,44450.01,0.0,3500.0,0.47032460718455915,4.0,M-034-10,0,train,benign_cycle
48.0,174495.14,50229.60999999999,4681.765625,10923.684428905672,23.0,11.0,12.0,0.22351614586288335,11.629434954007884,0.0,0.0,0.0,0.0,0.0,0.0,0.0,0.0,0.0,76067.59,0.0,0.0,0.5121495070337995,4.0,M-034-11,0,train,normal
59.0,146966.14,66958.95,3625.848983050848,6310.207345416481,41.0,13.0,29.0,0.31300185499512934,12.417871222076215,0.7430451975815764,0.7430451975815764,0.0,4485.15,45.708333333333336,1.0,1.0,0.0,0.0,37062.16,27538.86,4485.15,0.40192655350778356,4.0,M-034-12,1,train,camouflaged
50.0,133942.27000000002,63441.59,3947.6772,5597.970029142007,24.0,12.0,13.0,0.32141224718170974,11.629434954007884,0.09463981708016155,0.09463981708016155,0.0,3500.0,22.0,1.0,1.0,0.0,0.0,36982.32,3500.0,3500.0,0.45188558483480634,4.0,M-034-13,0,train,benign_cycle
43.0,116031.57,51714.07000000001,3901.0613953488373,5832.333074834008,25.0,11.0,14.0,0.30828860887233794,11.629434954007884,0.5797909361273071,0.5797909361273071,0.0,0.0,0.0,0.0,0.0,0.0,0.0,33046.36,19159.98,0.0,0.3602356186623872,5.0,M-034-14,0,train,quick_benign
46.0,122627.09,49122.64,3733.689782608696,5105.580979739332,19.0,10.0,9.0,0.2860129095981694,11.629434954007884,0.017080375856866576,0.017080375856866576,0.0,0.0,0.0,0.0,0.0,0.0,0.0,31603.52,539.8,0.0,0.5209585641162608,4.0,M-035-00,0,train,normal
47.0,149588.83,51831.99,4285.5493617021275,7788.046265746097,22.0,10.0,12.0,0.2573318388833885,11.629434954007884,0.0,0.0050275348946065765,0.0,0.0,0.0,0.0,0.0,0.0,0.0,52811.17,0.0,0.0,0.46867137457002905,4.0,M-035-01,0,train,normal
45.0,155160.9,46321.39,4477.384222222222,8281.21467562458,22.0,11.0,12.0,0.22990303515013655,11.629434954007884,0.03194511908517682,0.03703946598047864,0.0,1748.71,22.0,1.0,1.0,0.0,0.0,54741.07,1748.71,3500.0,0.30760562237014044,4.0,M-035-02,0,train,benign_cycle
43.0,178992.76,39925.55,5091.123488372094,12819.059889840793,25.0,13.0,12.0,0.18237647641259425,11.629434954007884,0.022770009159015902,0.022770009159015902,0.0,0.0,0.0,0.0,0.0,0.0,0.0,85391.27,1944.36,0.0,0.37330857057698635,4.0,M-035-03,0,train,normal
45.0,147851.36000000002,46164.03,4311.453111111112,6634.221476541103,25.0,13.0,12.0,0.23794004176678968,11.629434954007884,0.0,0.0,0.0,0.0,0.0,0.0,0.0,0.0,0.0,41803.82,0.0,0.0,0.48144280297885605,4.0,M-035-04,0,train,normal
43.0,152603.4,40072.39,4480.832325581395,8637.086514691418,23.0,13.0,11.0,0.20797833500514,11.629434954007884,0.0,0.0,0.0,0.0,22.0,1.0,1.0,0.0,0.0,56356.07,0.0,3500.0,0.23288104353146893,4.0,M-035-05,0,train,benign_cycle
46.0,145765.3,42870.14,4100.770434782608,6821.652496495501,22.0,12.0,11.0,0.22726450554572356,11.629434954007884,0.0,0.047778013825408396,0.0,0.0,22.0,1.0,1.0,0.0,0.0,43917.69,0.0,3500.0,0.4421161209177297,4.0,M-035-06,0,train,benign_cycle
48.0,128193.53000000001,49271.409999999996,3697.18625,6357.621551192063,24.0,12.0,12.0,0.27764024826537564,11.629434954007884,0.06073188703333386,0.06957135642680254,0.0,0.0,0.0,0.0,0.0,0.0,0.0,42791.03,2598.78,0.0,0.5174319143698141,4.0,M-035-07,0,train,normal
46.0,149796.88,45297.68000000001,4241.186086956522,7891.449733907793,22.0,12.0,10.0,0.23218320387816047,11.629434954007884,0.0,0.0,0.0,0.0,0.0,0.0,0.0,0.0,0.0,51982.02,0.0,0.0,0.47325933690202227,4.0,M-035-08,0,train,normal
45.0,178798.46,41732.55,4900.689111111112,12473.61501671122,21.0,9.0,12.0,0.18923665202458376,11.629434954007884,0.0,0.0,0.0,0.0,0.0,0.0,0.0,0.0,0.0,84918.55,0.0,0.0,0.43915289144804237,4.0,M-035-09,0,train,normal
47.0,154398.33000000002,47583.58,4297.48744680851,8297.86606836949,25.0,12.0,13.0,0.23558337476856223,11.629434954007884,0.0,0.006480507552952,0.0,0.0,0.0,0.0,0.0,0.0,0.0,56063.51,0.0,0.0,0.5367870597378339,4.0,M-035-10,0,train,normal
44.0,162934.55,44081.73000000001,4704.915454545456,11189.655100833386,24.0,12.0,12.0,0.21293847034639013,11.629434954007884,0.007249227109825731,0.007249227109825731,0.0,0.0,0.0,0.0,0.0,0.0,0.0,75405.28,546.63,0.0,0.3932411454813592,4.0,M-035-11,0,train,normal
48.0,152622.12999999998,53780.92,4300.063541666667,9229.564464460003,23.0,10.0,13.0,0.2605626225000066,11.629434954007884,0.0,0.0,0.0,0.0,0.0,0.0,0.0,0.0,0.0,64422.82,0.0,0.0,0.512433033871492,4.0,M-035-12,0,train,normal
50.0,157669.47999999998,54529.54000000001,4243.9804,8869.471446488784,24.0,13.0,12.0,0.25697357131998066,11.629434954007884,0.055764051146787716,0.055764051146787716,0.0,3500.0,22.0,1.0,1.0,0.0,0.0,62764.45,3500.0,3500.0,0.5007636227996788,4.0,M-036-00,0,train,benign_cycle
56.0,218332.57,96696.21,5625.5139285714295,11603.885718997271,31.0,10.0,21.0,0.30694405127049024,11.629434954007884,0.02902381110263027,0.03566543968780466,0.0,0.0,0.0,0.0,0.0,0.0,0.0,70878.7,2057.17,0.0,0.2733970648901337,5.0,M-036-01,0,train,seasonal
41.0,158394.35,35697.369999999995,4733.9443902439025,9794.549947379284,23.0,11.0,12.0,0.1839201074625955,11.629434954007884,0.011324942866481131,0.02122301394251238,0.0,0.0,0.0,0.0,0.0,0.0,0.0,63089.06,714.48,0.0,0.3015726368637242,4.0,M-036-02,0,train,normal
57.0,205241.44999999998,93711.06999999999,5244.781052631579,10776.330320029232,32.0,12.0,20.0,0.3134647267733351,11.629434954007884,0.01182743082473893,0.01182743082473893,0.0,0.0,0.0,0.0,0.0,0.0,0.0,53092.68,627.95,0.0,0.30487049182129716,5.0,M-036-03,0,train,seasonal
41.0,135374.31,31985.36,4081.943170731707,8141.118695317973,22.0,11.0,11.0,0.191117489655662,11.629434954007884,0.03494481445421883,0.04291002874875427,0.0,0.0,0.0,0.0,0.0,0.0,0.0,52228.35,1825.11,0.0,0.33418476452977236,4.0,M-036-04,0,train,normal
40.0,143597.47,31630.739999999998,4380.705250000001,9366.999221541015,24.0,12.0,12.0,0.18051168815797408,11.629434954007884,0.024253779815827898,0.034415143702480444,0.0,0.0,0.0,0.0,0.0,0.0,0.0,59658.33,1446.94,0.0,0.2698378223209448,4.0,M-036-05,0,train,normal
46.0,153263.13999999998,51223.17999999999,4445.354782608694,11546.342891046897,24.0,13.0,11.0,0.2504968547529243,11.629434954007884,0.03440762970685973,0.04127174566581103,0.0,0.0,0.0,0.0,0.0,0.0,0.0,80298.76,2762.89,0.0,0.4714795137670095,4.0,M-036-06,0,train,normal
44.0,153061.76,44631.81,4493.035681818182,9435.665252235169,24.0,12.0,12.0,0.22576257791287802,11.629434954007884,0.0,0.0,0.0,0.0,0.0,0.0,0.0,0.0,0.0,63031.64,0.0,0.0,0.38650885993644446,4.0,M-036-07,0,train,normal
43.0,155386.94000000003,37870.83,4494.366744186046,9937.212269419246,25.0,12.0,13.0,0.19596019347630889,11.629434954007884,0.0,0.0,0.0,0.0,0.0,0.0,0.0,0.0,0.0,65665.82,0.0,0.0,0.392888141083784,4.0,M-036-08,0,train,normal
40.0,182978.16000000003,34250.74,5430.7225,12736.221731726946,23.0,11.0,12.0,0.15767119384207165,11.629434954007884,0.006665483870019144,0.006665483870019144,0.0,0.0,0.0,0.0,0.0,0.0,0.0,81614.48,544.0,0.0,0.23483872173272752,4.0,M-036-09,0,train,normal
47.0,152797.97999999998,46718.85,4245.038936170213,9158.649737692625,23.0,13.0,10.0,0.2341599453038623,11.629434954007884,0.0,0.0,0.0,0.0,0.0,0.0,0.0,0.0,0.0,62911.48,0.0,0.0,0.5213561549567252,4.0,M-036-10,0,train,normal
47.0,158703.36000000002,50414.69,4449.320212765958,9651.430120020796,25.0,11.0,14.0,0.24108244123355205,11.629434954007884,0.0,0.006516552225175851,0.0,0.0,0.0,0.0,0.0,0.0,0.0,66840.56,0.0,0.0,0.4980381710172174,4.0,M-036-11,0,train,normal
42.0,160802.08,31536.510000000002,4579.490238095239,9941.857222814124,22.0,12.0,11.0,0.16396350831104667,11.629434954007884,0.00797449650662902,0.011914808575621022,0.0,513.95,22.0,1.0,1.0,0.0,0.0,64449.21,513.95,3500.0,0.23830347746151997,4.0,M-036-12,0,train,benign_cycle
44.0,149080.72,42644.52,4357.391818181818,9553.350315596635,23.0,11.0,12.0,0.22242517469270087,11.629434954007884,0.00710311332852386,0.00710311332852386,0.0,0.0,0.0,0.0,0.0,0.0,0.0,64178.9,455.87,0.0,0.4209197336492473,4.0,M-036-13,0,train,normal
49.0,151246.74999999997,51692.82,4141.623877551021,10104.209235974799,24.0,13.0,12.0,0.25472025982907126,11.629434954007884,0.0,0.0,0.0,0.0,22.0,1.0,1.0,0.0,0.0,72286.54,0.0,3500.0,0.4789485270875143,4.0,M-036-14,0,train,benign_cycle
46.0,134199.47999999998,52295.149999999994,4054.2310869565217,6399.926384342323,23.0,11.0,12.0,0.28041102309487403,11.629434954007884,0.0,0.023620496951705684,0.0,0.0,0.0,0.0,0.0,0.0,0.0,41952.97,0.0,0.0,0.46238207558444716,4.0,M-037-00,0,val,normal
44.0,199992.86000000004,43420.34999999999,5532.118409090909,12807.387000896102,22.0,11.0,11.0,0.17838123904614703,11.629434954007884,0.004936435799947787,0.004936435799947787,0.0,0.0,0.0,0.0,0.0,0.0,0.0,85648.84,422.8,0.0,0.4264834346107298,4.0,M-037-01,0,val,normal
46.0,147442.59,45258.58,4189.155869565218,7845.510625809757,22.0,11.0,11.0,0.234864064395665,11.629434954007884,0.0,0.0,0.0,0.0,0.0,0.0,0.0,0.0,0.0,52344.48,0.0,0.0,0.4868928720255916,4.0,M-037-02,0,val,normal
51.0,143913.08,78978.07000000002,4370.414705882353,6637.554064465271,26.0,11.0,15.0,0.354334705527788,11.629434954007884,0.7676523307571875,0.7676523307571875,0.0,0.0,0.0,0.0,0.0,0.0,0.0,43554.73,33434.89,0.0,0.33590780326741326,4.0,M-037-03,1,val,split_no_return
49.0,173406.63,121997.84000000001,6028.662653061224,14632.72749825231,25.0,12.0,13.0,0.4129857615221598,11.629434954007884,0.8470743735841522,0.8534931499871802,0.0,0.0,0.0,0.0,0.0,0.0,0.0,81475.03,69015.41,0.0,0.5657100978181253,5.0,M-037-04,0,val,quick_benign
48.0,156772.25,53274.61,4375.97625,9486.771841186643,20.0,9.0,11.0,0.25363202287337216,11.629434954007884,0.028702025082269583,0.028702025082269583,0.0,0.0,0.0,0.0,0.0,0.0,0.0,65932.63,1892.4,0.0,0.5416582120450999,4.0,M-037-05,0,val,normal
49.0,140763.44,100826.79000000001,4930.412857142856,9670.4695173764,23.0,11.0,12.0,0.4173463057674146,11.629434954007884,0.8095674282378605,0.8095674282378605,0.0,0.0,0.0,0.0,0.0,0.0,0.0,55229.68,44712.15,0.0,0.43770083328051995,5.0,M-037-06,0,val,quick_benign
49.0,149219.04000000004,52587.49,4118.500612244898,7199.836835855693,24.0,13.0,12.0,0.26058368874386767,11.629434954007884,0.032736290865503365,0.032736290865503365,0.0,1603.69,22.0,1.0,1.0,0.0,0.0,48988.14,1603.69,3500.0,0.49319600536173147,4.0,M-037-07,0,val,benign_cycle
45.0,148820.19999999998,39782.27,4191.165999999999,5860.9960499095305,25.0,13.0,13.0,0.21093186107265724,11.629434954007884,0.0,0.0,0.0,0.0,22.0,1.0,1.0,0.0,0.0,34730.63,0.0,3500.0,0.41771372020751957,4.0,M-037-08,0,val,benign_cycle
43.0,128884.54000000001,40725.340000000004,3944.4158139534893,6023.946307034807,23.0,11.0,12.0,0.2401118378245418,11.629434954007884,0.0,0.0,0.0,0.0,0.0,0.0,0.0,0.0,0.0,36766.31,0.0,0.0,0.37909002110234064,4.0,M-037-09,0,val,normal
47.0,150549.28,50891.85,4285.981489361702,9714.124660207037,22.0,10.0,12.0,0.2526388230645847,11.629434954007884,0.0,0.006548752579863107,0.0,0.0,0.0,0.0,0.0,0.0,0.0,67687.7,0.0,0.0,0.4776652843235214,4.0,M-037-10,0,val,normal
76.0,230632.92999999996,111972.48999999999,4507.966052631578,8910.65824704371,38.0,19.0,19.0,0.3268263823730518,11.629434954007884,0.003997949466955034,0.08839698155584773,0.0,0.0,0.0,0.0,0.0,0.0,0.0,77969.97,311.72,0.0,0.2462110112939348,4.0,M-037-11,0,val,business
41.0,160787.30000000002,33680.01,4743.10512195122,13059.227098615758,24.0,12.0,12.0,0.17319111371469065,11.629434954007884,0.0033966104793969124,0.0033966104793969124,0.0,0.0,0.0,0.0,0.0,0.0,0.0,85756.08,291.28,0.0,0.2621344233567627,4.0,M-037-12,0,val,normal
47.0,167176.74,46979.130000000005,4556.507872340426,12260.387407912423,25.0,12.0,13.0,0.21936886436967615,11.629434954007884,0.016189767153244303,0.016189767153244303,0.0,0.0,0.0,0.0,0.0,0.0,0.0,85347.12,1381.75,0.0,0.5304859838826304,4.0,M-037-13,0,val,normal
47.0,150252.94,43777.35,4128.304042553191,8660.127487815631,22.0,13.0,9.0,0.22562121615135453,11.629434954007884,0.009566949318056052,0.009566949318056052,0.0,0.0,0.0,0.0,0.0,0.0,0.0,58984.32,564.3,0.0,0.5452244139949083,4.0,M-038-00,0,test,normal
41.0,135579.31000000003,37054.37999999999,4210.577804878049,7026.540548790191,24.0,11.0,13.0,0.21464164961080298,11.629434954007884,0.0,0.008638166492345507,0.0,0.0,0.0,0.0,0.0,0.0,0.0,43693.3,0.0,0.0,0.29367513368190223,4.0,M-038-01,0,test,normal
45.0,145644.12999999998,42442.08,4179.693555555555,7306.029115449529,23.0,11.0,12.0,0.22565226871231023,11.629434954007884,0.02600063415149029,0.03301522111644084,0.0,0.0,0.0,0.0,0.0,0.0,0.0,47275.77,1229.2,0.0,0.4547863818172907,4.0,M-038-02,0,test,normal
41.0,168023.22,32738.460000000006,4896.626341463414,12400.6565867915,24.0,12.0,12.0,0.16307125941564152,11.629434954007884,0.0060322260500997715,0.0060322260500997715,0.0,0.0,0.0,0.0,0.0,0.0,0.0,80598.77,486.19,0.0,0.362790430582257,4.0,M-038-03,0,test,normal
46.0,136409.47,44147.729999999996,3925.15652173913,6502.837286107342,24.0,13.0,11.0,0.24450827770922456,11.629434954007884,0.0,0.012853023389737251,0.0,0.0,0.0,0.0,0.0,0.0,0.0,42092.82,0.0,0.0,0.4768084338651161,4.0,M-038-04,0,test,normal
42.0,171445.05000000002,34635.46,4906.678809523809,12485.315306916742,25.0,12.0,13.0,0.16806761590409497,11.629434954007884,0.01103344414217702,0.01103344414217702,0.0,0.0,0.0,0.0,0.0,0.0,0.0,82138.45,906.27,0.0,0.3491011812749131,4.0,M-038-05,0,test,normal
43.0,127648.39,69015.31999999999,4573.57465116279,6599.759801366047,26.0,12.0,14.0,0.3509306317876338,11.629434954007884,0.9170121677445899,0.9300924055834776,0.0,0.0,0.0,0.0,0.0,0.0,0.0,39956.46,36640.56,0.0,0.16992792324950462,4.0,M-038-06,1,test,split_no_return
47.0,131413.7,51266.76,3886.8182978723407,6013.897512568884,24.0,11.0,13.0,0.2806362541456267,11.629434954007884,0.023176161808689016,0.023176161808689016,0.0,0.0,0.0,0.0,0.0,0.0,0.0,38992.22,903.69,0.0,0.48071147854867363,4.0,M-038-07,0,test,normal
71.0,243780.37,97091.61000000002,4801.013802816901,10534.31732510978,34.0,15.0,19.0,0.28483306254741153,11.629434954007884,0.0062601870128141555,0.011028688838981188,0.0,0.0,0.0,0.0,0.0,0.0,0.0,89556.43,560.64,0.0,0.14610170744928422,4.0,M-038-08,0,test,business
43.0,123298.67000000001,39172.799999999996,3778.406279069768,5418.016745005768,24.0,12.0,12.0,0.24110571536036443,11.629434954007884,0.044944483520900316,0.062309397608520896,0.0,0.0,0.0,0.0,0.0,0.0,0.0,31846.4,1431.32,0.0,0.40208384389168,4.0,M-038-09,0,test,normal
50.0,218377.49000000002,78262.18,5932.7934,12186.036811465916,34.0,13.0,21.0,0.2638291095725666,11.629434954007884,0.011419289021107405,0.011419289021107405,0.0,0.0,0.0,0.0,0.0,0.0,0.0,39718.76,453.56,0.0,0.09823212182436013,5.0,M-038-10,0,test,seasonal
46.0,168604.72000000003,52573.11,4808.213695652174,10238.75295621543,21.0,11.0,10.0,0.23769611086246756,11.629434954007884,0.022282612261805897,0.031305123821136566,0.0,0.0,0.0,0.0,0.0,0.0,0.0,70103.54,1562.09,0.0,0.45354649934158353,4.0,M-038-11,0,test,normal
42.0,192665.04,38700.34999999999,5508.6997619047615,13450.651953094437,23.0,11.0,12.0,0.1672694001466684,11.629434954007884,0.02401047032440074,0.02881256438928089,0.0,0.0,0.0,0.0,0.0,0.0,0.0,88669.65,2129.0,0.0,0.3071863691155248,4.0,M-038-12,0,test,normal
47.0,149539.72999999998,45208.34000000001,4143.575957446808,8985.708391142312,24.0,13.0,12.0,0.23213755083683246,11.629434954007884,0.0,0.005006797932758075,0.0,0.0,22.0,1.0,1.0,0.0,0.0,62055.63,0.0,3500.0,0.41014777361876137,4.0,M-038-13,0,test,benign_cycle
42.0,186170.37,38641.36,5352.660238095237,13498.2665741878,24.0,12.0,12.0,0.1718832020019596,11.629434954007884,0.0,0.0,0.0,0.0,0.0,0.0,0.0,0.0,0.0,89085.65,0.0,0.0,0.3046261829293793,4.0,M-038-14,0,test,normal
54.0,213374.46,82080.04000000001,5471.37962962963,11588.050567580056,31.0,10.0,21.0,0.2778094088937552,11.629434954007884,0.0,0.0,0.0,0.0,0.0,0.0,0.0,0.0,0.0,45962.55,0.0,0.0,0.2508690297909211,5.0,M-039-00,0,test,seasonal
46.0,132817.49,46472.77,3897.614347826088,6599.373802182214,24.0,12.0,12.0,0.25920409731125377,11.629434954007884,0.06510086574900038,0.06510086574900038,0.0,0.0,0.0,0.0,0.0,0.0,0.0,42901.58,2792.93,0.0,0.5110000974764363,4.0,M-039-01,0,test,normal
44.0,133672.46,43991.96,4037.8277272727264,6331.722850823486,20.0,10.0,10.0,0.24761266211884186,11.629434954007884,0.03170630381404444,0.03985839694570675,0.0,0.0,0.0,0.0,0.0,0.0,0.0,40030.21,1269.21,0.0,0.41267495242312463,4.0,M-039-02,0,test,normal
46.0,133677.2,46641.06999999999,3919.9623913043483,5496.864255788964,25.0,13.0,12.0,0.25865970209230593,11.629434954007884,0.014555041687094077,0.014555041687094077,0.0,0.0,0.0,0.0,0.0,0.0,0.0,32941.85,479.47,0.0,0.4910219684068141,4.0,M-039-03,0,test,normal
48.0,148756.97999999998,48792.36,4115.611250000001,9105.97093896216,20.0,10.0,10.0,0.24698822076550594,11.629434954007884,0.039588682643867806,0.0477970832700151,0.0,0.0,0.0,0.0,0.0,0.0,0.0,63633.59,2519.17,0.0,0.4612199532877689,4.0,M-039-04,0,test,normal
43.0,151690.10000000003,38720.73,4428.158837209302,7668.732913381002,24.0,13.0,11.0,0.2033536117667257,11.629434954007884,0.0,0.04179490084985835,0.0,0.0,0.0,0.0,0.0,0.0,0.0,48537.5,0.0,0.0,0.36033049996733013,4.0,M-039-05,0,test,normal
43.0,183491.01,41216.22,5225.749534883721,12783.193332891206,23.0,10.0,13.0,0.18342186853533818,11.629434954007884,0.0,0.0,0.0,0.0,0.0,0.0,0.0,0.0,0.0,85219.9,0.0,0.0,0.3513478431549521,4.0,M-039-06,0,test,normal
47.0,136099.3,52079.67999999999,4003.808085106383,7825.166594564477,24.0,12.0,12.0,0.2767560967755272,11.629434954007884,0.0,0.045751263693389575,0.0,0.0,0.0,0.0,0.0,0.0,0.0,53658.19,0.0,0.0,0.514137759679015,4.0,M-039-07,0,test,normal
43.0,134972.22,35550.020000000004,3965.6334883720933,5848.201966370115,22.0,10.0,12.0,0.20847732237155692,11.629434954007884,0.0,0.01112320454073494,0.0,0.0,0.0,0.0,0.0,0.0,0.0,34334.53,0.0,0.0,0.41874547468609014,4.0,M-039-08,0,test,normal
52.0,144104.58000000002,82630.51999999999,4360.290384615385,7512.421382517849,21.0,11.0,11.0,0.3644363841328492,11.629434954007884,0.9097840338433524,0.9289968340379048,0.0,4907.75,47.083333333333336,1.0,1.0,0.0,0.0,40133.14,36512.49,4907.75,0.441876560863952,4.0,M-039-09,1,test,ring
41.0,162592.47,77245.99,5849.718536585366,12718.05773150812,24.0,12.0,12.0,0.32207507503175264,11.629434954007884,0.6518269485162376,0.6601403554599983,0.0,0.0,0.0,0.0,0.0,0.0,0.0,71663.76,46712.37,0.0,0.5955616595761152,5.0,M-039-10,0,test,quick_benign
47.0,139771.56,51553.9,4070.754468085106,5894.550466547176,24.0,12.0,13.0,0.2694565584737128,11.629434954007884,0.017137913805686588,0.017137913805686588,0.0,637.31,22.0,1.0,1.0,0.0,0.0,37187.14,637.31,3500.0,0.3831236822044501,4.0,M-039-11,0,test,benign_cycle
48.0,130646.18999999999,54340.60999999999,3853.8916666666664,5906.42944053566,23.0,11.0,12.0,0.29375398677094794,11.629434954007884,0.04263319710096974,0.05144385255590946,0.0,0.0,0.0,0.0,0.0,0.0,0.0,38321.78,1633.78,0.0,0.4895145637857213,4.0,M-039-12,0,test,normal
48.0,181965.68000000005,48124.90000000001,4793.55375,11839.962342247725,22.0,11.0,11.0,0.20915632443535934,11.629434954007884,0.00603344184197003,0.00603344184197003,0.0,0.0,0.0,0.0,0.0,0.0,0.0,82586.36,498.28,0.0,0.533157263703405,4.0,M-040-00,0,train,normal
56.0,218939.27999999994,95472.47999999998,5614.495714285715,11068.862967262823,31.0,13.0,18.0,0.30365429079370304,11.629434954007884,0.0,0.0,0.0,0.0,0.0,0.0,0.0,0.0,0.0,53249.71,0.0,0.0,0.26014815997238167,5.0,M-040-01,0,train,seasonal
72.0,190837.96000000002,94903.03,3968.624861111111,5262.554340031663,37.0,18.0,19.0,0.33212956251043996,11.629434954007884,0.0,0.0,0.0,0.0,0.0,0.0,0.0,0.0,0.0,42820.56,0.0,0.0,0.1871472386076609,4.0,M-040-02,0,train,business
55.0,263801.27,84532.72,6333.3452727272725,14959.169860008804,31.0,13.0,18.0,0.24267720758459432,11.629434954007884,0.013929154770219509,0.013929154770219509,0.0,0.0,0.0,0.0,0.0,0.0,0.0,89098.73,1241.07,0.0,0.2628420095792493,5.0,M-040-03,0,train,seasonal
40.0,122681.78,31507.16,3854.7235,5592.839192445349,24.0,13.0,11.0,0.20434124522809483,11.629434954007884,0.008234321995142067,0.008234321995142067,0.0,0.0,0.0,0.0,0.0,0.0,0.0,32034.21,263.78,0.0,0.25115561034380757,4.0,M-040-04,0,train,normal
46.0,152521.02,75542.24999999999,4957.897173913044,8997.75770494194,25.0,12.0,13.0,0.3312337405317392,11.629434954007884,0.640364312415368,0.6500274702983782,0.0,0.0,0.0,0.0,0.0,0.0,0.0,53858.17,34488.85,0.0,0.4236001707653665,5.0,M-040-05,0,train,quick_benign
45.0,131848.93,46078.06,3953.9331111111114,5640.562905459317,26.0,13.0,14.0,0.2589717276732439,11.629434954007884,0.014267610173879595,0.014267610173879595,0.0,503.7,22.0,1.0,1.0,0.0,0.0,35303.74,503.7,3500.0,0.30430556321164565,4.0,M-040-06,0,train,benign_cycle
42.0,156586.77000000002,34480.53,4549.221428571428,10319.908356488528,20.0,11.0,9.0,0.1804627479427406,11.629434954007884,0.02120246547258028,0.026718672126854675,0.0,0.0,0.0,0.0,0.0,0.0,0.0,67477.53,1430.69,0.0,0.3735664736011889,4.0,M-040-07,0,train,normal
49.0,141381.33000000002,53097.770000000004,3968.9612244897953,7864.369526242025,23.0,11.0,13.0,0.27302558475435157,11.629434954007884,0.04496667650037949,0.05263386712431487,0.0,2461.64,22.0,1.0,1.0,0.0,0.0,54743.65,2461.64,3500.0,0.49020759252224716,4.0,M-040-08,0,train,benign_cycle
44.0,119256.92999999998,67587.54000000001,4246.465227272728,6775.18544396639,24.0,12.0,12.0,0.36173155138067503,11.629434954007884,0.7982650715300116,0.7982650715300116,0.0,0.0,0.0,0.0,0.0,0.0,0.0,36115.61,28829.83,0.0,0.41706400321716103,5.0,M-040-09,0,train,quick_benign
42.0,157152.81000000003,97768.38,6069.552142857142,14076.705996204973,23.0,11.0,12.0,0.38352394322339395,11.629434954007884,0.8439484316058937,0.8517092372578557,0.0,0.0,0.0,0.0,0.0,0.0,0.0,74139.21,62569.67,0.0,0.6180933958402501,5.0,M-040-10,0,train,quick_benign
50.0,130101.60000000002,79183.44,4185.7008,5561.9824218905405,26.0,11.0,15.0,0.3783521268409821,11.629434954007884,0.8943748759180633,0.9041907225902646,0.0,0.0,0.0,0.0,0.0,0.0,0.0,34956.74,31264.43,0.0,0.3162417545890909,4.0,M-040-11,1,train,split_no_return
45.0,185339.81999999998,41290.850000000006,5036.237111111111,10458.63201346431,26.0,12.0,15.0,0.18219444879194863,11.629434954007884,0.00822879482158258,0.00822879482158258,0.0,572.95,22.0,1.0,1.0,0.0,0.0,69627.45,572.95,3500.0,0.33396454662473646,4.0,M-040-12,0,train,benign_cycle
48.0,157339.49,52264.99,4366.760000000001,8679.992842952599,20.0,11.0,9.0,0.24935053869077603,11.629434954007884,0.008705537780493162,0.008705537780493162,0.0,0.0,0.0,0.0,0.0,0.0,0.0,59709.12,519.8,0.0,0.49075700578915255,4.0,M-040-13,0,train,normal
48.0,134765.79,49101.08000000001,3830.5597916666666,5363.345119703938,25.0,13.0,13.0,0.26704691280163745,11.629434954007884,0.011742784616599016,0.011742784616599016,0.0,395.71,22.0,1.0,1.0,0.0,0.0,33698.14,395.71,3500.0,0.4479147912836132,4.0,M-040-14,0,train,benign_cycle
45.0,138089.76,43757.5,4041.0502222222217,7768.051222065497,27.0,13.0,14.0,0.24062776640131947,11.629434954007884,0.0,0.0,0.0,0.0,0.0,0.0,0.0,0.0,0.0,51903.32,0.0,0.0,0.4508468262583557,4.0,M-041-00,0,train,normal
44.0,137719.07,43801.100000000006,4125.458409090909,9673.64251213268,23.0,10.0,13.0,0.2413015589397035,11.629434954007884,0.0,0.037736690454769746,0.0,0.0,0.0,0.0,0.0,0.0,0.0,65479.51,0.0,0.0,0.42474252929720935,4.0,M-041-01,0,train,normal
46.0,161055.16,49297.41,4572.88195652174,9641.616794242103,20.0,11.0,9.0,0.23435610983977992,11.629434954007884,0.004266905455344272,0.004266905455344272,0.0,0.0,0.0,0.0,0.0,0.0,0.0,65642.42,280.09,0.0,0.458650261748031,4.0,M-041-02,0,train,normal
45.0,145891.67,47465.43,4296.824444444444,8177.020250063807,23.0,10.0,13.0,0.2454806676351683,11.629434954007884,0.011322036940870245,0.011322036940870245,0.0,0.0,0.0,0.0,0.0,0.0,0.0,54592.65,618.1,0.0,0.4372951008765748,4.0,M-041-03,0,train,normal
41.0,164291.83000000002,34317.100000000006,4844.120243902439,11764.393918538217,25.0,13.0,12.0,0.17278729612006877,11.629434954007884,0.00705022989652662,0.00705022989652662,0.0,0.0,0.0,0.0,0.0,0.0,0.0,76467.01,539.11,0.0,0.3265296310002884,4.0,M-041-04,0,train,normal
50.0,209988.94,77041.40000000001,5740.6068000000005,11252.626902421218,31.0,11.0,20.0,0.26840855917879625,11.629434954007884,0.021030395540129757,0.034551055317591096,0.0,0.0,0.0,0.0,0.0,0.0,0.0,45289.21,952.45,0.0,0.1328599947560662,5.0,M-041-05,0,train,seasonal
43.0,148440.37,38304.329999999994,4342.9,9626.525662248325,24.0,12.0,12.0,0.20511602203436027,11.629434954007884,0.009201370539186902,0.019139460073395495,0.0,0.0,0.0,0.0,0.0,0.0,0.0,63674.21,585.89,0.0,0.41246955631386845,4.0,M-041-06,0,train,normal
46.0,164153.38000000003,42600.31,4494.645434782609,12128.937643463814,24.0,11.0,13.0,0.20604377121395023,11.629434954007884,0.016767835431399116,0.016767835431399116,0.0,0.0,0.0,0.0,0.0,0.0,0.0,83678.66,1403.11,0.0,0.5128213855720768,4.0,M-041-07,0,train,normal
46.0,140730.24000000002,47309.82000000001,4087.827391304347,6979.489272319856,24.0,12.0,13.0,0.2515943677107953,11.629434954007884,0.0,0.0,0.0,0.0,22.0,1.0,1.0,0.0,0.0,46081.52,0.0,3500.0,0.3576881078811967,4.0,M-041-08,0,train,benign_cycle
43.0,158875.18,41138.13999999999,4651.472558139536,10012.067355190446,25.0,12.0,13.0,0.2056770019116726,11.629434954007884,0.008711946268206174,0.008711946268206174,0.0,0.0,0.0,0.0,0.0,0.0,0.0,66255.0,577.21,0.0,0.3496062291586348,4.0,M-041-09,0,train,normal
53.0,184466.14999999997,87220.51,5126.163396226415,8999.383825925002,29.0,11.0,18.0,0.3210334655371007,11.629434954007884,0.0,0.06684249730284789,0.0,0.0,0.0,0.0,0.0,0.0,0.0,40959.87,0.0,0.0,0.20012208137741916,5.0,M-041-10,0,train,seasonal
41.0,180810.50000000003,32745.42,5208.680975609756,13467.110185031515,23.0,11.0,12.0,0.15333417120911466,11.629434954007884,0.01670580521637376,0.019615983098521007,0.0,0.0,0.0,0.0,0.0,0.0,0.0,87850.3,1467.61,0.0,0.27304184829512035,4.0,M-041-11,0,train,normal
44.0,150075.66,45631.26999999999,4447.884772727273,8312.875184282044,24.0,11.0,13.0,0.23316123757089227,11.629434954007884,0.04298826226041478,0.04862315536561084,0.0,0.0,0.0,0.0,0.0,0.0,0.0,55005.48,2364.59,0.0,0.4141486748012932,4.0,M-041-12,0,train,normal
41.0,183372.36,31088.100000000002,5230.742926829268,12700.509835277739,24.0,12.0,12.0,0.14495958835488837,11.629434954007884,0.0,0.0,0.0,0.0,0.0,0.0,0.0,0.0,0.0,82125.31,0.0,0.0,0.29736587311543644,4.0,M-041-13,0,train,normal
47.0,125513.6,48950.130000000005,3711.994255319149,7005.032118007905,23.0,11.0,12.0,0.28057482205613743,11.629434954007884,0.032439879916518165,0.032439879916518165,0.0,0.0,0.0,0.0,0.0,0.0,0.0,47866.7,1552.79,0.0,0.5498426664035416,4.0,M-041-14,0,train,normal
47.0,137382.08000000002,72361.71,4462.633829787234,6518.591636143356,20.0,8.0,12.0,0.3450004884530789,11.629434954007884,0.7013931511734418,0.7181962445251203,0.0,0.0,0.0,0.0,0.0,0.0,0.0,36398.06,25529.350000000002,0.0,0.3409750819874212,5.0,M-042-00,0,train,quick_benign
44.0,172913.44,43914.92999999999,4927.9175,13061.218363629916,23.0,12.0,11.0,0.20253313715359292,11.629434954007884,0.02411561366913398,0.0308756659314562,0.0,0.0,0.0,0.0,0.0,0.0,0.0,88224.17,2127.58,0.0,0.3826523234808755,4.0,M-042-01,0,train,normal
44.0,155326.24,39583.9,4429.7759090909085,8341.752952825846,25.0,13.0,13.0,0.2030879460658127,11.629434954007884,0.0075977339852704995,0.0075977339852704995,0.0,412.85,22.0,1.0,1.0,0.0,0.0,54338.57,412.85,3500.0,0.30221377883432404,4.0,M-042-02,0,train,benign_cycle
44.0,167549.00999999998,42430.87,4772.269999999999,11159.188920376742,24.0,13.0,12.0,0.2020711222427597,11.629434954007884,0.014328356699331555,0.018482080271430022,0.0,1076.63,22.0,1.0,1.0,0.0,0.0,75139.81,1076.63,3500.0,0.2956220317895909,4.0,M-042-03,0,train,benign_cycle
42.0,151832.84999999998,36079.64,4474.106904761905,8666.841125386893,21.0,11.0,10.0,0.19200235173297955,11.629434954007884,0.0,0.00807549144529451,0.0,0.0,0.0,0.0,0.0,0.0,0.0,55799.7,0.0,0.0,0.36907851630448646,4.0,M-042-04,0,train,normal
63.0,130195.21999999999,76297.29,3277.65888888889,6587.900211819818,38.0,11.0,28.0,0.36949180384315133,11.629434954007884,0.8157830146953472,0.8291619478343207,0.0,5214.8,46.416666666666664,1.0,1.0,0.0,0.0,40131.75,32738.8,5214.8,0.4257619110718087,4.0,M-042-05,1,train,camouflaged
43.0,185970.39,33054.79,5093.608837209303,13284.283190426127,27.0,14.0,14.0,0.15091776205822544,11.629434954007884,0.0,0.0,0.0,0.0,22.0,1.0,1.0,0.0,0.0,88426.92,0.0,3500.0,0.2676994771408319,4.0,M-042-06,0,train,benign_cycle
41.0,105654.96,36023.92,3455.5824390243897,5083.611818165227,23.0,11.0,12.0,0.2542645735200617,11.629434954007884,0.012356323907741018,0.012356323907741018,0.0,0.0,0.0,0.0,0.0,0.0,0.0,30560.06,377.61,0.0,0.30115212336691843,4.0,M-042-07,0,train,normal
48.0,174935.37,49551.6,4676.811875,12238.176242185535,22.0,12.0,11.0,0.22073263316797403,11.629434954007884,0.006612183062501605,0.006612183062501605,0.0,571.06,22.0,1.0,1.0,0.0,0.0,86364.82,571.06,3500.0,0.4801895397928624,4.0,M-042-08,0,train,benign_cycle
44.0,127781.64,75118.47,4611.3661363636365,7636.174509385697,22.0,10.0,12.0,0.3702238998293298,11.629434954007884,0.8327966489060505,0.8327966489060505,0.0,0.0,0.0,0.0,0.0,0.0,0.0,41042.12,34179.74,0.0,0.43069567311474793,4.0,M-042-09,1,train,multihop
47.0,153909.94999999998,92996.04,5253.318936170212,10957.380149139013,22.0,10.0,12.0,0.3766455402722308,11.629434954007884,0.8552218955549947,0.8552218955549947,0.0,0.0,0.0,0.0,0.0,0.0,0.0,59203.98,50632.54,0.0,0.5398300830874089,5.0,M-042-10,0,train,quick_benign
43.0,168148.77,43267.279999999984,4916.652325581395,12653.671649593076,23.0,12.0,11.0,0.20465466079798572,11.629434954007884,0.004616008574509102,0.004616008574509102,0.0,0.0,0.0,0.0,0.0,0.0,0.0,84744.21,391.18,0.0,0.3610827858834668,4.0,M-042-11,0,train,normal
47.0,115858.04000000001,50016.37,3529.242765957447,4993.192014168936,22.0,11.0,11.0,0.30153156234285927,11.629434954007884,0.0,0.0,0.0,0.0,0.0,0.0,0.0,0.0,0.0,31341.61,0.0,0.0,0.48716170325835323,4.0,M-043-00,0,train,normal
45.0,145325.09,45954.97,4250.668,9338.152205238133,22.0,11.0,11.0,0.24024966324247285,11.629434954007884,0.005570518993029067,0.005570518993029067,0.0,0.0,0.0,0.0,0.0,0.0,0.0,63588.33,354.22,0.0,0.39900885584301327,4.0,M-043-01,0,train,normal
42.0,142764.09,37935.280000000006,4302.365952380952,9803.594179551375,24.0,11.0,13.0,0.20993587304703945,11.629434954007884,0.005605888856755754,0.005605888856755754,0.0,0.0,0.0,0.0,0.0,0.0,0.0,64523.22,361.71,0.0,0.3153051723883414,4.0,M-043-02,0,train,normal
43.0,159643.13,37861.76000000001,4593.136976744186,9529.910831365836,24.0,13.0,11.0,0.19170036752001438,11.629434954007884,0.025720797460078503,0.03263917061367796,0.0,0.0,0.0,0.0,0.0,0.0,0.0,62068.06,1596.44,0.0,0.44478835637857295,4.0,M-043-03,0,train,normal
45.0,177272.08,41781.05999999999,4867.847555555557,12764.894927835334,23.0,11.0,13.0,0.19073481439252585,11.629434954007884,0.0,0.0065557151034321475,0.0,0.0,22.0,1.0,1.0,0.0,0.0,87316.18,0.0,3500.0,0.37386270238237146,4.0,M-043-04,0,train,benign_cycle
44.0,183428.69999999998,44341.98000000001,5176.606363636363,10637.473835056186,22.0,10.0,12.0,0.19467817367889498,11.629434954007884,0.0,0.0,0.0,0.0,0.0,0.0,0.0,0.0,0.0,70198.14,0.0,0.0,0.43451848564272494,4.0,M-043-05,0,train,normal
44.0,112615.14,61934.28,3967.032272727273,6736.297365379745,24.0,13.0,11.0,0.354823751347899,11.629434954007884,0.7897227994196229,0.7897227994196229,0.0,0.0,0.0,0.0,0.0,0.0,0.0,35887.01,28340.79,0.0,0.45759456636938384,4.0,M-043-06,1,train,ring
48.0,146267.25,56393.75000000001,4222.104166666667,8412.213616539653,24.0,14.0,11.0,0.2782664153438501,11.629434954007884,0.0,0.0,0.0,0.0,22.0,1.0,1.0,0.0,0.0,58858.91,0.0,3500.0,0.4064666740551922,4.0,M-043-07,0,train,benign_cycle
48.0,166237.32000000004,55903.009999999995,4627.923541666666,10098.08961136121,23.0,11.0,12.0,0.2516562841155408,11.629434954007884,0.006195817485904362,0.006195817485904362,0.0,0.0,0.0,0.0,0.0,0.0,0.0,70413.63,436.27,0.0,0.4985588432536996,4.0,M-043-08,0,train,normal
44.0,145374.44999999998,38583.700000000004,4180.867045454545,8566.562447365439,19.0,10.0,9.0,0.2097417265829212,11.629434954007884,0.010629614014944251,0.015706888239638478,0.0,0.0,0.0,0.0,0.0,0.0,0.0,56855.31,604.35,0.0,0.43001085950803053,4.0,M-043-09,0,train,normal
46.0,149020.92,49722.73,4320.514130434783,7517.709592499791,23.0,12.0,11.0,0.2501852512017365,11.629434954007884,0.04025357298596115,0.051762654266505136,0.0,0.0,0.0,0.0,0.0,0.0,0.0,49625.16,1997.59,0.0,0.48967987075528635,4.0,M-043-10,0,train,normal
41.0,156351.81999999998,33469.83,4629.796341463414,9477.277506596387,24.0,11.0,13.0,0.17632251115718361,11.629434954007884,0.007274153891681395,0.007274153891681395,0.0,0.0,0.0,0.0,0.0,0.0,0.0,60690.22,441.47,0.0,0.29466925885192724,4.0,M-043-11,0,train,normal
48.0,145377.05,52118.80999999999,4114.497083333334,8348.291043638303,21.0,11.0,10.0,0.263898240702362,11.629434954007884,0.010739158495417352,0.010739158495417352,0.0,0.0,0.0,0.0,0.0,0.0,0.0,57794.1,620.66,0.0,0.5195567588745792,4.0,M-044-00,0,train,normal
76.0,217007.36,115071.62000000001,4369.460263157896,7962.267881480782,38.0,18.0,20.0,0.3465188311527576,11.629434954007884,0.016976625675722026,0.024468710889778224,0.0,0.0,0.0,0.0,0.0,0.0,0.0,69682.87,1182.98,0.0,0.2391751328433544,4.0,M-044-01,0,train,business
47.0,184115.24999999997,48623.950000000004,4951.897872340426,12230.801831303143,22.0,11.0,12.0,0.20892032798944052,11.629434954007884,0.0,0.006796858602071811,0.0,0.0,22.0,1.0,1.0,0.0,0.0,85090.78,0.0,3500.0,0.4307188124370809,4.0,M-044-02,0,train,benign_cycle
41.0,180305.75999999998,34163.81,5230.96512195122,12360.99726774564,21.0,10.0,11.0,0.15929443976597704,11.629434954007884,0.00807851394694733,0.00807851394694733,0.0,0.0,0.0,0.0,0.0,0.0,0.0,80098.89,647.08,0.0,0.255273050634575,4.0,M-044-03,0,train,normal
49.0,210360.83000000002,112390.77,6586.767346938776,15198.813757588598,27.0,14.0,14.0,0.34822684070350074,11.629434954007884,0.7559412329586777,0.7559412329586777,0.0,12057.54,47.666666666666664,1.0,1.0,0.0,0.0,88410.1,66832.84,12057.54,0.5915329168044671,4.0,M-044-04,1,train,classic
44.0,150249.68,40528.18,4335.860454545455,7387.733979314494,24.0,13.0,12.0,0.2124364955136828,11.629434954007884,0.05643280197378856,0.06998364564303455,0.0,2664.92,22.0,1.0,1.0,0.0,0.0,47222.89,2664.92,3500.0,0.3479517214935386,4.0,M-044-05,0,train,benign_cycle
45.0,154898.97000000003,47587.7,4499.703777777778,8620.838731017686,24.0,11.0,13.0,0.23501645812042835,11.629434954007884,0.02253417099008724,0.028911096689557256,0.0,0.0,0.0,0.0,0.0,0.0,0.0,57460.29,1294.82,0.0,0.42525169318962674,4.0,M-044-06,0,train,normal
42.0,164451.73,35003.68,4748.9383333333335,10743.121380037936,23.0,11.0,12.0,0.1754962675617573,11.629434954007884,0.0,0.0,0.0,0.0,0.0,0.0,0.0,0.0,0.0,70148.47,0.0,0.0,0.352406375558227,4.0,M-044-07,0,train,normal
47.0,160257.92,50516.380000000005,4484.559574468084,9793.504482910448,23.0,12.0,11.0,0.23967049113672784,11.629434954007884,0.00937169379075853,0.00937169379075853,0.0,0.0,0.0,0.0,0.0,0.0,0.0,67515.01,632.73,0.0,0.5173575382875811,4.0,M-044-08,0,train,normal
70.0,226794.93000000002,89555.21,4519.287714285715,10211.942137616721,36.0,18.0,18.0,0.28308889005075194,11.629434954007884,0.0,0.0,0.0,0.0,0.0,0.0,0.0,0.0,0.0,86445.16,0.0,0.0,0.1399526616039424,4.0,M-044-09,0,train,business
40.0,138062.71,31006.1,4226.72025,8011.6222462696305,26.0,13.0,13.0,0.18339337693333263,11.629434954007884,0.03602451510448047,0.04216725653476764,0.0,0.0,0.0,0.0,0.0,0.0,0.0,50124.2,1805.7,0.0,0.23443322443003153,4.0,M-044-10,0,train,normal
43.0,176747.40999999997,38651.049999999996,5009.266511627907,13326.420546793132,21.0,10.0,11.0,0.17943976943939152,11.629434954007884,0.02755255212200519,0.032734307117797914,0.0,0.0,0.0,0.0,0.0,0.0,0.0,88929.33,2450.23,0.0,0.3593131363830996,4.0,M-044-11,0,train,normal
40.0,147415.12000000002,33187.26,4515.0595,7198.012325159963,24.0,12.0,12.0,0.18375870794172258,11.629434954007884,0.008138239242253457,0.008138239242253457,0.0,0.0,0.0,0.0,0.0,0.0,0.0,43311.58,352.48,0.0,0.21418972220062757,4.0,M-045-00,0,train,normal
42.0,174864.99999999997,35623.909999999996,5011.640714285715,11547.32552916112,27.0,13.0,15.0,0.16924364328743016,11.629434954007884,0.0,0.01410067529249323,0.0,0.0,22.0,1.0,1.0,0.0,0.0,75770.13,0.0,3500.0,0.18236291299860122,4.0,M-045-01,0,train,benign_cycle
45.0,161414.87,83754.09,5448.199111111112,11168.77176622386,23.0,11.0,12.0,0.3416178377556441,11.629434954007884,0.581760011391968,0.5871055076769174,0.0,0.0,0.0,0.0,0.0,0.0,0.0,67135.02,39056.47,0.0,0.46632313717455476,5.0,M-045-02,0,train,quick_benign
47.0,166331.32000000004,108495.46999999999,5847.378510638298,13640.606556208899,24.0,12.0,12.0,0.3947776343055929,11.629434954007884,0.8181693630857173,0.8241660329863387,0.0,0.0,0.0,0.0,0.0,0.0,0.0,76274.0,62405.05,0.0,0.5601320497528607,5.0,M-045-03,0,train,quick_benign
47.0,164215.68000000002,49891.02999999999,4555.461914893616,10230.608139086095,23.0,10.0,13.0,0.23301946024951764,11.629434954007884,0.01424131132889123,0.022522358601078887,0.0,0.0,0.0,0.0,0.0,0.0,0.0,70622.71,1005.76,0.0,0.5541477095181239,4.0,M-045-04,0,train,normal
43.0,181325.33,34800.13,5026.173488372092,11017.395149474303,23.0,11.0,13.0,0.16101818823196493,11.629434954007884,0.008215312485568338,0.01513809938358275,0.0,595.94,22.0,1.0,1.0,0.0,0.0,72540.15,595.94,3500.0,0.26607084513764745,4.0,M-045-05,0,train,benign_cycle
48.0,123922.7,52764.38,3680.9808333333335,6355.837851831847,24.0,12.0,12.0,0.29863179582796884,11.629434954007884,0.0,0.0,0.0,0.0,0.0,0.0,0.0,0.0,0.0,43387.64,0.0,0.0,0.5192512448739093,4.0,M-045-06,0,train,normal
45.0,168073.47000000003,46311.55,4764.111555555556,10784.508560841632,25.0,12.0,13.0,0.21602045702633513,11.629434954007884,0.015535405758947745,0.02252426882083529,0.0,0.0,0.0,0.0,0.0,0.0,0.0,73205.04,1137.27,0.0,0.4469517863254414,4.0,M-045-07,0,train,normal
46.0,178996.68000000002,43860.55,4844.722391304349,11736.600535785512,24.0,12.0,13.0,0.19681008329862126,11.629434954007884,0.0319948303010345,0.037947922228775306,0.0,2579.54,22.0,1.0,1.0,0.0,0.0,80623.65,2579.54,3500.0,0.3544604433824929,4.0,M-045-08,0,train,benign_cycle
46.0,149864.48000000004,49819.25,4340.950652173913,7373.2798359589115,23.0,11.0,12.0,0.24949078224850865,11.629434954007884,0.0,0.0,0.0,0.0,0.0,0.0,0.0,0.0,0.0,48372.76,0.0,0.0,0.47893234041058425,4.0,M-045-09,0,train,normal
53.0,250207.66999999995,85773.33999999998,6339.26433962264,12989.55395742875,29.0,11.0,18.0,0.255292226188617,11.629434954007884,0.019360962486512312,0.02666460570264395,0.0,0.0,0.0,0.0,0.0,0.0,0.0,73557.81,1424.15,0.0,0.219441378871337,5.0,M-045-10,0,train,seasonal
46.0,128933.90000000001,50601.59,3902.9454347826077,6403.314291571713,20.0,9.0,11.0,0.2818472826737488,11.629434954007884,0.0,0.0,0.0,0.0,0.0,0.0,0.0,0.0,0.0,41652.75,0.0,0.0,0.4872299467269705,4.0,M-045-11,0,train,normal
44.0,151968.3,40892.47,4383.199318181819,8402.317405533644,22.0,11.0,11.0,0.21203104187544206,11.629434954007884,0.0,0.0,0.0,0.0,0.0,0.0,0.0,0.0,0.0,54957.33,0.0,0.0,0.45306849891923867,4.0,M-045-12,0,train,normal
42.0,141335.46,37433.57,4256.405476190476,8264.280609184842,22.0,10.0,12.0,0.20939628077637384,11.629434954007884,0.0519809692603966,0.06364107201253405,0.0,0.0,0.0,0.0,0.0,0.0,0.0,53116.17,2761.03,0.0,0.37977008337703294,4.0,M-046-00,0,train,normal
44.0,153121.24,41902.55,4432.358863636364,9023.078510447836,23.0,12.0,11.0,0.2148586590384691,11.629434954007884,0.03272125924414673,0.03272125924414673,0.0,0.0,0.0,0.0,0.0,0.0,0.0,59847.33,1958.28,0.0,0.3852355047604501,4.0,M-046-01,0,train,normal
46.0,142962.02,50628.950000000004,4208.499347826088,7320.815435617811,24.0,11.0,14.0,0.2615253697008698,11.629434954007884,0.05147694118530948,0.060008296673534786,0.0,2548.82,22.0,1.0,1.0,0.0,0.0,49513.82,2548.82,3500.0,0.32359272708598535,4.0,M-046-02,0,train,benign_cycle
45.0,151451.56,41240.56999999999,4282.047333333334,9667.775281595015,28.0,14.0,15.0,0.21402311552630607,11.629434954007884,0.0,0.008293024561907366,0.0,0.0,22.0,1.0,1.0,0.0,0.0,65738.38,0.0,3500.0,0.3956429312203979,4.0,M-046-03,0,train,benign_cycle
40.0,113016.40000000001,36675.85999999999,3742.3065,5345.064430172265,22.0,11.0,11.0,0.24500839255149193,11.629434954007884,0.012022502654200868,0.012022502654200868,0.0,0.0,0.0,0.0,0.0,0.0,0.0,31393.63,377.43,0.0,0.2155924905373726,4.0,M-046-04,0,train,normal
48.0,122789.35999999999,44762.88,3490.6716666666666,5555.271404426135,23.0,11.0,13.0,0.26715775330726704,11.629434954007884,0.0,0.0,0.0,0.0,22.0,1.0,1.0,0.0,0.0,36806.78,0.0,3500.0,0.45712295544880044,4.0,M-046-05,0,train,benign_cycle
47.0,157289.81999999998,53273.98,4480.080851063829,10264.141795372989,24.0,11.0,13.0,0.2530063572180974,11.629434954007884,0.0,0.0,0.0,0.0,0.0,0.0,0.0,0.0,0.0,71503.87,0.0,0.0,0.488769939846807,4.0,M-046-06,0,train,normal
42.0,122747.96999999999,34385.02,3741.261666666667,5191.4326860538395,21.0,9.0,13.0,0.21882750401427473,11.629434954007884,0.0,0.04123912264806894,0.0,0.0,22.0,1.0,1.0,0.0,0.0,30375.04,0.0,3500.0,0.21817553108882884,4.0,M-046-07,0,train,benign_cycle
48.0,130620.01000000001,52541.68000000001,3815.8685416666667,5898.057581903197,23.0,11.0,12.0,0.2868595501602983,11.629434954007884,0.006759445428673865,0.006759445428673865,0.0,0.0,0.0,0.0,0.0,0.0,0.0,38072.65,257.35,0.0,0.5758647230160893,4.0,M-046-08,0,train,normal
41.0,170149.18999999997,39757.420000000006,5119.673414634147,9756.14082215229,25.0,12.0,13.0,0.18940527885234296,11.629434954007884,0.026667692353344544,0.03415456001589492,0.0,0.0,0.0,0.0,0.0,0.0,0.0,62007.24,1653.59,0.0,0.2605926139070392,4.0,M-046-09,0,train,normal
48.0,167325.19,55174.27999999999,4635.405625,11918.205842228119,23.0,10.0,13.0,0.24797488281657476,11.629434954007884,0.0,0.0,0.0,0.0,0.0,0.0,0.0,0.0,0.0,84225.68,0.0,0.0,0.5048506296774512,4.0,M-046-10,0,train,normal
48.0,161566.86,53266.44,4475.693749999999,7161.455976825879,23.0,12.0,12.0,0.24794312613547342,11.629434954007884,0.01580956462864983,0.029571749229244236,0.0,740.68,22.0,1.0,1.0,0.0,0.0,46850.12,740.68,3500.0,0.42091399387682,4.0,M-046-11,0,train,benign_cycle
44.0,142676.88999999998,40968.420000000006,4173.757045454545,6774.412540300778,24.0,13.0,12.0,0.22308448824530294,11.629434954007884,0.0,0.0,0.0,0.0,22.0,1.0,1.0,0.0,0.0,42682.13,0.0,3500.0,0.3090851441183233,4.0,M-046-12,0,train,benign_cycle
45.0,153631.89,41959.06999999999,4346.465777777777,9855.758370908628,25.0,12.0,14.0,0.2145245874349203,11.629434954007884,0.008344448099524506,0.013302132240796674,0.0,558.06,22.0,1.0,1.0,0.0,0.0,66878.0,558.06,3500.0,0.3464397566485626,4.0,M-047-00,0,val,benign_cycle
40.0,176277.73,33296.66,5239.35975,11980.70611375191,21.0,10.0,11.0,0.15887752315538176,11.629434954007884,0.0,0.005959971184853138,0.0,0.0,0.0,0.0,0.0,0.0,0.0,76570.84,0.0,0.0,0.24553934238449138,4.0,M-047-01,0,val,normal
43.0,162933.13999999996,35687.62,4619.087441860464,11323.0719271125,24.0,13.0,12.0,0.17967718983655084,11.629434954007884,0.0291490040869896,0.03449395828809436,0.0,2193.42,22.0,1.0,1.0,0.0,0.0,75248.54,2193.42,3500.0,0.3145099056759739,4.0,M-047-02,0,val,benign_cycle
74.0,195468.35,107247.1,4090.7493243243243,6888.805605470985,39.0,20.0,19.0,0.3542835359080615,11.629434954007884,0.0,0.08817497006093375,0.0,0.0,0.0,0.0,0.0,0.0,0.0,57976.09,0.0,0.0,0.20275820977909892,4.0,M-047-03,0,val,business
48.0,140166.38999999998,50556.31,3973.3895833333336,5561.078071606244,26.0,13.0,14.0,0.26507757073489413,11.629434954007884,0.01892343719546764,0.01892343719546764,0.0,638.87,22.0,1.0,1.0,0.0,0.0,33760.78,638.87,3500.0,0.4354570181249383,4.0,M-047-04,0,val,benign_cycle
47.0,165640.57000000004,45832.8,4499.43340425532,11856.253871563791,24.0,12.0,12.0,0.21673083471455531,11.629434954007884,0.01028581572056182,0.01028581572056182,0.0,0.0,0.0,0.0,0.0,0.0,0.0,82473.77,848.31,0.0,0.5158818575343422,4.0,M-047-05,0,val,normal
42.0,130853.0,31553.289999999997,3866.816428571429,7472.693745115906,23.0,12.0,12.0,0.19428613263685782,11.629434954007884,0.007395794997976623,0.007395794997976623,0.0,355.1,22.0,1.0,1.0,0.0,0.0,48013.77,355.1,3500.0,0.20326818534612398,4.0,M-047-06,0,val,benign_cycle
57.0,211098.59,99309.56,5445.7570175438605,11059.796499647127,32.0,12.0,20.0,0.3199321925020332,11.629434954007884,0.07472189275118897,0.08316510938720346,0.0,0.0,0.0,0.0,0.0,0.0,0.0,37425.31,2796.49,0.0,0.25493305981820885,5.0,M-047-07,0,val,seasonal
40.0,172603.36,34928.99,5188.30875,11990.644471243235,25.0,12.0,13.0,0.16830624237618858,11.629434954007884,0.006483206204255813,0.006483206204255813,0.0,0.0,0.0,0.0,0.0,0.0,0.0,76974.26,499.04,0.0,0.24111146643518755,4.0,M-047-08,0,val,normal
75.0,233917.18,107001.03,4545.576133333333,9262.480990760792,37.0,18.0,19.0,0.31386129241966865,11.629434954007884,0.007829743810633472,0.03008564154901247,0.0,0.0,0.0,0.0,0.0,0.0,0.0,80513.49,630.4,0.0,0.2343550337786468,4.0,M-047-09,0,val,business
47.0,171017.48999999996,49409.89,4689.944255319148,11189.295672455191,24.0,12.0,13.0,0.22415495751934267,11.629434954007884,0.0,0.03412670368759641,0.0,0.0,22.0,1.0,1.0,0.0,0.0,77995.52,0.0,3500.0,0.3723125066661756,4.0,M-047-10,0,val,benign_cycle
45.0,153562.01,43515.5,4379.500222222221,9392.476732470866,24.0,11.0,13.0,0.2208039872230982,11.629434954007884,0.01636941385109349,0.01636941385109349,0.0,0.0,0.0,0.0,0.0,0.0,0.0,63346.19,1036.94,0.0,0.4857972446599487,4.0,M-047-11,0,val,normal
70.0,205054.02000000002,95718.51999999999,4296.750571428572,8073.755350442725,34.0,17.0,17.0,0.3182422171917688,11.629434954007884,0.005346380131655182,0.005346380131655182,0.0,0.0,0.0,0.0,0.0,0.0,0.0,67778.57,362.37,0.0,0.14239961085900618,4.0,M-047-12,0,val,business
43.0,154104.45999999996,42931.020000000004,4582.220465116279,6890.19881365129,23.0,12.0,12.0,0.21788471802134318,11.629434954007884,0.0362428798179574,0.04723853379639931,0.0,1536.02,22.0,1.0,1.0,0.0,0.0,42381.29,1536.02,3500.0,0.23506965359779475,4.0,M-047-13,0,val,benign_cycle
48.0,139331.0,86356.77,4701.828541666667,8187.474828815503,23.0,11.0,12.0,0.38263823511570877,11.629434954007884,0.6694963215648708,0.6694963215648708,0.0,0.0,0.0,0.0,0.0,0.0,0.0,48750.35,32638.18,0.0,0.3779458171027008,5.0,M-047-14,0,val,quick_benign
42.0,162784.06000000003,80265.87000000001,5786.903095238095,11818.436606363823,24.0,11.0,13.0,0.33024436583873945,11.629434954007884,0.6826016127706118,0.7062197552317626,0.0,0.0,0.0,0.0,0.0,0.0,0.0,65798.57,44914.21,0.0,0.5595679707950589,5.0,M-048-00,0,test,quick_benign
44.0,169804.83,41291.81,4797.65090909091,9744.392637486168,25.0,12.0,13.0,0.19560619250026903,11.629434954007884,0.02765348302819892,0.02765348302819892,0.0,0.0,0.0,0.0,0.0,0.0,0.0,64059.2,1771.46,0.0,0.3972456039103154,4.0,M-048-01,0,test,normal
44.0,170160.72,40623.82000000001,4790.557727272727,11823.2591904949,21.0,9.0,12.0,0.1927267531100716,11.629434954007884,0.023934136744589274,0.027310115813141352,0.0,0.0,0.0,0.0,0.0,0.0,0.0,79428.81,1901.06,0.0,0.4146970915093657,4.0,M-048-02,0,test,normal
45.0,123757.55999999998,48326.78,3824.0964444444444,5660.938411818763,21.0,9.0,12.0,0.28083194554484153,11.629434954007884,0.012042215583799682,0.026189100118785284,0.0,0.0,0.0,0.0,0.0,0.0,0.0,35677.82,429.64,0.0,0.416067240565169,4.0,M-048-03,0,test,normal
48.0,135621.99,48317.62,3832.075208333333,7231.299595322576,25.0,12.0,13.0,0.2626819748068402,11.629434954007884,0.0,0.013315877481501525,0.0,0.0,0.0,0.0,0.0,0.0,0.0,48931.06,0.0,0.0,0.5397351939106272,4.0,M-048-04,0,test,normal
43.0,198660.78,41755.47000000001,5591.075581395348,12755.02272919698,22.0,12.0,10.0,0.17367989892530147,11.629434954007884,0.022090162206512613,0.022090162206512613,0.0,0.0,0.0,0.0,0.0,0.0,0.0,84438.04,1865.25,0.0,0.3330651050030091,4.0,M-048-05,0,test,normal
48.0,160401.09,51059.399999999994,4405.426875,9587.991386337382,25.0,12.0,13.0,0.24146070975244593,11.629434954007884,0.0,0.006290755415543746,0.0,0.0,0.0,0.0,0.0,0.0,0.0,66489.63,0.0,0.0,0.555234099891499,4.0,M-048-06,0,test,normal
41.0,144035.91,68930.62,5194.305609756097,8396.018243585742,24.0,11.0,13.0,0.3236687943405943,11.629434954007884,0.7909541698736448,0.7909541698736448,0.0,0.0,0.0,0.0,0.0,0.0,0.0,43213.06,34179.55,0.0,0.4903714778715178,5.0,M-048-07,0,test,quick_benign
46.0,127954.50999999998,47595.38,3816.3019565217396,5405.6372321532845,25.0,11.0,14.0,0.2711216737304705,11.629434954007884,0.013296843188049173,0.013296843188049173,0.0,0.0,0.0,0.0,0.0,0.0,0.0,32819.82,436.4,0.0,0.4798999398681133,4.0,M-048-08,0,test,normal
44.0,169169.16,85367.29,5784.919318181818,12519.167738964483,24.0,12.0,13.0,0.33538336061495316,12.253613666228645,0.024434130177903565,0.7777459669442375,0.0,1695.81,41.0,1.0,1.0,0.0,0.0,69403.33,1695.81,9247.17,0.6084725191580992,4.0,M-048-09,1,test,delayed
46.0,152260.22,48116.770000000004,4356.021521739131,10230.61669643666,23.0,10.0,13.0,0.24013121466691364,11.629434954007884,0.008197587273821083,0.008197587273821083,0.0,0.0,0.0,0.0,0.0,0.0,0.0,70612.24,578.85,0.0,0.5079786111993801,4.0,M-048-10,0,test,normal
47.0,152968.56000000003,43773.78,4186.007234042552,8301.670652781013,24.0,12.0,13.0,0.2224929316180747,11.629434954007884,0.027708697467984305,0.03668354606373722,0.0,1566.44,22.0,1.0,1.0,0.0,0.0,56532.43,1566.44,3500.0,0.4389757978406252,4.0,M-048-11,0,test,benign_cycle
40.0,171840.69,31108.67,5073.734,12691.516271559873,24.0,12.0,12.0,0.15328291747261483,11.629434954007884,0.006026716493201433,0.006026716493201433,0.0,0.0,0.0,0.0,0.0,0.0,0.0,81712.82,492.46,0.0,0.2245804786897029,4.0,M-049-00,0,test,normal
45.0,166371.0,43589.229999999996,4665.782888888889,10260.759207815987,24.0,12.0,13.0,0.20760707873105302,11.629434954007884,0.0043143235628784506,0.0043143235628784506,0.0,299.27,22.0,1.0,1.0,0.0,0.0,69366.61,299.27,3500.0,0.3276093658915287,4.0,M-049-01,0,test,benign_cycle
41.0,173369.31999999998,34085.28,5059.868292682926,13065.964014383344,22.0,11.0,11.0,0.16430235820271039,11.629434954007884,0.030786054255897394,0.036967233134429886,0.0,0.0,0.0,0.0,0.0,0.0,0.0,85530.61,2633.15,0.0,0.2664414081386452,4.0,M-049-02,0,test,normal
40.0,168749.47,30390.61,4978.5019999999995,13472.109682651082,21.0,12.0,9.0,0.1526092085530949,11.629434954007884,0.0,0.0036168174717454444,0.0,0.0,0.0,0.0,0.0,0.0,0.0,87046.14,0.0,0.0,0.21805189168628072,4.0,M-049-03,0,test,normal
42.0,153298.75999999998,31730.59,4405.460714285715,8709.669245026416,22.0,12.0,10.0,0.17148949612588488,11.629434954007884,0.0,0.02954715703313662,0.0,0.0,0.0,0.0,0.0,0.0,0.0,55253.37,0.0,0.0,0.39247426536978985,4.0,M-049-04,0,test,normal
47.0,129857.43,47287.65,3769.044255319149,5145.866913255661,22.0,11.0,11.0,0.266943061585453,11.629434954007884,0.0,0.008930313386264238,0.0,0.0,0.0,0.0,0.0,0.0,0.0,30958.6,0.0,0.0,0.5257328287618437,4.0,M-049-05,0,test,normal
47.0,147598.74000000002,50993.68,4225.370638297872,8231.863998563922,20.0,9.0,11.0,0.25677556071878277,11.629434954007884,0.0,0.0,0.0,0.0,0.0,0.0,0.0,0.0,0.0,56569.25,0.0,0.0,0.5065949349017368,4.0,M-049-06,0,test,normal
56.0,220099.84,87722.09,5496.820178571428,11034.10064236943,29.0,12.0,17.0,0.2849767396364515,11.629434954007884,0.0,0.0,0.0,0.0,0.0,0.0,0.0,0.0,0.0,69638.02,0.0,0.0,0.26743811051469474,5.0,M-049-07,0,test,seasonal
50.0,153587.06999999998,90757.56,4886.8926,9067.61566734471,26.0,14.0,13.0,0.3714325950195836,11.629434954007884,0.9122205555276707,0.9122205555276707,0.0,4678.61,46.958333333333336,1.0,1.0,0.0,0.0,48612.52,44345.34,4678.61,0.4849213663302539,4.0,M-049-08,1,test,classic
74.0,229168.81,97847.62000000001,4419.140945945945,6211.191198754191,38.0,18.0,20.0,0.29921316185856484,11.629434954007884,0.1263147782725212,0.1353263460586523,0.0,0.0,0.0,0.0,0.0,0.0,0.0,50383.02,6364.12,0.0,0.22981488972342912,4.0,M-049-09,0,test,business
76.0,232315.99000000002,117102.52,4597.611973684211,8670.172738663321,38.0,19.0,19.0,0.3351354225624738,11.629434954007884,0.07147027837078351,0.07147027837078351,0.0,0.0,0.0,0.0,0.0,0.0,0.0,76057.91,5435.879999999999,0.0,0.24168771090494037,4.0,M-049-10,0,test,business
46.0,167739.2,45494.95,4635.525,9619.717663982785,22.0,10.0,12.0,0.21335677235564754,11.629434954007884,0.0,0.0,0.0,0.0,0.0,0.0,0.0,0.0,0.0,65013.91,0.0,0.0,0.47226758134694075,4.0,M-049-11,0,test,normal
44.0,140533.94,41093.59000000001,4127.898409090908,7448.712138430968,22.0,10.0,12.0,0.2262519894423495,11.629434954007884,0.006427679149152762,0.006427679149152762,0.0,0.0,0.0,0.0,0.0,0.0,0.0,48095.12,309.14,0.0,0.4475131036251638,4.0,M-050-00,0,train,normal
44.0,139153.29,41787.66,4112.294318181818,6091.282311080246,22.0,11.0,11.0,0.230946394389993,11.629434954007884,0.015461557241316837,0.015461557241316837,0.0,0.0,0.0,0.0,0.0,0.0,0.0,36209.16,559.85,0.0,0.4033731489152539,4.0,M-050-01,0,train,normal
46.0,169697.94999999998,92998.59,5710.794347826088,11464.30842851861,25.0,9.0,16.0,0.35401528318568637,11.629434954007884,0.745705676892626,0.7527826051539175,0.0,0.0,0.0,0.0,0.0,0.0,0.0,75374.51,56207.200000000004,0.0,0.19420154649656518,4.0,M-050-02,1,train,split_no_return
47.0,194623.9,52153.310000000005,5250.578936170213,11643.264544705158,23.0,11.0,12.0,0.2113376271658149,11.629434954007884,0.0,0.0,0.0,0.0,0.0,0.0,0.0,0.0,0.0,80217.86,0.0,0.0,0.49173887525067916,4.0,M-050-03,0,train,normal
46.0,150501.27000000002,48855.17999999999,4333.835869565217,7320.455977988214,27.0,14.0,14.0,0.24506445615378883,11.629434954007884,0.03253777931467672,0.03967245676636463,0.0,1558.19,22.0,1.0,1.0,0.0,0.0,47888.64,1558.19,3500.0,0.3832351042407377,4.0,M-050-04,0,train,benign_cycle
48.0,158474.36,53965.99000000001,4425.840625,11372.60148207953,25.0,12.0,13.0,0.25402890740859735,11.629434954007884,0.023996236664475368,0.031141129060329734,0.0,0.0,0.0,0.0,0.0,0.0,0.0,80439.28,1930.24,0.0,0.5160724374740461,4.0,M-050-05,0,train,normal
42.0,137248.03,35985.25,4124.601904761906,6884.865437652856,22.0,11.0,11.0,0.20772711802258778,11.629434954007884,0.018636170912835745,0.018636170912835745,0.0,0.0,0.0,0.0,0.0,0.0,0.0,42123.46,785.02,0.0,0.3672271277815216,4.0,M-050-06,0,train,normal
47.0,143125.34,52408.340000000004,4160.291063829787,7466.533459857188,22.0,12.0,10.0,0.26802717567633366,11.629434954007884,0.011409656223947393,0.011409656223947393,0.0,0.0,0.0,0.0,0.0,0.0,0.0,50054.97,571.11,0.0,0.4779998755923198,4.0,M-050-07,0,train,normal
46.0,176624.32000000004,42683.98000000001,4767.571739130435,12321.25770964755,23.0,11.0,12.0,0.19463002540259539,11.629434954007884,0.0,0.008954865203712914,0.0,0.0,0.0,0.0,0.0,0.0,0.0,84722.66,0.0,0.0,0.5399402773593276,4.0,M-050-08,0,train,normal
43.0,151990.02,42553.030000000006,4524.2569767441855,10117.87610546512,25.0,12.0,13.0,0.21873323153924032,11.629434954007884,0.007301101908199919,0.007301101908199919,0.0,0.0,0.0,0.0,0.0,0.0,0.0,67181.64,490.5,0.0,0.349218610284626,4.0,M-050-09,0,train,normal
40.0,161193.75999999998,35909.219999999994,4927.5745,12053.83592114621,24.0,11.0,13.0,0.18218506894213368,11.629434954007884,0.034131936327801024,0.04035159965032165,0.0,0.0,0.0,0.0,0.0,0.0,0.0,78071.75,2664.74,0.0,0.21382307942082843,4.0,M-050-10,0,train,normal
44.0,167226.70999999996,43954.1,4799.563863636365,12812.600510351169,22.0,10.0,12.0,0.20813491528894124,11.629434954007884,0.0,0.0,0.0,0.0,0.0,0.0,0.0,0.0,0.0,87002.05,0.0,0.0,0.37940260408016546,4.0,M-050-11,0,train,normal
44.0,150618.31999999998,41561.73,4367.728409090909,8566.80116056161,22.0,11.0,11.0,0.21626453942539825,11.629434954007884,0.04774975813016504,0.04774975813016504,0.0,0.0,0.0,0.0,0.0,0.0,0.0,56311.28,2688.85,0.0,0.45206852554020244,4.0,M-050-12,0,train,normal
44.0,120914.52000000002,34973.32,3542.9054545454546,5678.294001534366,23.0,11.0,12.0,0.22434925007620865,11.629434954007884,0.011948501529122003,0.027248593511119402,0.0,0.0,0.0,0.0,0.0,0.0,0.0,34941.62,417.5,0.0,0.4587219629134437,4.0,M-050-13,0,train,normal
48.0,161145.28,50846.38,4416.492916666667,8383.314581860892,24.0,13.0,12.0,0.2398508507362978,11.629434954007884,0.0,0.0,0.0,0.0,22.0,1.0,1.0,0.0,0.0,57106.84,0.0,3500.0,0.4606363324193385,4.0,M-051-00,0,train,benign_cycle
42.0,125078.29999999999,61028.30999999999,4431.109761904761,6685.7329078588045,23.0,10.0,13.0,0.3279212382623056,11.629434954007884,0.7153275116255853,0.7273874836675274,0.0,0.0,0.0,0.0,0.0,0.0,0.0,36361.61,26010.46,0.0,0.3913136378837953,5.0,M-051-01,0,train,quick_benign
47.0,152008.52000000002,89516.51,5138.830425531914,10974.324957825173,24.0,12.0,13.0,0.37063036489427204,11.629434954007884,0.8079528394012644,0.8159575684335456,0.0,7327.16,46.291666666666664,1.0,1.0,0.0,0.0,61052.66,49327.67,7327.16,0.5510454998748275,4.0,M-051-02,1,train,ring
41.0,190850.55,36122.67,5535.932195121951,12987.637009753154,24.0,12.0,12.0,0.15914948027789358,11.629434954007884,0.03235133075675958,0.03620799782835374,0.0,0.0,0.0,0.0,0.0,0.0,0.0,84212.61,2724.39,0.0,0.2796609442214543,4.0,M-051-03,0,train,normal
45.0,173521.93000000002,38794.31,4718.138666666667,12385.269754315514,23.0,12.0,11.0,0.18271946601917968,11.629434954007884,0.0046284269507577665,0.0046284269507577665,0.0,0.0,0.0,0.0,0.0,0.0,0.0,84264.05,390.01,0.0,0.4851574883017638,4.0,M-051-04,0,train,normal
48.0,164406.13,54340.09,4557.212916666667,10373.035228822244,23.0,11.0,12.0,0.2484161326307718,11.629434954007884,0.030079602696225678,0.030079602696225678,0.0,0.0,0.0,0.0,0.0,0.0,0.0,72706.08,2186.97,0.0,0.4881771450875404,4.0,M-051-05,0,train,normal
40.0,164468.61,35322.61,4994.780500000001,11776.938141688814,23.0,10.0,13.0,0.1767976090240602,11.629434954007884,0.0,0.0,0.0,0.0,0.0,0.0,0.0,0.0,0.0,75898.47,0.0,0.0,0.2020801973580095,4.0,M-051-06,0,train,normal
43.0,161217.19000000003,40934.05000000002,4701.1916279069765,11058.889254476528,23.0,10.0,13.0,0.20249220336219564,11.629434954007884,0.007925135034995224,0.007925135034995224,0.0,0.0,0.0,0.0,0.0,0.0,0.0,73545.75,582.86,0.0,0.37678753995756575,4.0,M-051-07,0,train,normal
44.0,156945.36000000002,44850.36,4586.266363636364,10326.002262009175,22.0,10.0,12.0,0.22225625003344968,11.629434954007884,0.0,0.03469746628045955,0.0,0.0,0.0,0.0,0.0,0.0,0.0,69309.96,0.0,0.0,0.4120990333187961,4.0,M-051-08,0,train,normal
47.0,143886.7,48190.65,4086.7521276595744,6088.864200233475,23.0,11.0,12.0,0.2508918932919472,11.629434954007884,0.05636126961549792,0.06945501803277428,0.0,0.0,0.0,0.0,0.0,0.0,0.0,37711.89,2125.49,0.0,0.49822942832271405,4.0,M-051-09,0,train,normal
43.0,136900.86000000002,35149.31,4001.166744186047,6733.422977956195,23.0,12.0,11.0,0.20429686294410518,11.629434954007884,0.0,0.028105994609473092,0.0,0.0,0.0,0.0,0.0,0.0,0.0,41565.51,0.0,0.0,0.40761625192642476,4.0,M-051-10,0,train,normal
46.0,167644.43,41831.71,4553.829130434782,8923.09030120191,24.0,13.0,12.0,0.19969677692170576,11.629434954007884,0.0,0.011041371079856588,0.0,0.0,22.0,1.0,1.0,0.0,0.0,59450.95,0.0,3500.0,0.4103951284802844,4.0,M-051-11,0,train,benign_cycle
42.0,186042.78,34387.46,5248.339047619047,13078.309537799205,22.0,11.0,11.0,0.15600155405174898,11.629434954007884,0.01363331772014537,0.01363331772014537,0.0,0.0,0.0,0.0,0.0,0.0,0.0,85867.58,1170.66,0.0,0.3819656933079675,4.0,M-052-00,0,train,normal
42.0,164199.08999999997,38736.54000000001,4831.800714285715,9993.387392294155,21.0,9.0,12.0,0.19088092120639438,11.629434954007884,0.0413395036224594,0.046243378279374026,0.0,0.0,0.0,0.0,0.0,0.0,0.0,65107.7,2691.52,0.0,0.3179414062278148,4.0,M-052-01,0,train,normal
46.0,179326.78,45737.51,4892.701956521738,12518.674789792807,26.0,12.0,14.0,0.20321975556406577,11.629434954007884,0.011407908102962504,0.017791402134917145,0.0,0.0,0.0,0.0,0.0,0.0,0.0,86087.65,982.08,0.0,0.45742477017222843,4.0,M-052-02,0,train,normal
43.0,138874.94999999998,39542.43000000001,4149.241395348838,8866.438051834906,23.0,10.0,13.0,0.22162880096098264,11.629434954007884,0.006858238593922037,0.011771297311697312,0.0,0.0,0.0,0.0,0.0,0.0,0.0,58971.41,404.44,0.0,0.39572580643121824,4.0,M-052-03,0,train,normal
45.0,142415.37,45207.54,4169.397999999999,8694.681096556445,23.0,11.0,12.0,0.24094893315533805,11.629434954007884,0.043465693048801435,0.043465693048801435,0.0,0.0,0.0,0.0,0.0,0.0,0.0,58569.18,2545.75,0.0,0.420251577502337,4.0,M-052-04,0,train,normal
54.0,211716.94999999998,86065.2,5514.4842592592595,11496.384986218833,30.0,12.0,18.0,0.28902068172991563,11.629434954007884,0.1802426304127209,0.36450833388378806,0.0,0.0,0.0,0.0,0.0,0.0,0.0,39966.96,7203.75,0.0,0.22705878798864118,5.0,M-052-05,0,train,seasonal
40.0,131973.74,29130.03,4027.5942499999996,6575.213010433535,22.0,10.0,12.0,0.18081532170227924,11.629434954007884,0.013089383490902504,0.013089383490902504,0.0,0.0,0.0,0.0,0.0,0.0,0.0,39309.72,514.54,0.0,0.2475500368520046,4.0,M-052-06,0,train,normal
47.0,177386.2,52031.11,4881.2193617021285,12499.407033419779,22.0,11.0,11.0,0.22679679227343388,11.629434954007884,0.011389489775349619,0.014429721738799414,0.0,0.0,0.0,0.0,0.0,0.0,0.0,87213.74,993.32,0.0,0.4955458378650772,4.0,M-052-07,0,train,normal
40.0,151103.31000000003,34227.829999999994,4633.2785,9328.990781169352,25.0,11.0,14.0,0.1846847216285401,11.629434954007884,0.0344592574576005,0.04354451589147483,0.0,0.0,0.0,0.0,0.0,0.0,0.0,59204.7,2040.15,0.0,0.19074595146697879,4.0,M-052-08,0,train,normal
43.0,198368.3,40279.08,5549.939069767442,13010.46067026011,23.0,11.0,12.0,0.168780734152623,11.629434954007884,0.02771539387256233,0.030619552237489845,0.0,0.0,0.0,0.0,0.0,0.0,0.0,86186.76,2388.7,0.0,0.35986298594704746,4.0,M-052-09,0,train,normal
43.0,164222.14,88951.13000000002,5887.75046511628,13175.012799689815,25.0,12.0,13.0,0.35134487143923215,11.629434954007884,0.7152934262932769,0.7152934262932769,0.0,0.0,0.0,0.0,0.0,0.0,0.0,73547.09,52607.75,0.0,0.5884606524953644,5.0,M-052-10,0,train,quick_benign
41.0,141574.84,35629.97,4322.068536585366,7944.407012259127,21.0,10.0,11.0,0.20106660761635084,11.629434954007884,0.0,0.0,0.0,0.0,0.0,0.0,0.0,0.0,0.0,50057.43,0.0,0.0,0.29481388842033823,4.0,M-052-11,0,train,normal
47.0,163863.66,47533.34,4497.808510638297,9735.439814720363,23.0,13.0,11.0,0.22485342743747547,11.629434954007884,0.04056530260207522,0.04969555117108419,0.0,2711.67,22.0,1.0,1.0,0.0,0.0,66847.03,2711.67,3500.0,0.4220553405251977,4.0,M-052-12,0,train,benign_cycle
44.0,158303.06,42833.54,4571.286363636363,10193.021787252093,24.0,12.0,12.0,0.21295746273925287,11.629434954007884,0.014283415510027979,0.020191227151781753,0.0,0.0,0.0,0.0,0.0,0.0,0.0,68235.08,974.63,0.0,0.3905549249490002,4.0,M-052-13,0,train,normal
43.0,151859.09999999998,36862.13,4388.865813953488,6983.053555288283,25.0,14.0,12.0,0.19532582529268167,11.629434954007884,0.03412660519350465,0.041495663474555404,0.0,1467.4,22.0,1.0,1.0,0.0,0.0,42998.71,1467.4,3500.0,0.283498267734393,4.0,M-052-14,0,train,benign_cycle
41.0,181727.13000000003,96058.03,6775.2478048780495,14395.363793454646,22.0,10.0,12.0,0.3457997180266937,11.629434954007884,0.8262066252771091,0.8262066252771091,0.0,0.0,0.0,0.0,0.0,0.0,0.0,75759.85,62593.28999999999,0.0,0.6233194663684025,5.0,M-053-00,0,train,quick_benign
46.0,138215.66,45463.82000000001,3993.0321739130445,7365.107630350814,22.0,11.0,11.0,0.24751714236124797,11.629434954007884,0.008562276854024279,0.008562276854024279,0.0,0.0,0.0,0.0,0.0,0.0,0.0,49015.0,419.68,0.0,0.4856294521665798,4.0,M-053-01,0,train,normal
46.0,139541.68,43502.3,3979.2169565217396,5802.374788507183,24.0,12.0,13.0,0.2376603699285822,11.629434954007884,0.026015296976569367,0.026015296976569367,0.0,922.28,22.0,1.0,1.0,0.0,0.0,35451.45,922.28,3500.0,0.41537596862694615,4.0,M-053-02,0,train,benign_cycle
42.0,129330.31000000001,55427.920000000006,4399.005476190475,6642.618496243712,25.0,12.0,13.0,0.3000024410279316,11.629434954007884,0.759006778548687,0.759006778548687,0.0,0.0,0.0,0.0,0.0,0.0,0.0,33827.3,25675.15,0.0,0.4632169130647515,5.0,M-053-03,0,train,quick_benign
46.0,161582.66,47724.799999999996,4550.162173913044,9727.726141916502,24.0,12.0,12.0,0.22801289547921505,11.629434954007884,0.005025266759206509,0.005025266759206509,0.0,0.0,0.0,0.0,0.0,0.0,0.0,66227.33,332.81,0.0,0.48764038822582817,4.0,M-053-04,0,train,normal
76.0,232481.78,124383.05,4695.589868421052,9110.248263403764,34.0,15.0,19.0,0.3485438730401088,11.629434954007884,0.007744115815395741,0.07569671572380378,0.0,0.0,0.0,0.0,0.0,0.0,0.0,80094.36,620.26,0.0,0.21866315386220228,4.0,M-053-05,0,train,business
47.0,131310.4,49678.51,3850.8278723404255,7029.587965596511,24.0,11.0,13.0,0.27448372389225395,11.629434954007884,0.013033965013786406,0.013033965013786406,0.0,0.0,0.0,0.0,0.0,0.0,0.0,47924.02,624.64,0.0,0.49235333346350363,4.0,M-053-06,0,train,normal
50.0,129546.07999999999,54645.18,3683.8251999999998,7167.716928831451,23.0,11.0,13.0,0.2966762918066797,11.629434954007884,0.03535638660755275,0.045412390821692274,0.0,1796.79,22.0,1.0,1.0,0.0,0.0,50819.39,1796.79,3500.0,0.49594053857998094,4.0,M-053-07,0,train,benign_cycle
47.0,140771.56,53350.69,4130.260638297872,7286.3929236951035,25.0,13.0,12.0,0.27483037106771635,11.629434954007884,0.012410561135344788,0.012410561135344788,0.0,0.0,0.0,0.0,0.0,0.0,0.0,48814.07,605.81,0.0,0.4831249605206605,4.0,M-053-08,0,train,normal
47.0,149941.93,50044.05,4255.02085106383,8346.631130578608,22.0,9.0,13.0,0.250237791669196,11.629434954007884,0.030789732215993203,0.0353583495471767,0.0,0.0,0.0,0.0,0.0,0.0,0.0,56829.01,1749.75,0.0,0.5321100110802384,4.0,M-053-09,0,train,normal
46.0,167781.13,47011.14,4669.397173913043,12293.287541464784,27.0,13.0,14.0,0.21886793225845605,11.629434954007884,0.003276189983765938,0.003276189983765938,0.0,0.0,0.0,0.0,0.0,0.0,0.0,85098.85,278.8,0.0,0.4355999450343046,4.0,M-053-10,0,train,normal
50.0,191805.52000000005,57858.76,4993.2856,11566.560678463786,22.0,11.0,12.0,0.23174624740070948,11.629434954007884,0.04255833988427779,0.04255833988427779,0.0,3500.0,22.0,1.0,1.0,0.0,0.0,82240.05,3500.0,3500.0,0.47161691678148643,4.0,M-053-11,0,train,benign_cycle
48.0,177091.38000000003,48270.37,4695.036458333333,12370.078908870777,23.0,10.0,13.0,0.21419060687982766,11.629434954007884,0.030849072160725053,0.033918375092247675,0.0,0.0,0.0,0.0,0.0,0.0,0.0,86899.21,2680.76,0.0,0.5031156794530475,4.0,M-054-00,0,train,normal
46.0,192325.61000000002,48305.54,5231.111956521739,12458.599593883915,20.0,10.0,10.0,0.20074516537031886,11.629434954007884,0.004930621993908089,0.004930621993908089,0.0,0.0,0.0,0.0,0.0,0.0,0.0,85542.96,421.78,0.0,0.5097007506799427,4.0,M-054-01,0,train,normal
57.0,230481.06,96888.44,5743.324561403509,12314.839778757454,31.0,11.0,20.0,0.29596049723630335,11.629434954007884,0.007873961234178967,0.007873961234178967,0.0,0.0,0.0,0.0,0.0,0.0,0.0,72220.32,568.66,0.0,0.28725397993816393,5.0,M-054-02,0,train,seasonal
68.0,188776.72000000003,76683.56,3903.827647058823,6559.335464605371,33.0,16.0,17.0,0.2888701842701289,11.629434954007884,0.04118326112837521,0.051269260466549255,0.0,0.0,0.0,0.0,0.0,0.0,0.0,52581.8,2165.49,0.0,0.13058718192008822,4.0,M-054-03,0,train,business
49.0,158166.70999999996,110345.55999999998,5479.84224489796,11980.30806847914,22.0,10.0,12.0,0.41095164850380944,11.629434954007884,0.9228395840478364,0.9228395840478364,0.0,0.0,0.0,0.0,0.0,0.0,0.0,64205.46,59251.34,0.0,0.5340563770757972,4.0,M-054-04,1,train,classic
43.0,165481.32,41652.770000000004,4817.0718604651165,11157.659040481076,25.0,12.0,13.0,0.20109084892786117,11.629434954007884,0.0,0.0,0.0,0.0,0.0,0.0,0.0,0.0,0.0,74359.47,0.0,0.0,0.40955883606300375,4.0,M-054-05,0,train,normal
41.0,158302.03000000003,28446.19,4554.834634146341,8729.483517814535,23.0,10.0,13.0,0.15232375441115314,11.629434954007884,0.01591822524868961,0.022673694990238673,0.0,0.0,0.0,0.0,0.0,0.0,0.0,54546.91,868.29,0.0,0.3060729749748561,4.0,M-054-06,0,train,normal
50.0,156242.37,99104.54999999999,5106.9384,9506.886253486651,25.0,10.0,15.0,0.3881172719843262,11.629434954007884,0.8308352105286368,0.84092490313735,0.0,0.0,0.0,0.0,0.0,0.0,0.0,63716.51,52937.92,0.0,0.23468922466223804,4.0,M-054-07,1,train,split_no_return
44.0,139710.64,41577.549999999996,4120.186136363636,6190.74348694786,26.0,13.0,13.0,0.2293450555163025,11.629434954007884,0.0,0.007739279893883116,0.0,0.0,0.0,0.0,0.0,0.0,0.0,37724.44,0.0,0.0,0.4229154916535487,4.0,M-054-08,0,train,normal
45.0,154695.96999999997,42546.03999999999,4383.155777777777,6860.310594946199,22.0,12.0,10.0,0.2157047578251712,11.629434954007884,0.014817272191189331,0.014817272191189331,0.0,0.0,0.0,0.0,0.0,0.0,0.0,42411.99,628.43,0.0,0.46387936456600903,4.0,M-054-09,0,train,normal
46.0,156766.16000000003,52186.15,4542.441521739131,8147.163760380443,23.0,12.0,11.0,0.24975148635590583,11.629434954007884,0.0,0.03007370417399979,0.0,0.0,0.0,0.0,0.0,0.0,0.0,54473.17,0.0,0.0,0.4395785088572351,4.0,M-054-10,0,train,normal
41.0,142957.55000000002,37607.51,4404.025853658536,7888.7048238948155,23.0,11.0,12.0,0.20827678400239782,11.629434954007884,0.027973458444986023,0.03514955042800451,0.0,0.0,0.0,0.0,0.0,0.0,0.0,49472.61,1383.92,0.0,0.2706985918504043,4.0,M-054-11,0,train,normal
75.0,191437.21,100248.07999999999,3889.1371999999997,4299.146410522461,38.0,18.0,20.0,0.34368575803051293,11.629434954007884,0.11080142144822412,0.12487531355698805,0.0,0.0,0.0,0.0,0.0,0.0,0.0,32932.61,3648.9800000000005,0.0,0.2465006811103016,4.0,M-055-00,0,train,business
40.0,127062.36,31162.07,3955.61075,5485.814288241713,21.0,10.0,11.0,0.19694853696107487,11.629434954007884,0.01892392288066479,0.01892392288066479,0.0,0.0,0.0,0.0,0.0,0.0,0.0,30176.09,571.05,0.0,0.25581227434506115,4.0,M-055-01,0,train,normal
41.0,168301.90999999997,30157.09,4840.463414634146,10916.586697073182,23.0,10.0,13.0,0.15195627308411308,11.629434954007884,0.0,0.0,0.0,0.0,0.0,0.0,0.0,0.0,0.0,70027.41,0.0,0.0,0.2862703264804396,4.0,M-055-02,0,train,normal
48.0,164407.49999999997,45170.369999999995,4366.205625,10115.980173533791,24.0,12.0,13.0,0.2155302465856724,11.629434954007884,0.018488700464500893,0.023183645016040574,0.0,1299.58,22.0,1.0,1.0,0.0,0.0,70290.5,1299.58,3500.0,0.46005512020379735,4.0,M-055-03,0,train,benign_cycle
48.0,133717.45,55244.21000000001,3936.7012499999996,5400.724765802898,21.0,10.0,11.0,0.2923567140551158,11.629434954007884,0.0,0.0159697867793499,0.0,0.0,0.0,0.0,0.0,0.0,0.0,34234.02,0.0,0.0,0.480287255442697,4.0,M-055-04,0,train,normal
45.0,121051.52,46462.18000000001,3722.526666666667,4826.840942990445,25.0,14.0,12.0,0.27736346340627666,11.629434954007884,0.0,0.0,0.0,0.0,22.0,1.0,1.0,0.0,0.0,30013.49,0.0,3500.0,0.31874225445297655,4.0,M-055-05,0,train,benign_cycle
47.0,182406.56,52693.649999999994,5002.1321276595745,12344.809142343214,25.0,12.0,13.0,0.2241327219571603,11.629434954007884,0.005929793263161431,0.005929793263161431,0.0,0.0,0.0,0.0,0.0,0.0,0.0,85739.92,508.42,0.0,0.5039857743769885,4.0,M-055-06,0,train,normal
44.0,157861.63000000003,40971.71000000001,4518.939545454546,8869.297230389779,22.0,9.0,13.0,0.2060605630826299,11.629434954007884,0.0,0.004951742603282704,0.0,0.0,0.0,0.0,0.0,0.0,0.0,57935.16,0.0,0.0,0.4070159629656657,4.0,M-055-07,0,train,normal
43.0,135024.71000000002,39336.780000000006,4054.918372093023,6622.909148732686,23.0,12.0,11.0,0.22560474792914426,11.629434954007884,0.012046966920628798,0.012046966920628798,0.0,0.0,0.0,0.0,0.0,0.0,0.0,41476.0,499.66,0.0,0.3673112034081081,4.0,M-055-08,0,train,normal
45.0,155577.6,45092.59999999999,4459.337777777778,11070.166579870802,23.0,12.0,12.0,0.22470999680072073,11.629434954007884,0.007093353136194442,0.015373820846651594,0.0,536.82,22.0,1.0,1.0,0.0,0.0,75679.3,536.82,3500.0,0.3487873841827706,4.0,M-055-09,0,train,benign_cycle
46.0,144664.11000000002,42199.009999999995,4062.241739130435,7902.006538022976,22.0,12.0,11.0,0.22582845667994839,11.629434954007884,0.022398733710510776,0.02951560786980304,0.0,1193.76,22.0,1.0,1.0,0.0,0.0,53295.87,1193.76,3500.0,0.39469433050680575,4.0,M-055-10,0,train,benign_cycle
43.0,131866.41,40003.56,3996.976046511628,5857.011104100293,23.0,11.0,13.0,0.23275479712948108,11.629434954007884,0.0166860170173389,0.0166860170173389,0.0,598.3,22.0,1.0,1.0,0.0,0.0,35856.37,598.3,3500.0,0.2593879144756117,4.0,M-055-11,0,train,benign_cycle
46.0,130760.53999999998,48486.51,3896.675,6430.6148347676435,24.0,10.0,14.0,0.2705010207978318,11.629434954007884,0.01485598588723946,0.01485598588723946,0.0,0.0,0.0,0.0,0.0,0.0,0.0,42248.29,627.64,0.0,0.4706735956042206,4.0,M-055-12,0,train,normal
48.0,174310.95,50744.270000000004,4688.650416666667,10530.349924845994,25.0,13.0,13.0,0.22547475237410622,11.629434954007884,0.023180247541627425,0.027907451493691105,0.0,1698.7,22.0,1.0,1.0,0.0,0.0,73282.22,1698.7,3500.0,0.45173120038971887,4.0,M-055-13,0,train,benign_cycle
45.0,118631.17,45898.94,3656.224666666667,5288.8183833171815,24.0,11.0,13.0,0.2789698493485478,11.629434954007884,0.042583406041469735,0.05624485026168862,0.0,0.0,0.0,0.0,0.0,0.0,0.0,32962.84,1403.67,0.0,0.4021559103543567,4.0,M-055-14,0,train,normal
44.0,130538.76000000001,42280.75,3927.7161363636365,7114.996657230805,21.0,9.0,12.0,0.2446526436743166,11.629434954007884,0.00670771219316836,0.00670771219316836,0.0,0.0,0.0,0.0,0.0,0.0,0.0,46543.44,312.2,0.0,0.43046682000674064,4.0,M-056-00,0,train,normal
48.0,148695.31999999998,50741.77,4154.939375,7021.188225467493,23.0,11.0,13.0,0.25442494171971725,11.629434954007884,0.05317430008635174,0.059321853297519676,0.0,2495.17,22.0,1.0,1.0,0.0,0.0,46924.36,2495.17,3500.0,0.42329485155917895,4.0,M-056-01,0,train,benign_cycle
43.0,155057.02000000002,37529.80000000001,4478.763255813954,9123.50175971891,23.0,11.0,13.0,0.1948721101475169,11.629434954007884,0.005580312183201635,0.005580312183201635,0.0,335.23,22.0,1.0,1.0,0.0,0.0,60073.7,335.23,3500.0,0.23157624074735272,4.0,M-056-02,0,train,benign_cycle
48.0,135743.9,51849.719999999994,3908.2004166666666,7866.744600569634,21.0,11.0,10.0,0.27639383471570084,11.629434954007884,0.0,0.011309901563489322,0.0,0.0,0.0,0.0,0.0,0.0,0.0,54772.36,0.0,0.0,0.4902261767276661,4.0,M-056-03,0,train,normal
44.0,158912.00000000003,40609.7,4534.584090909091,10382.154385638087,24.0,12.0,12.0,0.2035352545612833,11.629434954007884,0.0,0.017447023561773262,0.0,0.0,0.0,0.0,0.0,0.0,0.0,69770.64,0.0,0.0,0.42232102182483505,4.0,M-056-04,0,train,normal
44.0,167614.18,44889.31,4829.624772727273,11607.703764196762,25.0,13.0,12.0,0.21124034245272863,11.629434954007884,0.0,0.003634123916692596,0.0,0.0,0.0,0.0,0.0,0.0,0.0,78321.49,0.0,0.0,0.38603823493834055,4.0,M-056-05,0,train,normal
48.0,182434.89,53782.8,4921.201875,11695.351380717408,25.0,13.0,12.0,0.22768320188043495,11.629434954007884,0.004707224955417201,0.004707224955417201,0.0,0.0,0.0,0.0,0.0,0.0,0.0,81825.28,385.17,0.0,0.5148435931189896,4.0,M-056-06,0,train,normal
44.0,163342.85,42348.83999999999,4674.811136363637,9389.205179716473,22.0,10.0,12.0,0.2058850311356768,11.629434954007884,0.0,0.0,0.0,0.0,0.0,0.0,0.0,0.0,0.0,61831.51,0.0,0.0,0.40403184597264064,4.0,M-056-07,0,train,normal
42.0,127298.59999999999,34652.95,3855.9892857142863,6797.630242587133,24.0,13.0,11.0,0.2139710919716421,11.629434954007884,0.009080946181566737,0.009080946181566737,0.0,0.0,0.0,0.0,0.0,0.0,0.0,42922.84,389.78,0.0,0.3131196622509772,4.0,M-056-08,0,train,normal
40.0,179014.47999999998,33785.130000000005,5319.99025,13368.222762546353,22.0,10.0,12.0,0.15876499961630572,11.629434954007884,0.003448921824322512,0.003448921824322512,0.0,0.0,0.0,0.0,0.0,0.0,0.0,86105.17,296.97,0.0,0.2244901825152071,4.0,M-056-09,0,train,normal
43.0,161984.19999999998,36395.4,4613.479069767442,12248.5107588931,22.0,12.0,10.0,0.1834634206339765,11.629434954007884,0.006193320169884383,0.006193320169884383,0.0,0.0,0.0,0.0,0.0,0.0,0.0,81959.27,507.6,0.0,0.42861735274237955,4.0,M-056-10,0,train,normal
45.0,148130.61000000002,45424.27,4301.219555555556,8090.802111109724,24.0,12.0,12.0,0.2346841887944132,11.629434954007884,0.03687962983932255,0.04683495617094722,0.0,0.0,0.0,0.0,0.0,0.0,0.0,53870.66,1986.73,0.0,0.42290718155734813,4.0,M-056-11,0,train,normal
43.0,160977.0,35535.840000000004,4570.066046511629,9511.962402381867,24.0,12.0,13.0,0.18083215325777185,11.629434954007884,0.0,0.009414206234303014,0.0,0.0,22.0,1.0,1.0,0.0,0.0,62101.89,0.0,3500.0,0.30931617206741135,4.0,M-056-12,0,train,benign_cycle
48.0,176405.30000000002,50993.38,4737.4725,12506.96146161567,25.0,13.0,13.0,0.2242465963302865,11.629434954007884,0.022724962020523976,0.026193554143029266,0.0,2007.16,22.0,1.0,1.0,0.0,0.0,88324.02,2007.16,3500.0,0.42850209184015653,4.0,M-056-13,0,train,benign_cycle
40.0,168840.98,33437.29,5056.95675,12527.36803791291,23.0,11.0,12.0,0.16530342087659736,11.629434954007884,0.007654275846248592,0.007654275846248592,0.0,0.0,0.0,0.0,0.0,0.0,0.0,80733.96,617.96,0.0,0.21139153322533014,4.0,M-056-14,0,train,normal
44.0,157058.36000000002,42307.520000000004,4531.042727272728,7973.243827791788,19.0,8.0,11.0,0.21221043440331916,11.629434954007884,0.0,0.007446563027649184,0.0,0.0,0.0,0.0,0.0,0.0,0.0,51093.37,0.0,0.0,0.4391786613821844,4.0,M-057-00,0,val,normal
49.0,119974.59,51049.37,3490.2848979591836,4823.669240131659,26.0,13.0,14.0,0.2984925036234689,11.629434954007884,0.019530275916869625,0.033991524164529406,0.0,604.63,22.0,1.0,1.0,0.0,0.0,30958.6,604.63,3500.0,0.4469869069882743,4.0,M-057-01,0,val,benign_cycle
48.0,146387.83000000002,54640.85,4188.0975,7073.734094213576,22.0,12.0,10.0,0.27180624177604906,11.629434954007884,0.05751229581562577,0.05751229581562577,0.0,0.0,0.0,0.0,0.0,0.0,0.0,47538.53,2734.05,0.0,0.5077733966437198,4.0,M-057-02,0,val,normal
43.0,145242.96,41032.780000000006,4331.9939534883715,7535.461884289953,21.0,9.0,12.0,0.22027978522592373,11.629434954007884,0.006197467589382282,0.006197467589382282,0.0,0.0,0.0,0.0,0.0,0.0,0.0,48180.97,298.6,0.0,0.3727977972733019,4.0,M-057-03,0,val,normal
41.0,172304.52000000002,33184.56,5011.928780487805,10484.806984138757,26.0,12.0,14.0,0.16149062519526583,11.629434954007884,0.0,0.0,0.0,0.0,0.0,0.0,0.0,0.0,0.0,67175.5,0.0,0.0,0.3047679402710176,4.0,M-057-04,0,val,normal
42.0,175738.59000000003,37356.189999999995,5073.685238095239,11914.002739393363,22.0,12.0,10.0,0.17530316791429612,11.629434954007884,0.00647440815523015,0.00647440815523015,0.0,0.0,0.0,0.0,0.0,0.0,0.0,78126.06,505.82,0.0,0.3234893601301418,4.0,M-057-05,0,val,normal
43.0,162872.59000000003,42191.840000000004,4768.94023255814,12030.585777039283,24.0,11.0,13.0,0.205749188194169,11.629434954007884,0.0,0.0,0.0,0.0,0.0,0.0,0.0,0.0,0.0,80463.56,0.0,0.0,0.39179708683006,4.0,M-057-06,0,val,normal
42.0,152112.32,33893.74,4428.715714285714,8687.78526491817,23.0,11.0,12.0,0.18221847180677875,11.629434954007884,0.011289920948688026,0.020447158717383156,0.0,0.0,0.0,0.0,0.0,0.0,0.0,55338.74,624.77,0.0,0.3766518537051385,4.0,M-057-07,0,val,normal
42.0,193282.97000000003,32583.33,5377.769047619047,12900.525235325335,25.0,13.0,13.0,0.14425936937028677,11.629434954007884,0.0,0.0,0.0,0.0,22.0,1.0,1.0,0.0,0.0,84409.84,0.0,3500.0,0.2410192573932744,4.0,M-057-08,0,val,benign_cycle
47.0,128594.93,52265.219999999994,3848.088297872339,6104.611987325411,23.0,11.0,12.0,0.2889814035872469,11.629434954007884,0.0,0.0,0.0,0.0,0.0,0.0,0.0,0.0,0.0,40208.27,0.0,0.0,0.4933565763236049,4.0,M-057-09,0,val,normal
51.0,133221.76,87926.07000000002,4336.231960784314,7897.258682142714,23.0,11.0,13.0,0.3975895671234939,11.629434954007884,0.9631455529262394,0.9704838154117494,0.0,3584.8100000000004,46.833333333333336,1.0,1.0,0.0,0.0,42909.34,41327.939999999995,3584.8100000000004,0.43839580229162967,4.0,M-057-10,1,val,classic
59.0,127521.03,59201.26,3164.7845762711872,5889.347631374579,39.0,12.0,28.0,0.3170551303757039,12.352168199737187,0.7331776864649483,0.7331776864649483,0.0,4481.73,46.0,1.0,1.0,0.0,0.0,35336.4,25907.86,4481.73,0.4281508535460225,4.0,M-057-11,1,val,camouflaged
40.0,135315.97,29940.26,4131.40575,7784.348929150687,23.0,10.0,13.0,0.18117477325968287,11.629434954007884,0.00907295476475665,0.00907295476475665,0.0,0.0,0.0,0.0,0.0,0.0,0.0,48096.79,436.38,0.0,0.2547305868419313,4.0,M-058-00,0,test,normal
41.0,167778.27000000002,32995.91,4896.931219512196,11996.050087674736,20.0,9.0,11.0,0.1643433931594192,11.629434954007884,0.005696132136340092,0.005696132136340092,0.0,0.0,0.0,0.0,0.0,0.0,0.0,78130.21,445.04,0.0,0.29759779318103363,4.0,M-058-01,0,test,normal
43.0,157544.3,38961.75,4569.908139534883,9157.7772053206,26.0,13.0,13.0,0.19827252138038498,11.629434954007884,0.009415251595216887,0.009415251595216887,0.0,0.0,0.0,0.0,0.0,0.0,0.0,59692.51,562.02,0.0,0.3950733732442716,4.0,M-058-02,0,test,normal
42.0,122610.48999999999,67833.59,4534.382857142858,8564.161818079117,25.0,11.0,14.0,0.3561863934021997,11.629434954007884,0.7315402584993874,0.789593188552054,0.0,0.0,0.0,0.0,0.0,0.0,0.0,46741.31,34193.15,0.0,0.5040740140688411,5.0,M-058-03,0,test,quick_benign
45.0,115435.29,43532.05,3532.6075555555553,5956.486142914259,23.0,12.0,12.0,0.27384272769488377,11.629434954007884,0.0,0.0,0.0,0.0,22.0,1.0,1.0,0.0,0.0,39825.65,0.0,3500.0,0.334507793683045,4.0,M-058-04,0,test,benign_cycle
71.0,195956.0,103595.20999999999,4219.031126760564,6602.204354415326,37.0,19.0,18.0,0.34583472388577563,11.629434954007884,0.04949304956515067,0.058389472720391196,0.0,0.0,0.0,0.0,0.0,0.0,0.0,53952.02,2670.25,0.0,0.1494948463350767,4.0,M-058-05,0,test,business
61.0,189826.34,108433.04,4889.498032786885,12255.335699730595,38.0,12.0,27.0,0.3635528243906361,11.629434954007884,0.9071190537458949,0.9071190537458949,0.0,7455.179999999999,47.291666666666664,1.0,1.0,0.0,0.0,71970.52,65285.83,7455.179999999999,0.6020842909135444,4.0,M-058-06,1,test,camouflaged
45.0,145094.8,44234.20999999999,4207.311333333334,7359.34251851062,23.0,13.0,11.0,0.2336367258245315,11.629434954007884,0.05141399822241643,0.057961389692994435,0.0,2485.11,22.0,1.0,1.0,0.0,0.0,48335.28,2485.11,3500.0,0.31827877111403147,4.0,M-058-07,0,test,benign_cycle
45.0,138694.40999999997,43560.52,4050.1095555555553,6833.0465970851965,24.0,13.0,12.0,0.23900873353604207,11.629434954007884,0.0,0.010857050155785662,0.0,0.0,22.0,1.0,1.0,0.0,0.0,44320.51,0.0,3500.0,0.32851696903526406,4.0,M-058-08,0,test,benign_cycle
42.0,146584.54,35420.22,4333.446666666667,7462.410918134224,24.0,12.0,12.0,0.19461150356726933,11.629434954007884,0.029046454577952026,0.03946058339991919,0.0,0.0,0.0,0.0,0.0,0.0,0.0,46381.22,1347.21,0.0,0.3459919221280952,4.0,M-058-09,0,test,normal
40.0,166409.54000000004,29317.299999999996,4893.171,11443.22998923857,22.0,10.0,12.0,0.1497868151348072,11.629434954007884,0.0,0.0,0.0,0.0,0.0,0.0,0.0,0.0,0.0,72939.63,0.0,0.0,0.21172754653395778,4.0,M-058-10,0,test,normal
46.0,189286.89,45040.16,5094.066304347828,12258.119891041231,25.0,12.0,13.0,0.1922106730742353,11.629434954007884,0.008787482225845782,0.008787482225845782,0.0,0.0,0.0,0.0,0.0,0.0,0.0,83864.75,736.96,0.0,0.4980752732672352,4.0,M-058-11,0,test,normal
45.0,154448.77,51170.75,4569.322666666666,11852.254412252249,25.0,12.0,13.0,0.2488613435144679,11.629434954007884,0.011572316385221536,0.01812252426838696,0.0,0.0,0.0,0.0,0.0,0.0,0.0,81427.95,942.31,0.0,0.42678131549762316,4.0,M-058-12,0,test,normal
76.0,212388.44999999998,116760.24,4330.903815789475,6155.227256194307,39.0,19.0,20.0,0.3547340261326879,11.629434954007884,0.01201309863347834,0.11637770927563787,0.0,0.0,0.0,0.0,0.0,0.0,0.0,52066.5,625.48,0.0,0.2326851160977401,4.0,M-058-13,0,test,business
47.0,179363.34999999998,45143.8,4776.747872340425,11034.462487795676,22.0,11.0,12.0,0.20107956472655775,11.629434954007884,0.007800696487933763,0.013273572363156358,0.0,591.9,22.0,1.0,1.0,0.0,0.0,75877.84,591.9,3500.0,0.4567180875336148,4.0,M-059-00,0,test,benign_cycle
41.0,168575.84000000003,36139.590000000004,4993.059268292682,12927.80602963927,22.0,10.0,12.0,0.17653574036896003,11.629434954007884,0.004886122879792759,0.004886122879792759,0.0,0.0,0.0,0.0,0.0,0.0,0.0,84709.29,413.9,0.0,0.25209749197486747,4.0,M-059-01,0,test,normal
43.0,180219.11000000002,41095.72999999999,5146.856744186047,11637.788424442868,24.0,11.0,13.0,0.18568899401413835,11.629434954007884,0.003954495828082882,0.003954495828082882,0.0,0.0,0.0,0.0,0.0,0.0,0.0,76993.38,304.47,0.0,0.39892465713591174,4.0,M-059-02,0,test,normal
43.0,174849.24,38866.259999999995,4970.127906976744,10334.276964690505,22.0,9.0,13.0,0.18185980895162024,11.629434954007884,0.03767279479915872,0.04191273366377587,0.0,0.0,0.0,0.0,0.0,0.0,0.0,67378.33,2538.33,0.0,0.35366536425166717,4.0,M-059-03,0,test,normal
68.0,254550.62,87773.30999999998,5034.175441176471,10640.485630578398,35.0,16.0,19.0,0.25640424845554904,11.629434954007884,0.02840646554804315,0.03384420725508628,0.0,0.0,0.0,0.0,0.0,0.0,0.0,88580.89,2516.27,0.0,0.12535621591574936,4.0,M-059-04,0,test,business
74.0,192335.86000000002,101520.76999999999,3971.0355405405408,5420.880507936141,36.0,17.0,19.0,0.3454772145178415,11.629434954007884,0.013386903272472052,0.17140910464132614,0.0,0.0,0.0,0.0,0.0,0.0,0.0,42401.89,567.63,0.0,0.19968317813192316,4.0,M-059-05,0,test,business
40.0,151916.90000000002,36244.310000000005,4704.030250000001,7903.898364989736,21.0,10.0,11.0,0.19262370814898566,11.629434954007884,0.011341790986495568,0.011341790986495568,0.0,0.0,0.0,0.0,0.0,0.0,0.0,48658.1,551.87,0.0,0.23319853516317451,4.0,M-059-06,0,test,normal
48.0,161938.43,57189.119999999995,4565.157291666667,11222.713271684559,22.0,12.0,10.0,0.26098553102975863,11.629434954007884,0.03333088198286418,0.041176128522076604,0.0,0.0,0.0,0.0,0.0,0.0,0.0,79276.03,2642.34,0.0,0.5166192450592001,4.0,M-059-07,0,test,normal
48.0,176554.17000000004,114983.81000000001,6073.707916666666,15175.119936335206,23.0,12.0,12.0,0.3944042213642285,11.629434954007884,0.9046074101407288,0.9046074101407288,0.0,10021.7,46.375,1.0,1.0,0.0,0.0,81463.77,73692.73,10021.7,0.6378035307753326,4.0,M-059-08,1,test,ring
70.0,207108.29,92436.54999999997,4279.2119999999995,5444.744406059217,38.0,19.0,19.0,0.30859002612096403,11.629434954007884,0.0,0.0,0.0,0.0,0.0,0.0,0.0,0.0,0.0,42412.27,0.0,0.0,0.1366716953412909,4.0,M-059-09,0,test,business
45.0,159042.11,41497.7,4456.4402222222225,8983.642938449731,21.0,10.0,11.0,0.2069299856223061,11.629434954007884,0.016290380056447177,0.025549791125379983,0.0,0.0,0.0,0.0,0.0,0.0,0.0,59772.7,973.72,0.0,0.4601862271884948,4.0,M-059-10,0,test,normal
44.0,159572.74,42546.45,4593.617954545454,8561.28050072948,26.0,12.0,14.0,0.21050178362579033,11.629434954007884,0.004765896248283028,0.004765896248283028,0.0,0.0,0.0,0.0,0.0,0.0,0.0,55737.68,265.64,0.0,0.43189972371372937,4.0,M-059-11,0,test,normal
48.0,129274.76,55955.79,3858.9697916666664,6353.820048661175,25.0,12.0,13.0,0.3020872636830156,11.629434954007884,0.010155572846094857,0.010155572846094857,0.0,0.0,0.0,0.0,0.0,0.0,0.0,42849.38,435.16,0.0,0.5298395393935105,4.0,M-060-00,0,train,normal
41.0,124442.16,37356.05,3946.297804878049,5916.844964529295,23.0,11.0,12.0,0.23088048996339328,11.629434954007884,0.0,0.0,0.0,0.0,0.0,0.0,0.0,0.0,0.0,35430.11,0.0,0.0,0.30339985089429955,4.0,M-060-01,0,train,normal
43.0,181606.05,40686.37999999999,5169.591395348837,13400.948025658065,24.0,12.0,12.0,0.18303088413761995,11.629434954007884,0.01756801991542465,0.0226881178490073,0.0,0.0,0.0,0.0,0.0,0.0,0.0,89562.74,1573.44,0.0,0.3524280115360473,4.0,M-060-02,0,train,normal
50.0,209118.06,79507.06000000001,5772.5024,11530.845915849117,31.0,12.0,19.0,0.2754682613904154,11.629434954007884,0.004294733924874578,0.004294733924874578,0.0,0.0,0.0,0.0,0.0,0.0,0.0,67547.84,290.1,0.0,0.14436491551819422,5.0,M-060-03,0,train,seasonal
48.0,171894.68999999997,49628.17,4615.059583333334,11178.5295490084,22.0,9.0,13.0,0.22403182226881685,11.629434954007884,0.0068273798330979974,0.0068273798330979974,0.0,0.0,0.0,0.0,0.0,0.0,0.0,78334.59,534.82,0.0,0.5277532901172862,4.0,M-060-04,0,train,normal
40.0,148065.13,31068.629999999997,4478.344,9857.002864141514,22.0,12.0,10.0,0.17343816151684638,11.629434954007884,0.00855510591355442,0.00855510591355442,0.0,0.0,0.0,0.0,0.0,0.0,0.0,62983.44,538.83,0.0,0.2706430891867456,4.0,M-060-05,0,train,normal
74.0,232812.07,122382.56000000001,4799.927432432432,9821.281485383153,35.0,17.0,18.0,0.34455070449685576,11.629434954007884,0.0057506710778018584,0.011381108849030604,0.0,0.0,0.0,0.0,0.0,0.0,0.0,85250.92,490.25,0.0,0.1671238941234764,4.0,M-060-06,0,train,business
47.0,174517.71000000002,50554.04000000001,4788.760638297873,9803.93205820369,23.0,12.0,11.0,0.22461299563361461,11.629434954007884,0.0,0.0,0.0,0.0,0.0,0.0,0.0,0.0,0.0,66919.02,0.0,0.0,0.5497014679736772,4.0,M-060-07,0,train,normal
43.0,188032.55,34408.060000000005,5173.037441860465,13064.94108529621,25.0,11.0,14.0,0.154684254821995,11.629434954007884,0.0,0.004716084654548872,0.0,0.0,0.0,0.0,0.0,0.0,0.0,86817.78,0.0,0.0,0.41222667014647146,4.0,M-060-08,0,train,normal
50.0,149963.08000000002,88195.99000000002,4763.1814,7323.935180033207,26.0,11.0,15.0,0.370323876390683,11.629434954007884,0.973720345903029,0.973720345903029,0.0,0.0,0.0,0.0,0.0,0.0,0.0,46389.88,45170.770000000004,0.0,0.2693012460090305,4.0,M-060-09,1,train,split_no_return
47.0,134439.86000000002,49685.840000000004,3917.5680851063826,6001.374475395292,22.0,11.0,11.0,0.26984739229776183,11.629434954007884,0.007883738552083732,0.007883738552083732,0.0,0.0,0.0,0.0,0.0,0.0,0.0,38192.54,301.1,0.0,0.5005426093228975,4.0,M-060-10,0,train,normal
48.0,139819.33999999997,48089.13,3914.759791666666,7267.7401879551735,23.0,12.0,11.0,0.2559178412766599,11.629434954007884,0.0,0.009062341929390278,0.0,0.0,0.0,0.0,0.0,0.0,0.0,49147.34,0.0,0.0,0.5867970578798162,4.0,M-060-11,0,train,normal
47.0,176265.48,45504.96000000001,4718.5199999999995,11665.784004990928,24.0,12.0,12.0,0.20518947430505172,11.629434954007884,0.0,0.0,0.0,0.0,0.0,0.0,0.0,0.0,0.0,80873.92,0.0,0.0,0.5437873146136156,4.0,M-060-12,0,train,normal
40.0,140716.84,30743.59,4286.5107499999995,6788.571669797848,22.0,10.0,12.0,0.17930428612595922,11.629434954007884,0.012453170684287534,0.012453170684287534,0.0,0.0,0.0,0.0,0.0,0.0,0.0,40119.1,499.61,0.0,0.24569284198754926,4.0,M-061-00,0,train,normal
49.0,165282.07,86369.51,5135.746530612245,9906.908328458263,24.0,12.0,13.0,0.3432106804177426,11.629434954007884,0.7878961769319651,0.7990752422186829,0.0,6359.65,47.666666666666664,1.0,1.0,0.0,0.0,56531.56,44541.0,6359.65,0.5027352823930575,4.0,M-061-01,1,train,ring
42.0,139221.81,32995.5,4100.4121428571425,7870.509692609474,27.0,14.0,14.0,0.19159223889863336,11.629434954007884,0.02793208106214799,0.03515197674432356,0.0,1417.09,22.0,1.0,1.0,0.0,0.0,50733.42,1417.09,3500.0,0.23185888984861572,4.0,M-061-02,0,train,benign_cycle
44.0,137400.47999999998,41727.11,4071.0815909090907,6208.750712386417,24.0,13.0,11.0,0.23294630380501408,11.629434954007884,0.0,0.0,0.0,0.0,0.0,0.0,0.0,0.0,0.0,37605.2,0.0,0.0,0.4069534170950252,4.0,M-061-03,0,train,normal
41.0,146799.68000000002,37169.079999999994,4487.042926829268,7831.249083878169,23.0,12.0,11.0,0.20204017247276113,11.629434954007884,0.0,0.0,0.0,0.0,0.0,0.0,0.0,0.0,0.0,49358.81,0.0,0.0,0.2809910818346863,4.0,M-061-04,0,train,normal
56.0,219221.49000000002,91071.82999999999,5540.952142857142,10356.80841432749,29.0,10.0,19.0,0.29350238670945283,11.629434954007884,0.011244240778154382,0.011244240778154382,0.0,0.0,0.0,0.0,0.0,0.0,0.0,54649.31,614.49,0.0,0.30166814480394216,5.0,M-061-05,0,train,seasonal
46.0,127517.83999999998,51471.13,3891.064565217391,5235.232901957453,23.0,11.0,12.0,0.28756593213537124,11.629434954007884,0.014885471241923022,0.014885471241923022,0.0,0.0,0.0,0.0,0.0,0.0,0.0,31218.36,464.7,0.0,0.43359432753856386,4.0,M-061-06,0,train,normal
49.0,170168.63000000003,51893.00000000001,4531.87,12178.380370379507,26.0,13.0,14.0,0.2336873776887975,11.629434954007884,0.00475147842495023,0.009306512108667526,0.0,413.12,22.0,1.0,1.0,0.0,0.0,86945.57,413.12,3500.0,0.47088297072822916,4.0,M-061-07,0,train,benign_cycle
44.0,166439.91999999998,42720.78,4753.652272727272,9649.508001296765,24.0,12.0,12.0,0.20424859928275246,11.629434954007884,0.014555529454639657,0.021819651313369166,0.0,0.0,0.0,0.0,0.0,0.0,0.0,63769.58,928.2,0.0,0.42348828836926666,4.0,M-061-08,0,train,normal
45.0,136054.05,43828.03,3997.3795555555557,5679.102978145584,21.0,10.0,11.0,0.24364867250812308,11.629434954007884,0.0,0.029305533538910637,0.0,0.0,0.0,0.0,0.0,0.0,0.0,33434.3,0.0,0.0,0.45921457113176206,4.0,M-061-09,0,train,normal
43.0,146841.72999999998,41131.530000000006,4371.471162790697,6257.054230659579,23.0,11.0,13.0,0.21881585710648424,11.629434954007884,0.02388151787039489,0.030847599955870015,0.0,902.66,22.0,1.0,1.0,0.0,0.0,37797.43,902.66,3500.0,0.26566529375396436,4.0,M-061-10,0,train,benign_cycle
53.0,218259.64000000004,79763.37999999999,5623.075849056603,13874.835057995835,29.0,11.0,18.0,0.2676416741230258,11.629434954007884,0.0,0.0,0.0,0.0,0.0,0.0,0.0,0.0,0.0,87635.31,0.0,0.0,0.20565189188321764,5.0,M-061-11,0,train,seasonal
42.0,190633.59999999998,34450.48,5359.144761904762,13239.485270523033,22.0,10.0,12.0,0.15305604909951873,11.629434954007884,0.018257086420845,0.02244969924112395,0.0,0.0,0.0,0.0,0.0,0.0,0.0,86833.68,1585.33,0.0,0.38278073338891067,4.0,M-061-12,0,train,normal
47.0,134888.44999999998,50323.57000000001,3940.6812765957443,5479.109688900823,23.0,12.0,12.0,0.2717079053508515,11.629434954007884,0.0,0.0,0.0,0.0,22.0,1.0,1.0,0.0,0.0,33925.95,0.0,3500.0,0.42681828813019423,4.0,M-061-13,0,train,benign_cycle
47.0,157945.26,50789.100000000006,4441.156595744681,10148.415084915556,22.0,12.0,10.0,0.24331930785137632,11.629434954007884,0.02800812737174152,0.02800812737174152,0.0,0.0,0.0,0.0,0.0,0.0,0.0,70212.12,1966.51,0.0,0.5071340110378014,4.0,M-061-14,0,train,normal
64.0,194359.44,105639.97,4687.4907812500005,12069.798935404628,37.0,13.0,25.0,0.3521339258633875,11.629434954007884,0.7509807111783686,0.7584761239502169,0.0,11019.68,47.833333333333336,1.0,1.0,0.0,0.0,78794.86,59173.41999999999,11019.68,0.5525785363248399,4.0,M-062-00,1,train,camouflaged
45.0,114553.28000000001,43337.65,3508.6873333333324,5704.2595992485785,24.0,11.0,13.0,0.2744784010075817,11.629434954007884,0.0,0.0,0.0,0.0,0.0,0.0,0.0,0.0,0.0,37157.8,0.0,0.0,0.4495481411659377,4.0,M-062-01,0,train,normal
41.0,170938.07000000004,33098.67999999999,4976.506097560976,13214.53886059886,24.0,13.0,11.0,0.1622192080593324,11.629434954007884,0.0,0.006740733013422351,0.0,0.0,0.0,0.0,0.0,0.0,0.0,86274.0,0.0,0.0,0.29422563075022934,4.0,M-062-02,0,train,normal
44.0,130059.26000000001,64012.08,4410.712272727273,6485.388687887658,25.0,13.0,12.0,0.329837883326822,11.629434954007884,0.6255937513814598,0.6255937513814598,0.0,0.0,0.0,0.0,0.0,0.0,0.0,36193.6,22642.49,0.0,0.3491175415640298,5.0,M-062-03,0,train,quick_benign
45.0,180533.93999999997,46988.84,5056.061777777779,12409.769060590628,25.0,12.0,13.0,0.20652367204725605,11.629434954007884,0.012503241432276935,0.012503241432276935,0.0,0.0,0.0,0.0,0.0,0.0,0.0,84607.66,1057.87,0.0,0.4699781905661004,4.0,M-062-04,0,train,normal
42.0,155321.52999999997,34510.78999999999,4519.817142857143,11503.357078434661,21.0,9.0,12.0,0.18179617675219895,11.629434954007884,0.02010195838605685,0.024277015951384102,0.0,0.0,0.0,0.0,0.0,0.0,0.0,75970.21,1527.15,0.0,0.34992418313229,4.0,M-062-05,0,train,normal
48.0,152870.46000000002,50374.04,4234.260416666667,8337.212708495557,22.0,10.0,13.0,0.24784946210106548,11.629434954007884,0.007449648456066925,0.007449648456066925,0.0,428.19,22.0,1.0,1.0,0.0,0.0,57477.88,428.19,3500.0,0.4560849199309803,4.0,M-062-06,0,train,benign_cycle
48.0,120188.18999999999,77534.87999999999,4119.230624999999,6549.728890832813,21.0,10.0,11.0,0.3921387625632153,11.629434954007884,0.729131959684423,0.729131959684423,0.0,0.0,0.0,0.0,0.0,0.0,0.0,37342.39,27227.53,0.0,0.346304914639708,5.0,M-062-07,0,train,quick_benign
45.0,163437.31000000003,45938.42,4652.794,10886.108212332185,25.0,14.0,12.0,0.21940661412858117,11.629434954007884,0.023434683072341114,0.03016867438722174,0.0,1739.89,22.0,1.0,1.0,0.0,0.0,74244.23,1739.89,3500.0,0.362717742577999,4.0,M-062-08,0,train,benign_cycle
42.0,134336.22,40153.020000000004,4154.505714285715,7345.236664883461,22.0,11.0,11.0,0.2301174559531579,11.629434954007884,0.04379655338742631,0.053423929321598417,0.0,0.0,0.0,0.0,0.0,0.0,0.0,46708.47,2045.67,0.0,0.31807694664062625,4.0,M-062-09,0,train,normal
44.0,158012.43,78886.77999999998,5384.072954545455,10717.001187376316,22.0,12.0,11.0,0.33299722696415907,12.253613666228645,0.8315766223532576,0.8408111186882538,0.0,5149.91,45.541666666666664,1.0,1.0,0.0,0.0,56954.92,47362.38,5149.91,0.5912676369855634,4.0,M-062-10,1,train,multihop
49.0,151462.77,54866.39,4210.799183673469,7522.951204891529,24.0,12.0,13.0,0.2659168001265551,11.629434954007884,0.0,0.010242803160212487,0.0,0.0,22.0,1.0,1.0,0.0,0.0,51492.74,0.0,3500.0,0.4456928914040089,4.0,M-062-11,0,train,benign_cycle
50.0,178961.58,59883.49,4776.901400000001,11210.208189399342,25.0,13.0,13.0,0.25072106365854646,11.629434954007884,0.04359466132304068,0.04359466132304068,0.0,3500.0,22.0,1.0,1.0,0.0,0.0,80285.06,3500.0,3500.0,0.4379520966463377,4.0,M-062-12,0,train,benign_cycle
43.0,122624.07,38071.92,3737.116046511628,6403.337376106503,24.0,11.0,13.0,0.23691891751623667,11.629434954007884,0.06073471070632756,0.0767320961374403,0.0,0.0,0.0,0.0,0.0,0.0,0.0,40358.47,2451.16,0.0,0.3948138155364899,4.0,M-062-13,0,train,normal
41.0,114245.84,37155.49,3692.715365853659,5165.681706894255,24.0,11.0,13.0,0.2454105918356199,11.629434954007884,0.0,0.008866652751073813,0.0,0.0,0.0,0.0,0.0,0.0,0.0,30852.68,0.0,0.0,0.27168824849302214,4.0,M-062-14,0,train,normal
48.0,166079.56,55666.07,4619.700625,10048.498958211663,20.0,9.0,11.0,0.2510357024848697,11.629434954007884,0.0,0.02048000095892313,0.0,0.0,0.0,0.0,0.0,0.0,0.0,70078.61,0.0,0.0,0.5053873930744527,4.0,M-063-00,0,train,normal
49.0,186025.02000000002,113634.62999999999,6115.503061224489,15147.60402144116,24.0,12.0,12.0,0.3792123163729251,11.629434954007884,0.7903052475422366,0.7903052475422366,0.0,0.0,0.0,0.0,0.0,0.0,0.0,87321.26,69010.45,0.0,0.5879640739799127,5.0,M-063-01,0,train,quick_benign
46.0,158950.85,45148.33,4436.938695652174,9401.805674286517,22.0,11.0,12.0,0.2212077971111888,11.629434954007884,0.00796419995415703,0.013462073071694843,0.0,509.37,22.0,1.0,1.0,0.0,0.0,63957.46,509.37,3500.0,0.4116207620525498,4.0,M-063-02,0,train,benign_cycle
45.0,169938.81999999995,44104.31,4756.514,12342.590534940098,26.0,13.0,13.0,0.20605337812056848,11.629434954007884,0.021567910284592397,0.021567910284592397,0.0,0.0,0.0,0.0,0.0,0.0,0.0,84291.43,1817.99,0.0,0.4416346157552403,4.0,M-063-03,0,train,normal
47.0,136384.05,80188.27,4607.92170212766,8245.650311839163,25.0,12.0,13.0,0.3702609363929795,11.629434954007884,0.7732600191305239,0.78627751635517,0.0,0.0,0.0,0.0,0.0,0.0,0.0,46219.33,35739.56,0.0,0.4365115995144926,5.0,M-063-04,0,train,quick_benign
42.0,167407.06,41156.05999999999,4965.788571428571,10896.050513263877,23.0,11.0,12.0,0.19733143616186788,11.629434954007884,0.03542259037436413,0.04440061799117662,0.0,0.0,0.0,0.0,0.0,0.0,0.0,71580.31,2535.56,0.0,0.3196168437892258,4.0,M-063-05,0,train,normal
45.0,183566.69000000003,46603.3,5114.888666666667,11969.057986522042,24.0,11.0,13.0,0.20247339803073372,11.629434954007884,0.020751404269294248,0.026690732340429096,0.0,0.0,0.0,0.0,0.0,0.0,0.0,81116.92,1683.29,0.0,0.45282136672724893,4.0,M-063-06,0,train,normal
49.0,184025.26,53873.19,4855.070408163265,12582.769379991712,24.0,13.0,12.0,0.22645456496248717,11.629434954007884,0.017175087636891094,0.022746150334335274,0.0,1537.17,22.0,1.0,1.0,0.0,0.0,89499.98,1537.17,3500.0,0.47002581432434204,4.0,M-063-07,0,train,benign_cycle
42.0,169199.85,37592.07,4923.617142857142,13426.382396469999,23.0,10.0,13.0,0.18178693829043224,11.629434954007884,0.0,0.0,0.0,0.0,0.0,0.0,0.0,0.0,0.0,88815.41,0.0,0.0,0.29380318774677744,4.0,M-063-08,0,train,normal
75.0,205509.27999999997,110602.56,4214.824533333333,7620.746052319952,36.0,20.0,16.0,0.34988426880815343,11.629434954007884,0.09543394433833553,0.09543394433833553,0.0,0.0,0.0,0.0,0.0,0.0,0.0,66163.67,6314.26,0.0,0.2049364860994176,4.0,M-063-09,0,train,business
47.0,147323.96000000002,47649.24,4148.365957446808,9970.854536544737,24.0,11.0,13.0,0.2443886646985329,11.629434954007884,0.007199828132577515,0.011374265502913799,0.0,0.0,0.0,0.0,0.0,0.0,0.0,69448.88,500.02,0.0,0.47383169175416023,4.0,M-063-10,0,train,normal
51.0,135470.3,82756.24,4278.951764705883,7661.584614653097,26.0,12.0,15.0,0.3792217023648911,11.629434954007884,0.05728385988251648,0.07073954619682929,0.0,2528.45,40.0,1.0,1.0,0.0,0.0,44138.96,2528.45,5700.42,0.41701773787692625,4.0,M-063-11,1,train,delayed
43.0,119217.15999999999,43536.19000000001,3784.9616279069774,5223.131724222204,24.0,11.0,13.0,0.26749796547966603,11.629434954007884,0.0,0.05343209744962986,0.0,0.0,0.0,0.0,0.0,0.0,0.0,31525.62,0.0,0.0,0.35246630446991334,4.0,M-064-00,0,train,normal
45.0,185234.94,41963.229999999996,5048.848222222222,12112.67173753417,23.0,11.0,12.0,0.18469880281165996,11.629434954007884,0.019326305615421605,0.027134248287207327,0.0,0.0,0.0,0.0,0.0,0.0,0.0,81942.2,1583.64,0.0,0.4776929707269913,4.0,M-064-01,0,train,normal
43.0,158418.72,94251.78,5876.058139534884,13436.126243767645,24.0,11.0,13.0,0.3730224937220609,11.629434954007884,0.8145650373889123,0.8145650373889123,0.0,0.0,0.0,0.0,0.0,0.0,0.0,71641.56,58356.71,0.0,0.6138547197729316,4.0,M-064-02,1,train,ring
47.0,163688.50999999998,45162.96,4443.648297872341,12559.830020350055,21.0,10.0,11.0,0.2162443960772696,11.629434954007884,0.0,0.0,0.0,0.0,0.0,0.0,0.0,0.0,0.0,87758.53,0.0,0.0,0.5317098347849654,4.0,M-064-03,0,train,normal
50.0,189468.37999999998,58440.45999999999,4958.1768,12331.96648311865,26.0,14.0,13.0,0.23573366726253084,11.629434954007884,0.02438530963550678,0.028339851985484173,0.0,2160.03,22.0,1.0,1.0,0.0,0.0,88579.15,2160.03,3500.0,0.5029452198014869,4.0,M-064-04,0,train,benign_cycle
46.0,127002.20999999999,47877.17999999999,3801.7258695652176,7301.776324286225,25.0,13.0,13.0,0.2737725697693707,11.629434954007884,0.009120337818283438,0.009120337818283438,0.0,458.53,22.0,1.0,1.0,0.0,0.0,50275.55,458.53,3500.0,0.3616332457341891,4.0,M-064-05,0,train,benign_cycle
43.0,134760.82,80039.05000000003,4995.345813953489,10009.740683593514,24.0,11.0,13.0,0.3726215011210203,11.629434954007884,0.8742410576134196,0.8856194177426238,0.0,0.0,0.0,0.0,0.0,0.0,0.0,51509.18,45031.44,0.0,0.5626183719072126,4.0,M-064-06,1,train,ring
48.0,171919.85,53589.299999999996,4698.107291666666,10836.470493983452,21.0,12.0,9.0,0.23763692071918144,11.629434954007884,0.0,0.0,0.0,0.0,0.0,0.0,0.0,0.0,0.0,75793.63,0.0,0.0,0.5232796472430131,4.0,M-064-07,0,train,normal
44.0,121878.40000000002,40061.28,3680.447272727273,5117.217340947379,20.0,10.0,10.0,0.24738396420197942,11.629434954007884,0.0,0.0,0.0,0.0,0.0,0.0,0.0,0.0,0.0,30272.89,0.0,0.0,0.40374371462918807,4.0,M-064-08,0,train,normal
48.0,164473.29000000004,51988.62,4509.623125000001,10957.008598396464,22.0,11.0,11.0,0.24017444916752326,11.629434954007884,0.004602918893717634,0.004602918893717634,0.0,0.0,0.0,0.0,0.0,0.0,0.0,76872.96,353.84,0.0,0.5559232001157176,4.0,M-064-09,0,train,normal
48.0,147028.54,54240.3,4193.100833333333,9356.924295589166,20.0,10.0,10.0,0.2694917901847102,11.629434954007884,0.0045833170126076276,0.0045833170126076276,0.0,0.0,0.0,0.0,0.0,0.0,0.0,65611.87,300.72,0.0,0.5178691858267745,4.0,M-064-10,0,train,normal
40.0,175906.96999999997,37251.07,5328.950999999999,13203.832182858088,25.0,13.0,12.0,0.1747579870785076,11.629434954007884,0.032381793408573445,0.032381793408573445,0.0,0.0,0.0,0.0,0.0,0.0,0.0,85201.89,2758.99,0.0,0.2096712926635396,4.0,M-064-11,0,train,normal
41.0,129269.70000000001,36116.57000000001,4033.811463414634,7634.632822128052,24.0,12.0,12.0,0.21837707567865222,11.629434954007884,0.010101677593065935,0.018612263493649896,0.0,0.0,0.0,0.0,0.0,0.0,0.0,48727.55,492.23,0.0,0.28753782543580403,4.0,M-064-12,0,train,normal
46.0,149889.72,49597.76,4336.684347826087,7105.94827720553,17.0,8.0,9.0,0.24862592880515608,11.629434954007884,0.0,0.041877852561212875,0.0,0.0,0.0,0.0,0.0,0.0,0.0,45919.26,0.0,0.0,0.44389605498312823,4.0,M-064-13,0,train,normal
45.0,137407.91,40239.81,3947.7271111111113,9271.128934268918,23.0,10.0,14.0,0.22651464370046515,11.629434954007884,0.0,0.0,0.0,0.0,22.0,1.0,1.0,0.0,0.0,63357.22,0.0,3500.0,0.36367120023678046,4.0,M-064-14,0,train,benign_cycle
43.0,149230.78000000003,44582.75,4507.291395348837,7717.33182781928,22.0,10.0,12.0,0.23002909033234165,11.629434954007884,0.006134597153310779,0.006134597153310779,0.0,0.0,0.0,0.0,0.0,0.0,0.0,49123.03,301.35,0.0,0.36901626750256544,4.0,M-065-00,0,train,normal
47.0,137740.53,60586.649999999994,4219.727234042553,6163.085815054187,26.0,13.0,14.0,0.3054883854043606,11.629434954007884,0.7118589214136177,0.7463829166461075,0.0,4026.5899999999997,46.0,1.0,1.0,0.0,0.0,32629.19,23227.38,4026.5899999999997,0.3833745552856942,4.0,M-065-01,1,train,classic
42.0,173712.43,39151.17,5068.1809523809525,12703.951768089031,23.0,10.0,13.0,0.18392609163802545,11.629434954007884,0.029098097574968017,0.029098097574968017,0.0,0.0,0.0,0.0,0.0,0.0,0.0,83982.81,2443.74,0.0,0.2915307511882787,4.0,M-065-02,0,train,normal
75.0,189582.25,106027.76000000001,3941.4668,4185.902716883312,36.0,19.0,17.0,0.3586744576071697,11.629434954007884,0.008596378506521663,0.2328855789103869,0.0,0.0,0.0,0.0,0.0,0.0,0.0,31594.7,271.6,0.0,0.24720375116856186,4.0,M-065-03,0,train,business
44.0,175320.84999999998,37837.11,4844.49909090909,11003.368098118417,24.0,12.0,12.0,0.17750737528169255,11.629434954007884,0.0,0.0,0.0,0.0,0.0,0.0,0.0,0.0,0.0,73067.0,0.0,0.0,0.4107866589176605,4.0,M-065-04,0,train,normal
46.0,169647.66,51966.95,4817.708913043478,10085.4232495484,20.0,10.0,11.0,0.23449243711865386,11.629434954007884,0.007130051007488334,0.007130051007488334,0.0,492.74,22.0,1.0,1.0,0.0,0.0,69107.5,492.74,3500.0,0.35343752134770273,4.0,M-065-05,0,train,benign_cycle
46.0,181270.95,44209.78,4901.754999999999,10139.23545062463,25.0,14.0,12.0,0.19606899445464812,11.629434954007884,0.0,0.004531663389532389,0.0,0.0,22.0,1.0,1.0,0.0,0.0,68235.43,0.0,3500.0,0.3474955089122814,4.0,M-065-06,0,train,benign_cycle
41.0,132201.36,35358.399999999994,4086.8234146341465,6535.319465538534,23.0,12.0,11.0,0.21101963860535483,11.629434954007884,0.035311783754786275,0.04294897006355574,0.0,0.0,0.0,0.0,0.0,0.0,0.0,39817.02,1406.01,0.0,0.23158853341780172,4.0,M-065-07,0,train,normal
44.0,146257.74,74410.04000000001,5015.176818181819,9169.209396412929,23.0,10.0,13.0,0.3372039180346129,11.629434954007884,0.7355231664140783,0.7355231664140783,0.0,0.0,0.0,0.0,0.0,0.0,0.0,50569.76,37195.23,0.0,0.495395110659798,5.0,M-065-08,0,train,quick_benign
42.0,133694.49,32954.299999999996,3967.8283333333334,7843.723449889551,22.0,11.0,11.0,0.1977470103443295,11.629434954007884,0.02632925337518231,0.02632925337518231,0.0,0.0,0.0,0.0,0.0,0.0,0.0,50505.42,1329.77,0.0,0.3897209165419991,4.0,M-065-09,0,train,normal
43.0,174906.84,41623.87,5035.597906976744,11116.903858789343,20.0,11.0,9.0,0.19223079257441128,11.629434954007884,0.006855361819828493,0.006855361819828493,0.0,0.0,0.0,0.0,0.0,0.0,0.0,73536.6,504.12,0.0,0.3652582040064991,4.0,M-065-10,0,train,normal
45.0,122555.43,48791.12,3807.7011111111115,5947.412124623325,25.0,12.0,13.0,0.28475110820731436,11.629434954007884,0.016117922614715296,0.016117922614715296,0.0,0.0,0.0,0.0,0.0,0.0,0.0,38429.27,619.4,0.0,0.4255052968654952,4.0,M-065-11,0,train,normal
43.0,158566.83999999997,40158.200000000004,4621.512558139534,10336.60024720874,22.0,11.0,11.0,0.20207921457708605,11.629434954007884,0.0,0.00645598109847962,0.0,0.0,0.0,0.0,0.0,0.0,0.0,68028.39,0.0,0.0,0.3679096672659631,4.0,M-066-00,0,train,normal
40.0,119935.4,33668.00000000001,3840.085,6257.712979445047,20.0,9.0,11.0,0.21918785651880107,11.629434954007884,0.05677007926388426,0.07367523494278087,0.0,0.0,0.0,0.0,0.0,0.0,0.0,37857.09,2149.15,0.0,0.2287970773434715,4.0,M-066-01,0,train,normal
42.0,145434.81,34321.880000000005,4279.9211904761905,7938.834999307488,24.0,11.0,14.0,0.19093520246729068,11.629434954007884,0.0283048476230078,0.0283048476230078,0.0,1426.75,22.0,1.0,1.0,0.0,0.0,50406.56,1426.75,3500.0,0.21876336610931565,4.0,M-066-02,0,train,benign_cycle
45.0,137465.63,49214.17999999999,4148.4402222222225,6206.81461126272,23.0,10.0,13.0,0.26362883056287656,11.629434954007884,0.010322979166918178,0.010322979166918178,0.0,0.0,0.0,0.0,0.0,0.0,0.0,39759.84,410.44,0.0,0.4338662149811295,4.0,M-066-03,0,train,normal
49.0,240927.70999999996,75914.66000000002,6466.17081632653,12691.842833280807,34.0,13.0,21.0,0.23959756392429465,11.629434954007884,0.007110774100998037,0.007110774100998037,0.0,0.0,0.0,0.0,0.0,0.0,0.0,74986.21,533.21,0.0,0.10884116453923388,5.0,M-066-04,0,train,seasonal
48.0,164877.33,51965.03,4517.549166666667,8739.661423466021,27.0,13.0,15.0,0.23964427430138652,11.629434954007884,0.004270391192976764,0.004270391192976764,0.0,256.12,22.0,1.0,1.0,0.0,0.0,59975.77,256.12,3500.0,0.3877403707839676,4.0,M-066-05,0,train,benign_cycle
44.0,186126.38,87972.84,6229.527727272725,15092.33842140726,24.0,12.0,13.0,0.32095253682225006,12.155059132720105,0.6894001113497322,0.6894001113497322,0.0,8970.02,45.708333333333336,1.0,1.0,0.0,0.0,87148.84,60080.42,8970.02,0.6559317625758132,4.0,M-066-06,1,train,partial
44.0,130954.53,43984.38000000001,3975.8843181818174,5248.403139704147,20.0,10.0,10.0,0.2514270838888845,11.629434954007884,0.055145661112090606,0.07093581109460909,0.0,0.0,0.0,0.0,0.0,0.0,0.0,30117.51,1660.85,0.0,0.43436056163574427,4.0,M-066-07,0,train,normal
48.0,179462.28000000003,55330.42999999999,4891.514791666667,10262.279096569306,23.0,12.0,11.0,0.23565650739326613,11.629434954007884,0.008353318297820659,0.008353318297820659,0.0,0.0,0.0,0.0,0.0,0.0,0.0,70974.19,592.87,0.0,0.5129322146963253,4.0,M-066-08,0,train,normal
42.0,158736.65000000002,37744.42,4678.120714285715,9894.016298796916,21.0,10.0,11.0,0.1921020686623907,11.629434954007884,0.0074295454240594794,0.0074295454240594794,0.0,0.0,0.0,0.0,0.0,0.0,0.0,64112.94,476.33,0.0,0.33400937145146226,4.0,M-066-09,0,train,normal
48.0,164771.66999999998,104136.27000000002,5602.248750000002,12696.237422300164,21.0,11.0,11.0,0.38725621117769893,11.629434954007884,0.9088167835069461,0.9088167835069461,0.0,8294.79,45.708333333333336,1.0,1.0,0.0,0.0,68830.43,62554.25,8294.79,0.5832668099212694,4.0,M-066-10,1,train,classic
46.0,141073.53999999998,47974.95,4109.749782608696,7128.46122032155,24.0,12.0,13.0,0.2537706066840312,11.629434954007884,0.011148857013687284,0.011148857013687284,0.0,529.46,22.0,1.0,1.0,0.0,0.0,47490.07,529.46,3500.0,0.352342837251524,4.0,M-066-11,0,train,benign_cycle
47.0,151504.83000000002,91159.86,5163.078510638298,10412.545335639747,27.0,12.0,15.0,0.37566182372886636,11.629434954007884,0.8180933059198152,0.8241231045931373,0.0,0.0,0.0,0.0,0.0,0.0,0.0,57290.47,46868.95,0.0,0.5141402147831293,5.0,M-066-12,0,train,quick_benign
47.0,155380.95,50274.39,4375.645531914893,10386.973981244502,22.0,11.0,11.0,0.24445944364974917,11.629434954007884,0.0,0.0,0.0,0.0,0.0,0.0,0.0,0.0,0.0,72122.15,0.0,0.0,0.5058032529086878,4.0,M-066-13,0,train,normal
49.0,178426.03000000003,45143.49,4562.643265306122,9718.546166743883,25.0,13.0,13.0,0.20192148732975765,11.629434954007884,0.011498350060088801,0.01822399593130971,0.0,775.47,22.0,1.0,1.0,0.0,0.0,67441.85,775.47,3500.0,0.5027648504801024,4.0,M-067-00,0,val,benign_cycle
41.0,166906.60000000003,29401.379999999997,4787.999512195123,11274.10244341709,23.0,12.0,11.0,0.14977170056968642,11.629434954007884,0.0179052249410655,0.022008537166372997,0.0,0.0,0.0,0.0,0.0,0.0,0.0,72729.05,1302.23,0.0,0.3125353299743074,4.0,M-067-01,0,val,normal
44.0,131323.42,42203.66,3943.7972727272722,7724.2719282829985,22.0,12.0,11.0,0.24321080029699116,11.629434954007884,0.009983846017928268,0.021449360740075717,0.0,515.88,22.0,1.0,1.0,0.0,0.0,51671.47,515.88,3500.0,0.3128565152880105,4.0,M-067-02,0,val,benign_cycle
46.0,141091.95,45298.56,4051.967608695652,6184.6407460847095,21.0,10.0,12.0,0.24303039891891492,11.629434954007884,0.0,0.01580954729119751,0.0,0.0,22.0,1.0,1.0,0.0,0.0,39179.49,0.0,3500.0,0.38534734878989535,4.0,M-067-03,0,val,benign_cycle
42.0,162178.77999999997,34082.560000000005,4672.889047619047,8048.506577524862,23.0,11.0,13.0,0.17365906092356245,11.629434954007884,0.04057702156920791,0.04057702156920791,0.0,2046.44,22.0,1.0,1.0,0.0,0.0,50433.47,2046.44,3500.0,0.20699325402786645,4.0,M-067-04,0,val,benign_cycle
49.0,121040.13,50562.99,3502.104489795918,5010.70137995693,23.0,13.0,11.0,0.29465076159454445,11.629434954007884,0.0,0.04420396569146969,0.0,0.0,22.0,1.0,1.0,0.0,0.0,32458.4,0.0,3500.0,0.43199917568165963,4.0,M-067-05,0,val,benign_cycle
49.0,158759.97999999998,51211.3,4285.128163265306,8062.880851226324,26.0,13.0,14.0,0.24389668910910103,11.629434954007884,0.004971448253358229,0.004971448253358229,0.0,274.24,22.0,1.0,1.0,0.0,0.0,55163.0,274.24,3500.0,0.4822418099130465,4.0,M-067-06,0,val,benign_cycle
43.0,119514.08999999998,38358.380000000005,3671.452790697675,6210.497562046665,23.0,11.0,12.0,0.2429706712006216,11.629434954007884,0.014013893299723834,0.014013893299723834,0.0,0.0,0.0,0.0,0.0,0.0,0.0,39139.73,548.5,0.0,0.42422203440291273,4.0,M-067-07,0,val,normal
46.0,161497.25000000003,102843.62,5746.540652173913,12983.127024252335,25.0,12.0,13.0,0.3890568265134332,11.629434954007884,0.7980798524934298,0.8040900992291544,0.0,0.0,0.0,0.0,0.0,0.0,0.0,73065.22,58311.88,0.0,0.5423567354007959,5.0,M-067-08,0,val,quick_benign
48.0,140668.56999999998,55757.469999999994,4092.209166666666,6298.482283662944,26.0,13.0,14.0,0.2838598690886402,11.629434954007884,0.012778822463356642,0.028261261982835812,0.0,534.48,22.0,1.0,1.0,0.0,0.0,41825.45,534.48,3500.0,0.43129521479364114,4.0,M-067-09,0,val,benign_cycle
44.0,188509.76,44161.89,5287.992045454546,12451.319945053212,24.0,12.0,12.0,0.18980348486805332,11.629434954007884,0.0037579706886643966,0.0037579706886643966,0.0,0.0,0.0,0.0,0.0,0.0,0.0,83755.31,314.75,0.0,0.3429425235197135,4.0,M-067-10,0,val,normal
42.0,184041.52,40536.45,5347.094523809523,13362.928627294708,23.0,11.0,12.0,0.18050056290027022,11.629434954007884,0.018743599795533857,0.018743599795533857,0.0,0.0,0.0,0.0,0.0,0.0,0.0,88131.95,1651.91,0.0,0.2900073884121575,4.0,M-067-11,0,val,normal
44.0,176689.51,46877.22999999999,5081.062272727273,12737.209905330856,23.0,12.0,11.0,0.20967890841007916,11.629434954007884,0.027098055186326478,0.034452139032747346,0.0,0.0,0.0,0.0,0.0,0.0,0.0,86163.01,2334.85,0.0,0.37669546600769727,4.0,M-067-12,0,val,normal
41.0,121566.06000000001,32510.57,3757.966585365854,6727.661870239264,20.0,9.0,11.0,0.21100260305537574,11.629434954007884,0.01378009518790065,0.01378009518790065,0.0,0.0,0.0,0.0,0.0,0.0,0.0,42482.29,585.41,0.0,0.30996811190944973,4.0,M-067-13,0,val,normal
41.0,120380.68,31812.01,3712.016829268293,5635.270959899361,21.0,8.0,13.0,0.20902455958955715,11.629434954007884,0.00893362873100887,0.00893362873100887,0.0,0.0,0.0,0.0,0.0,0.0,0.0,33473.52,299.04,0.0,0.29501059505513805,4.0,M-067-14,0,val,normal
48.0,182367.45000000007,45532.67999999999,4747.9193749999995,10596.6542240154,21.0,12.0,10.0,0.19979225110578042,11.629434954007884,0.0,0.02883730385582508,0.0,0.0,22.0,1.0,1.0,0.0,0.0,73294.3,0.0,3500.0,0.44592784786663126,4.0,M-068-00,0,test,benign_cycle
47.0,161313.05000000005,49282.240000000005,4480.750851063831,11369.815715573095,20.0,10.0,10.0,0.23401397058785117,11.629434954007884,0.0,0.007720813643823367,0.0,0.0,0.0,0.0,0.0,0.0,0.0,79316.77,0.0,0.0,0.4765359691442596,4.0,M-068-01,0,test,normal
48.0,132358.42000000004,82168.19,4469.304375,7030.284028974193,24.0,10.0,14.0,0.3830209688206046,11.629434954007884,0.7581998229254359,0.7581998229254359,0.0,0.0,0.0,0.0,0.0,0.0,0.0,39508.78,29955.550000000003,0.0,0.3560783071891933,5.0,M-068-02,0,test,quick_benign
44.0,153262.68,68604.48999999999,5042.435681818181,10142.352506907584,27.0,13.0,15.0,0.30921424742561054,12.187910643889618,0.6273765530822119,0.6371738893848164,0.0,5471.84,46.916666666666664,1.0,1.0,0.0,0.0,60369.47,37874.39,5471.84,0.5158580728462525,4.0,M-068-03,1,test,partial
47.0,146853.58000000002,82563.52,4881.214893617022,10146.940613027868,23.0,12.0,12.0,0.35988389705911195,11.629434954007884,0.8075197921390366,0.8182885719237754,0.0,6437.93,47.791666666666664,1.0,1.0,0.0,0.0,57753.99,46637.49,6437.93,0.5319920952982624,4.0,M-068-04,1,test,multihop
45.0,138125.84999999998,44875.45,4066.695555555556,7000.519238928735,22.0,9.0,13.0,0.24521929625636535,11.629434954007884,0.0,0.012418747982325059,0.0,0.0,0.0,0.0,0.0,0.0,0.0,45411.18,0.0,0.0,0.42465802571339123,4.0,M-068-05,0,test,normal
47.0,143506.38999999998,47719.060000000005,4068.62659574468,9101.253818896363,25.0,12.0,14.0,0.24954345773535905,11.629434954007884,0.01002163071220492,0.01002163071220492,0.0,635.47,22.0,1.0,1.0,0.0,0.0,63409.84,635.47,3500.0,0.42535079274403137,4.0,M-068-06,0,test,benign_cycle
40.0,131004.41,32261.97,4081.6595,5535.815106966159,26.0,13.0,13.0,0.19760326651451451,11.629434954007884,0.08342100870272645,0.10176855877042569,0.0,0.0,0.0,0.0,0.0,0.0,0.0,31270.66,2608.63,0.0,0.23117094213403586,4.0,M-068-07,0,test,normal
40.0,139396.63,28844.879999999997,4206.03775,8424.855861560924,23.0,10.0,13.0,0.17144924578957949,11.629434954007884,0.0,0.0,0.0,0.0,0.0,0.0,0.0,0.0,0.0,52872.05,0.0,0.0,0.2523692246249594,4.0,M-068-08,0,test,normal
46.0,118953.15999999999,46188.64,3590.039130434782,5336.783680176187,23.0,11.0,12.0,0.2796907869479442,11.629434954007884,0.0,0.0,0.0,0.0,0.0,0.0,0.0,0.0,0.0,34642.71,0.0,0.0,0.467079784120078,4.0,M-068-09,0,test,normal
44.0,151436.19999999998,42808.55,4414.65340909091,8380.957294141703,21.0,10.0,11.0,0.2203845921189633,11.629434954007884,0.011109662434292232,0.011109662434292232,0.0,0.0,0.0,0.0,0.0,0.0,0.0,54609.22,606.69,0.0,0.41945055368612105,4.0,M-068-10,0,test,normal
50.0,145436.09,52733.02999999999,3963.3824000000004,6105.440975615622,25.0,13.0,13.0,0.2661011463339999,11.629434954007884,0.030282738596815805,0.04005398955712534,0.0,1212.89,22.0,1.0,1.0,0.0,0.0,40052.19,1212.89,3500.0,0.5185888237410217,4.0,M-068-11,0,test,benign_cycle
72.0,202716.15999999997,122690.43000000001,4519.535972222222,5739.071894318332,36.0,18.0,18.0,0.37703732429020576,11.629434954007884,0.0,0.006672827007600162,0.0,0.0,0.0,0.0,0.0,0.0,0.0,45679.29,0.0,0.0,0.14800820243274065,4.0,M-069-00,0,test,business
45.0,129481.59000000003,41978.67,3810.2279999999996,5548.382956119178,22.0,10.0,12.0,0.24483031811569633,11.629434954007884,0.010618543566178851,0.010618543566178851,0.0,0.0,0.0,0.0,0.0,0.0,0.0,33200.41,352.54,0.0,0.4487986398806823,4.0,M-069-01,0,test,normal
47.0,165924.0,46036.99999999999,4509.808510638298,9328.771701881748,21.0,10.0,11.0,0.21719561617467362,11.629434954007884,0.03310535813680695,0.03310535813680695,0.0,0.0,0.0,0.0,0.0,0.0,0.0,63221.79,2092.98,0.0,0.5282859439146774,4.0,M-069-02,0,test,normal
45.0,147249.39,40146.09,4164.343999999999,9147.854589129847,22.0,12.0,10.0,0.21423190143113377,11.629434954007884,0.006685075718532169,0.006685075718532169,0.0,0.0,0.0,0.0,0.0,0.0,0.0,61469.76,410.93,0.0,0.49633376500675414,4.0,M-069-03,0,test,normal
47.0,119476.95999999999,48249.45,3568.6470212765967,5834.841529498945,23.0,12.0,11.0,0.2876675772169689,11.629434954007884,0.0563616207026201,0.07141373442343081,0.0,0.0,0.0,0.0,0.0,0.0,0.0,38273.03,2157.13,0.0,0.5452082873483532,4.0,M-069-04,0,test,normal
42.0,113946.27999999998,39776.54000000001,3660.067142857143,5407.788657747129,22.0,12.0,10.0,0.25875494607762206,11.629434954007884,0.0,0.062252941708649846,0.0,0.0,0.0,0.0,0.0,0.0,0.0,33491.59,0.0,0.0,0.32830356788197257,4.0,M-069-05,0,test,normal
48.0,176308.4,53484.75,4787.357291666666,11533.41321076122,25.0,13.0,13.0,0.2327517160541992,11.629434954007884,0.028577915011861986,0.03283043168139054,0.0,2325.0,22.0,1.0,1.0,0.0,0.0,81356.53,2325.0,3500.0,0.3899831260312519,4.0,M-069-06,0,test,benign_cycle
41.0,149346.97999999998,35259.71,4502.602195121951,8389.177123725343,26.0,13.0,13.0,0.19099909109469437,11.629434954007884,0.011448353264547146,0.011448353264547146,0.0,0.0,0.0,0.0,0.0,0.0,0.0,53156.99,608.56,0.0,0.30643360367966727,4.0,M-069-07,0,test,normal
43.0,158995.86000000002,80827.95999999999,5577.298139534884,10979.352567813368,25.0,10.0,15.0,0.33703057519474083,11.629434954007884,0.8106074866350027,0.8198276532482709,0.0,0.0,0.0,0.0,0.0,0.0,0.0,59021.71,47843.44,0.0,0.5662450221433277,5.0,M-069-08,0,test,quick_benign
44.0,123263.28999999998,35692.5,3612.6315909090913,5805.612834077405,24.0,12.0,13.0,0.22454356648474397,11.629434954007884,0.007693741549867281,0.007693741549867281,0.0,283.56,22.0,1.0,1.0,0.0,0.0,36855.93,283.56,3500.0,0.3575653148420536,4.0,M-069-09,0,test,benign_cycle
41.0,149519.82,31985.989999999998,4426.970975609756,9408.555086943621,25.0,13.0,12.0,0.17622570869769952,11.629434954007884,0.0,0.004755358675036871,0.0,0.0,0.0,0.0,0.0,0.0,0.0,60697.84,0.0,0.0,0.2675064926863292,4.0,M-069-10,0,test,normal
62.0,145496.1,76074.03,3573.711774193548,6553.612019432004,39.0,12.0,28.0,0.3433406389209593,11.629434954007884,0.9087778624984794,0.9166009828196774,0.0,5047.95,45.791666666666664,1.0,1.0,0.0,0.0,37325.26,33920.369999999995,5047.95,0.4232525869866497,4.0,M-069-11,1,test,camouflaged
47.0,139967.55000000002,49838.99,4038.4370212765966,9220.451162241954,22.0,10.0,12.0,0.2625778331979498,11.629434954007884,0.040204997356432445,0.04470452089042218,0.0,0.0,0.0,0.0,0.0,0.0,0.0,64117.9,2577.86,0.0,0.47705380867469427,4.0,M-069-12,0,test,normal
43.0,158616.59,39664.10999999999,4611.179069767442,9441.174064398394,19.0,9.0,10.0,0.20004019554096789,11.629434954007884,0.015341975544587855,0.020734401541378594,0.0,0.0,0.0,0.0,0.0,0.0,0.0,61690.23,946.45,0.0,0.411539298373265,4.0,M-070-00,0,train,normal
41.0,173629.34999999998,36975.189999999995,5136.696097560975,13245.554532404334,25.0,12.0,13.0,0.17556691797812143,11.629434954007884,0.0,0.0,0.0,0.0,0.0,0.0,0.0,0.0,0.0,86551.44,0.0,0.0,0.2326773709614474,4.0,M-070-01,0,train,normal
52.0,226077.61,82918.51,5942.233076923077,13316.84983899209,31.0,11.0,20.0,0.2683480621051164,11.629434954007884,0.01678974401217517,0.021110471173433388,0.0,0.0,0.0,0.0,0.0,0.0,0.0,74052.35,1243.32,0.0,0.19244617396043417,5.0,M-070-02,0,train,seasonal
43.0,144907.71000000002,74680.58000000002,5106.704418604651,9645.434608633488,27.0,12.0,15.0,0.3400936361406158,11.629434954007884,0.6692360756695631,0.6692360756695631,0.0,0.0,0.0,0.0,0.0,0.0,0.0,54491.13,36467.43,0.0,0.48206709160534095,5.0,M-070-03,0,train,quick_benign
40.0,161040.41,36113.85,4928.8565,10914.099490592558,22.0,10.0,12.0,0.18317560066924243,11.629434954007884,0.01335244646784345,0.01916562685024752,0.0,0.0,0.0,0.0,0.0,0.0,0.0,69787.96,931.84,0.0,0.21556217351514725,4.0,M-070-04,0,train,normal
43.0,178646.0,38493.6,5049.758139534884,11554.479413432025,21.0,8.0,13.0,0.1772758170319923,11.629434954007884,0.012159820475917084,0.01725337066427581,0.0,0.0,0.0,0.0,0.0,0.0,0.0,76290.6,927.68,0.0,0.4231516407922356,4.0,M-070-05,0,train,normal
45.0,153550.29,45649.08,4426.652666666667,7334.424058726357,24.0,10.0,14.0,0.229162772954553,11.629434954007884,0.008688073842840472,0.008688073842840472,0.0,0.0,0.0,0.0,0.0,0.0,0.0,46654.76,405.34,0.0,0.4501602222870647,4.0,M-070-06,0,train,normal
42.0,164473.88000000003,42238.71000000001,4921.7283333333335,9553.749073510833,22.0,12.0,10.0,0.20433544952438557,11.629434954007884,0.03754978936148283,0.03754978936148283,0.0,0.0,0.0,0.0,0.0,0.0,0.0,61318.32,2302.49,0.0,0.3253124917877463,4.0,M-070-07,0,train,normal
44.0,138797.28,39975.990000000005,4063.028863636364,7083.415254143177,24.0,12.0,12.0,0.22361279177809973,11.629434954007884,0.0,0.0,0.0,0.0,0.0,0.0,0.0,0.0,0.0,45461.42,0.0,0.0,0.43063248715041197,4.0,M-070-08,0,train,normal
48.0,165054.77000000002,88969.81,5292.17875,11644.954654011759,25.0,12.0,14.0,0.35024094912389975,11.629434954007884,0.7200476435656958,0.7200476435656958,0.0,8442.89,45.916666666666664,1.0,1.0,0.0,0.0,68307.23,49184.46,8442.89,0.5465821496078276,4.0,M-070-09,1,train,multihop
45.0,139243.47,43297.19,4056.4591111111104,7744.185704992366,25.0,13.0,12.0,0.2371920316273646,11.629434954007884,0.006308827011352324,0.006308827011352324,0.0,0.0,0.0,0.0,0.0,0.0,0.0,51061.79,322.14,0.0,0.44419326057880426,4.0,M-070-10,0,train,normal
42.0,167615.74999999997,37348.009999999995,4880.089523809524,12908.671533448607,23.0,11.0,12.0,0.18221762715516143,11.629434954007884,0.0063699983527886255,0.0063699983527886255,0.0,0.0,0.0,0.0,0.0,0.0,0.0,85356.38,543.72,0.0,0.33575898689113565,4.0,M-070-11,0,train,normal
46.0,177668.00999999998,87564.60000000002,5765.926304347826,12585.05597870457,25.0,12.0,13.0,0.3301426623219521,11.629434954007884,0.6235030238581333,0.6235030238581333,0.0,0.0,0.0,0.0,0.0,0.0,0.0,74985.33,46753.58,0.0,0.5339324338830987,5.0,M-070-12,0,train,quick_benign
43.0,184391.63,39537.530000000006,5207.65488372093,11593.701264286485,28.0,14.0,15.0,0.17656266830099307,11.629434954007884,0.005567543698865246,0.005567543698865246,0.0,427.68,22.0,1.0,1.0,0.0,0.0,76816.64,427.68,3500.0,0.27593175395630426,4.0,M-070-13,0,train,benign_cycle
47.0,182683.12999999998,42897.17,4799.58085106383,11451.15079300317,23.0,11.0,12.0,0.19016363574301479,11.629434954007884,0.0038902830897485485,0.0038902830897485485,0.0,0.0,0.0,0.0,0.0,0.0,0.0,78886.29,306.89,0.0,0.5717952955870982,4.0,M-070-14,0,train,normal
50.0,126454.31,50531.96,3539.7254,6739.164096939978,20.0,8.0,13.0,0.2855134468905413,11.629434954007884,0.012446948201823262,0.012446948201823262,0.0,591.21,22.0,1.0,1.0,0.0,0.0,47498.39,591.21,3500.0,0.530190398314255,4.0,M-071-00,0,train,benign_cycle
48.0,181695.38999999998,48377.56999999999,4793.1866666666665,10804.826615529733,21.0,10.0,11.0,0.210270559391247,11.629434954007884,0.036290127474582864,0.036290127474582864,0.0,0.0,0.0,0.0,0.0,0.0,0.0,75021.23,2722.53,0.0,0.500542090063639,4.0,M-071-01,0,train,normal
40.0,162682.88,29595.54,4806.9605,10920.104575514593,25.0,12.0,13.0,0.15392023712281389,11.629434954007884,0.022857055742100684,0.02834458428897062,0.0,0.0,0.0,0.0,0.0,0.0,0.0,69530.39,1589.26,0.0,0.2449886030124809,4.0,M-071-02,0,train,normal
41.0,196097.37000000002,29910.870000000003,5512.396097560975,13388.453170647965,20.0,11.0,9.0,0.13234415700949667,11.629434954007884,0.006643249864934187,0.006643249864934187,0.0,0.0,0.0,0.0,0.0,0.0,0.0,86513.38,574.73,0.0,0.329213092096619,4.0,M-071-03,0,train,normal
43.0,151377.15000000002,38906.71,4425.206046511627,9257.29969275388,22.0,11.0,11.0,0.2044666846678431,11.629434954007884,0.03737111855983131,0.04413988510271481,0.0,0.0,0.0,0.0,0.0,0.0,0.0,60845.65,2273.87,0.0,0.3496301794728981,4.0,M-071-04,0,train,normal
42.0,132818.94,31653.929999999997,3916.0207142857143,6078.245850330815,22.0,11.0,12.0,0.19245684713837605,11.629434954007884,0.042367791103568954,0.055071286632492465,0.0,1541.93,22.0,1.0,1.0,0.0,0.0,36393.92,1541.93,3500.0,0.23602377335136587,4.0,M-071-05,0,train,benign_cycle
42.0,120732.73999999999,42360.67999999999,3883.176666666667,5270.923369341452,22.0,12.0,10.0,0.25973261214339605,11.629434954007884,0.013882252239302692,0.013882252239302692,0.0,0.0,0.0,0.0,0.0,0.0,0.0,30889.08,428.81,0.0,0.2998514188157509,4.0,M-071-06,0,train,normal
44.0,161821.84,38945.17,4562.886590909092,8333.339569687681,25.0,11.0,15.0,0.19398191963908806,11.629434954007884,0.01227846460519878,0.020371558147851496,0.0,660.25,22.0,1.0,1.0,0.0,0.0,53773.01,660.25,3500.0,0.31977444186275217,4.0,M-071-07,0,train,benign_cycle
68.0,228443.21000000002,96004.09000000001,4771.283823529412,7814.011987201361,35.0,17.0,18.0,0.29590041279431206,11.629434954007884,0.006854470096855686,0.014014079129345285,0.0,0.0,0.0,0.0,0.0,0.0,0.0,63643.14,436.24,0.0,0.13807651319855224,4.0,M-071-08,0,train,business
40.0,106553.23000000001,33782.04,3508.3817500000005,5632.497097894009,21.0,10.0,11.0,0.24072380378788594,11.629434954007884,0.05221880102397918,0.07059437604881641,0.0,0.0,0.0,0.0,0.0,0.0,0.0,35289.78,1842.79,0.0,0.2178059702729616,4.0,M-071-09,0,train,normal
46.0,126732.26000000001,43513.61000000001,3700.9971739130433,5255.597809172312,22.0,11.0,11.0,0.25559274947462757,11.629434954007884,0.012027541942071856,0.012027541942071856,0.0,0.0,0.0,0.0,0.0,0.0,0.0,31621.59,380.33,0.0,0.4657241722762142,4.0,M-071-10,0,train,normal
48.0,156982.76,54429.42999999999,4404.420625,7213.610024094618,22.0,11.0,12.0,0.25745644089870123,11.629434954007884,0.0,0.010088963790922131,0.0,0.0,22.0,1.0,1.0,0.0,0.0,48222.99,0.0,3500.0,0.4282323000626683,4.0,M-071-11,0,train,benign_cycle
49.0,164836.18,88546.88000000002,5171.082857142857,11458.280090595925,25.0,13.0,13.0,0.3494585628573592,11.629434954007884,0.6306462716037207,0.6306462716037207,0.0,8799.97,47.458333333333336,1.0,1.0,0.0,0.0,70570.02,44504.72,8799.97,0.5026119497378111,4.0,M-071-12,1,train,partial
41.0,174909.96999999997,36252.28999999999,5150.299024390244,11912.584579681168,25.0,12.0,13.0,0.17167977838464124,11.629434954007884,0.0213967683854489,0.0213967683854489,0.0,0.0,0.0,0.0,0.0,0.0,0.0,77378.04,1655.64,0.0,0.26946242568400514,4.0,M-071-13,0,train,normal
45.0,139325.04,44343.09,4081.5139999999997,7016.670123847255,23.0,11.0,12.0,0.24143050838487876,11.629434954007884,0.0,0.0,0.0,0.0,0.0,0.0,0.0,0.0,0.0,45730.77,0.0,0.0,0.4615102375589974,4.0,M-071-14,0,train,normal
42.0,161819.16,42596.19999999999,4867.032380952381,10500.479969484119,24.0,12.0,12.0,0.20838062266945104,11.629434954007884,0.04022024135294502,0.04953147638397091,0.0,0.0,0.0,0.0,0.0,0.0,0.0,69213.16,2783.77,0.0,0.31068569496809584,4.0,M-072-00,0,train,normal
47.0,175447.53,47556.17999999999,4744.759787234042,12294.044900699133,24.0,10.0,15.0,0.21325286471691432,11.629434954007884,0.005810086384541488,0.011017489921492752,0.0,498.6,22.0,1.0,1.0,0.0,0.0,85816.28,498.6,3500.0,0.4350368343294184,4.0,M-072-01,0,train,benign_cycle
44.0,164591.38999999998,46223.96000000001,4791.2579545454555,9320.517950943835,21.0,9.0,12.0,0.2192627813866495,11.629434954007884,0.0,0.0,0.0,0.0,0.0,0.0,0.0,0.0,0.0,61398.82,0.0,0.0,0.3528150768562451,4.0,M-072-02,0,train,normal
46.0,142476.58000000002,47601.229999999996,4132.126304347827,7061.429243265799,22.0,11.0,11.0,0.2504302317035323,11.629434954007884,0.042445226627199996,0.053716417786128595,0.0,0.0,0.0,0.0,0.0,0.0,0.0,45621.62,1936.42,0.0,0.4322644603931453,4.0,M-072-03,0,train,normal
47.0,133275.84,49195.34,3882.3655319148943,5571.499640761695,25.0,11.0,14.0,0.2696060824509382,11.629434954007884,0.0,0.04835155972820107,0.0,0.0,0.0,0.0,0.0,0.0,0.0,34471.07,0.0,0.0,0.4774366840436513,4.0,M-072-04,0,train,normal
46.0,177899.09999999998,49624.729999999996,4946.1702173913045,11733.18106348689,21.0,10.0,11.0,0.21810783512214962,11.629434954007884,0.0,0.0032665632240470393,0.0,0.0,0.0,0.0,0.0,0.0,0.0,80411.73,0.0,0.0,0.4647575916282064,4.0,M-072-05,0,train,normal
49.0,142492.06999999998,74190.7,4422.097346938775,6251.9616844239545,22.0,9.0,13.0,0.34239316767087663,11.629434954007884,0.5692488699231154,0.5803790244857852,0.0,0.0,0.0,0.0,0.0,0.0,0.0,36046.22,20519.27,0.0,0.3724513988950098,5.0,M-072-06,0,train,quick_benign
48.0,166953.77,52231.020000000004,4566.3497916666665,9718.059724518163,21.0,10.0,11.0,0.2382967358273355,11.629434954007884,0.0,0.004640106460339333,0.0,0.0,0.0,0.0,0.0,0.0,0.0,67300.18,0.0,0.0,0.5362673369197078,4.0,M-072-07,0,train,normal
43.0,148798.69,42175.45,4441.259069767441,6809.655569119899,21.0,10.0,11.0,0.22084377497393104,11.629434954007884,0.014663636660701482,0.014663636660701482,0.0,0.0,0.0,0.0,0.0,0.0,0.0,41619.28,610.29,0.0,0.34265905876522956,4.0,M-072-08,0,train,normal
47.0,150490.66,50645.02,4279.482553191489,7813.39192601122,26.0,14.0,13.0,0.2517953055370385,11.629434954007884,0.05005100822520588,0.06086648585273257,0.0,2655.71,22.0,1.0,1.0,0.0,0.0,53060.07,2655.71,3500.0,0.39017834330009155,4.0,M-072-09,0,train,benign_cycle
46.0,175493.13000000003,54052.219999999994,4990.116304347826,8689.716704454995,22.0,12.0,10.0,0.2354751250678787,11.629434954007884,0.00533906169253291,0.00533906169253291,0.0,0.0,0.0,0.0,0.0,0.0,0.0,57393.98,306.43,0.0,0.45783521934899263,4.0,M-072-10,0,train,normal
68.0,217838.72999999998,95237.3,4604.059264705884,6791.230565233139,38.0,19.0,19.0,0.30419863187865254,11.629434954007884,0.006086666846338751,0.006086666846338751,0.0,0.0,0.0,0.0,0.0,0.0,0.0,54543.81,331.99,0.0,0.12670949302426673,4.0,M-072-11,0,train,business
47.0,157703.22000000003,101846.55999999998,5522.335744680851,12643.094984167772,24.0,11.0,13.0,0.3923970191768222,11.629434954007884,0.7142854237803758,0.7142854237803758,0.0,0.0,0.0,0.0,0.0,0.0,0.0,73763.09,52687.9,0.0,0.5110076373713556,5.0,M-072-12,0,train,quick_benign
45.0,169001.28999999998,48569.43,4834.904888888888,9774.442966837007,23.0,11.0,12.0,0.223235139360664,11.629434954007884,0.0,0.024616679266170012,0.0,0.0,0.0,0.0,0.0,0.0,0.0,65690.42,0.0,0.0,0.4535614274246167,4.0,M-072-13,0,train,normal
44.0,138801.87,38170.93,4022.109090909091,6565.923445817121,21.0,10.0,11.0,0.21568811704397514,11.629434954007884,0.04505469629678831,0.05689552820503303,0.0,0.0,0.0,0.0,0.0,0.0,0.0,40950.67,1845.02,0.0,0.47612437003761765,4.0,M-072-14,0,train,normal
40.0,181499.56000000003,28104.079999999998,5240.090999999999,13007.62554755475,22.0,9.0,13.0,0.13408202262136287,11.629434954007884,0.0,0.00879086851923085,0.0,0.0,0.0,0.0,0.0,0.0,0.0,83320.55,0.0,0.0,0.298269148109456,4.0,M-073-00,0,train,normal
46.0,197344.32999999996,45157.09,5271.7699999999995,12938.19296157664,23.0,10.0,13.0,0.18621371371763515,11.629434954007884,0.005479668021756512,0.005479668021756512,0.0,0.0,0.0,0.0,0.0,0.0,0.0,88801.0,486.6,0.0,0.5019854025137581,4.0,M-073-01,0,train,normal
47.0,186763.01,49194.08,5020.363617021277,11949.64793757049,24.0,13.0,12.0,0.20848739912837544,11.629434954007884,0.0,0.0,0.0,0.0,22.0,1.0,1.0,0.0,0.0,82685.9,0.0,3500.0,0.43943011028969337,4.0,M-073-02,0,train,benign_cycle
69.0,251230.26,104020.90000000001,5148.567536231883,10028.674382400191,36.0,17.0,19.0,0.29280945908804357,11.629434954007884,0.0,0.004354176433395908,0.0,0.0,0.0,0.0,0.0,0.0,0.0,83809.19,0.0,0.0,0.13619070782890746,4.0,M-073-03,0,train,business
41.0,154669.38999999998,32625.39,4568.165365853659,9113.617910707111,24.0,12.0,12.0,0.17419273510986263,11.629434954007884,0.0077100758678648644,0.0077100758678648644,0.0,0.0,0.0,0.0,0.0,0.0,0.0,57912.53,446.51,0.0,0.2942754094280559,4.0,M-073-04,0,train,normal
42.0,148404.38999999998,37689.59,4430.809047619047,6784.164828583865,26.0,12.0,15.0,0.20252987227206382,11.629434954007884,0.006305565052820397,0.006305565052820397,0.0,260.41,22.0,1.0,1.0,0.0,0.0,41298.44,260.41,3500.0,0.18761838481129672,4.0,M-073-05,0,train,benign_cycle
44.0,187601.93,38802.15,5145.547272727273,12820.776989661488,24.0,12.0,12.0,0.17138449978463288,11.629434954007884,0.005310952471330148,0.011069491132693472,0.0,0.0,0.0,0.0,0.0,0.0,0.0,85882.9,456.12,0.0,0.43737370223041766,4.0,M-073-06,0,train,normal
45.0,138135.03,44408.72,4056.527777777778,9302.798450901364,23.0,12.0,11.0,0.24327713219433697,11.629434954007884,0.0,0.04325870158039089,0.0,0.0,0.0,0.0,0.0,0.0,0.0,63623.5,0.0,0.0,0.4297732517397484,4.0,M-073-07,0,train,normal
50.0,168207.41,53688.92,4437.926600000001,9643.057381676545,24.0,12.0,13.0,0.2419549705937002,11.629434954007884,0.0,0.01019769827391742,0.0,0.0,22.0,1.0,1.0,0.0,0.0,68401.71,0.0,3500.0,0.5010782485473725,4.0,M-073-08,0,train,benign_cycle
51.0,134349.05,76866.21000000002,4141.47568627451,6136.625676881537,24.0,12.0,13.0,0.36392356309861335,11.629434954007884,0.013626415005530582,0.8447466491758225,0.0,445.83,41.0,1.0,1.0,0.0,0.0,32718.07,445.83,3161.71,0.35376597857498104,4.0,M-073-09,1,train,delayed
45.0,170542.03,92318.55,5841.3462222222215,12441.659068780586,25.0,13.0,13.0,0.35120728258303324,11.629434954007884,0.8134858241941151,0.8134858241941151,0.0,8977.130000000001,46.5,1.0,1.0,0.0,0.0,67588.75,54982.49,8977.130000000001,0.5955735873234577,4.0,M-073-10,1,train,ring
41.0,122352.84,34965.88,3837.041951219512,5901.0155943549735,20.0,10.0,10.0,0.22226140665268568,11.629434954007884,0.0,0.0,0.0,0.0,0.0,0.0,0.0,0.0,0.0,35696.22,0.0,0.0,0.28338597512775315,4.0,M-073-11,0,train,normal
46.0,156708.17,46016.57,4407.059565217392,9247.877023224199,25.0,14.0,12.0,0.22699040087559116,11.629434954007884,0.009541984430565458,0.009541984430565458,0.0,602.46,22.0,1.0,1.0,0.0,0.0,63137.81,602.46,3500.0,0.38637560339677646,4.0,M-073-12,0,train,benign_cycle
50.0,184526.17,56386.770000000004,4818.2588000000005,11758.479437942755,22.0,10.0,13.0,0.23405455099257017,11.629434954007884,0.0,0.018920472290404212,0.0,0.0,22.0,1.0,1.0,0.0,0.0,84210.9,0.0,3500.0,0.5204268660893326,4.0,M-074-00,0,train,benign_cycle
46.0,159206.45999999996,92215.41000000002,5465.692826086956,12474.78525219619,24.0,11.0,13.0,0.36677561104767864,11.629434954007884,0.6508085468971798,0.6508085468971798,0.0,0.0,0.0,0.0,0.0,0.0,0.0,73983.34,48148.99,0.0,0.5182311719917527,5.0,M-074-01,0,train,quick_benign
44.0,172183.18000000005,40997.46,4845.014545454546,11065.910812530086,25.0,13.0,13.0,0.19231324195292776,11.629434954007884,0.0,0.004281791651446683,0.0,0.0,22.0,1.0,1.0,0.0,0.0,74436.13,0.0,3500.0,0.2492317816762307,4.0,M-074-02,0,train,benign_cycle
45.0,171359.60999999996,44725.89,4801.9,10586.300485740363,24.0,12.0,12.0,0.20698237503210534,11.629434954007884,0.0,0.006903078745867411,0.0,0.0,0.0,0.0,0.0,0.0,0.0,71184.18,0.0,0.0,0.43963708715466593,4.0,M-074-03,0,train,normal
42.0,157818.83,39181.640000000014,4690.487380952381,10653.464453839833,23.0,11.0,12.0,0.19889109909230174,11.629434954007884,0.0,0.006964125427729151,0.0,0.0,0.0,0.0,0.0,0.0,0.0,70231.36,0.0,0.0,0.34425919895134544,4.0,M-074-04,0,train,normal
40.0,137803.18,33369.29,4279.31175,8538.61675314945,24.0,12.0,12.0,0.1949454255114739,11.629434954007884,0.0,0.041643200923678535,0.0,0.0,0.0,0.0,0.0,0.0,0.0,53819.59,0.0,0.0,0.22310543616600773,4.0,M-074-05,0,train,normal
43.0,165695.78000000003,47189.44,4950.819069767443,9961.213079395739,25.0,13.0,12.0,0.2216661166049949,11.629434954007884,0.0,0.007092380572495259,0.0,0.0,0.0,0.0,0.0,0.0,0.0,65859.41,0.0,0.0,0.31828519261936566,4.0,M-074-06,0,train,normal
40.0,173353.88000000003,33492.16,5171.151,9429.153687186035,24.0,12.0,12.0,0.16191830406808855,11.629434954007884,0.00614056886470441,0.00614056886470441,0.0,0.0,0.0,0.0,0.0,0.0,0.0,58549.95,359.53,0.0,0.24603399721009336,4.0,M-074-07,0,train,normal
44.0,180019.31,39746.299999999996,4994.672954545455,10939.93489983551,25.0,12.0,14.0,0.18085768742434266,11.629434954007884,0.032916924995118876,0.04012481974097506,0.0,2402.45,22.0,1.0,1.0,0.0,0.0,72985.25,2402.45,3500.0,0.29812913403260183,4.0,M-074-08,0,train,benign_cycle
44.0,169947.9,35806.95,4676.246590909091,9642.978502424809,23.0,12.0,12.0,0.17402724650233034,11.629434954007884,0.01560190688572769,0.022208930075290543,0.0,990.4,22.0,1.0,1.0,0.0,0.0,63479.42,990.4,3500.0,0.32639501549280237,4.0,M-074-09,0,train,benign_cycle
45.0,169645.09,44331.71,4755.04,12375.217860669229,22.0,12.0,10.0,0.20717998399826523,11.629434954007884,0.022001216323170623,0.02601524856236569,0.0,0.0,0.0,0.0,0.0,0.0,0.0,84451.24,1858.03,0.0,0.4486283069162006,4.0,M-074-10,0,train,normal
41.0,167290.11,32770.240000000005,4879.520731707317,11628.907037773895,22.0,11.0,11.0,0.1638017728150531,11.629434954007884,0.0,0.0,0.0,0.0,0.0,0.0,0.0,0.0,0.0,75393.0,0.0,0.0,0.2951006767115529,4.0,M-074-11,0,train,normal
45.0,176936.49999999997,104224.54000000001,6248.023111111112,14543.822422015752,24.0,12.0,12.0,0.3706933933663071,11.629434954007884,0.7484152675321184,0.7484152675321184,0.0,0.0,0.0,0.0,0.0,0.0,0.0,81699.91,61145.46,0.0,0.5839528771247156,5.0,M-074-12,0,train,quick_benign
45.0,120392.89,45721.12,3691.422444444444,5111.858070354612,19.0,9.0,10.0,0.2752393973271731,11.629434954007884,0.0,0.0,0.0,0.0,0.0,0.0,0.0,0.0,0.0,31097.21,0.0,0.0,0.41585682940400404,4.0,M-074-13,0,train,normal
42.0,175433.21000000002,36563.71000000001,5047.545714285715,12692.546365164411,23.0,12.0,11.0,0.17247283592610688,11.629434954007884,0.016169954777948466,0.01954002856569435,0.0,0.0,0.0,0.0,0.0,0.0,0.0,83757.81,1354.36,0.0,0.38002653450648194,4.0,M-075-00,0,train,normal
48.0,116750.34999999999,55723.84,3593.2122916666667,5062.6661728456875,23.0,12.0,11.0,0.3230850946451756,11.629434954007884,0.0,0.01869990579822296,0.0,0.0,0.0,0.0,0.0,0.0,0.0,32823.16,0.0,0.0,0.5064839393695768,4.0,M-075-01,0,train,normal
47.0,136954.72,56634.08999999999,4118.910851063831,6228.2294925696315,20.0,10.0,10.0,0.2925483657862248,11.629434954007884,0.05568485884436979,0.06845507690702336,0.0,0.0,0.0,0.0,0.0,0.0,0.0,40249.9,2241.31,0.0,0.4984326577861497,4.0,M-075-02,0,train,normal
50.0,152027.71999999994,57915.090000000004,4198.8562,9872.124621521325,23.0,10.0,14.0,0.2758612690760879,11.629434954007884,0.022059365869945516,0.07860496567986303,0.0,1567.16,22.0,1.0,1.0,0.0,0.0,71042.84,1567.16,3500.0,0.4820507056105757,4.0,M-075-03,0,train,benign_cycle
45.0,182253.56,38396.57,4903.336222222221,12929.411437851348,27.0,13.0,15.0,0.17401562373881221,11.629434954007884,0.00497265369497056,0.00497265369497056,0.0,438.28,22.0,1.0,1.0,0.0,0.0,88138.05,438.28,3500.0,0.3486160352343972,4.0,M-075-04,0,train,benign_cycle
45.0,168837.30000000002,45557.97,4764.339333333333,12147.897243094543,24.0,11.0,13.0,0.21249521969397925,11.629434954007884,0.0,0.024696272471060297,0.0,0.0,0.0,0.0,0.0,0.0,0.0,82899.96,0.0,0.0,0.4458185911268654,4.0,M-075-05,0,train,normal
43.0,171874.71000000002,39638.130000000005,4918.903255813953,11441.962885885043,22.0,11.0,11.0,0.1874029491542925,11.629434954007884,0.006572813459807744,0.006572813459807744,0.0,0.0,0.0,0.0,0.0,0.0,0.0,75968.99,499.33,0.0,0.3917109611376722,4.0,M-075-06,0,train,normal
45.0,108614.95999999999,42701.72,3362.592888888889,4987.8806468998755,21.0,11.0,10.0,0.2822010104900531,11.629434954007884,0.08729802669450319,0.08729802669450319,0.0,0.0,0.0,0.0,0.0,0.0,0.0,31651.46,2763.11,0.0,0.4239309329928631,4.0,M-075-07,0,train,normal
43.0,160101.88999999998,43945.60999999999,4745.290697674418,9835.330958728948,24.0,13.0,11.0,0.21536950955047232,11.629434954007884,0.04074134584129417,0.04074134584129417,0.0,0.0,0.0,0.0,0.0,0.0,0.0,64696.93,2635.84,0.0,0.3534560107369087,4.0,M-075-08,0,train,normal
50.0,170681.75999999995,53709.100000000006,4487.8171999999995,10167.276604323702,25.0,14.0,12.0,0.23935511455323988,11.629434954007884,0.0,0.00915997972450814,0.0,0.0,22.0,1.0,1.0,0.0,0.0,72205.4,0.0,3500.0,0.4773429456088446,4.0,M-075-09,0,train,benign_cycle
48.0,167878.24999999997,52441.8,4590.001041666666,12223.826069899009,22.0,10.0,12.0,0.2380255451103974,11.629434954007884,0.0,0.0,0.0,0.0,0.0,0.0,0.0,0.0,0.0,86325.18,0.0,0.0,0.5345432460365586,4.0,M-075-10,0,train,normal
41.0,137610.27,31903.27,4134.476585365854,5720.616075712096,21.0,8.0,13.0,0.18820484782513539,11.629434954007884,0.019350345185556575,0.019350345185556575,0.0,0.0,0.0,0.0,0.0,0.0,0.0,31672.82,612.88,0.0,0.2979114680093921,4.0,M-075-11,0,train,normal
40.0,141903.88,30240.41,4303.607249999999,8711.01188559314,23.0,12.0,11.0,0.17566896932799805,11.629434954007884,0.02021341000732689,0.02937012118472634,0.0,0.0,0.0,0.0,0.0,0.0,0.0,55152.99,1114.83,0.0,0.2600675718351702,4.0,M-075-12,0,train,normal
43.0,141811.98,43327.619999999995,4305.572093023256,8455.424833183244,22.0,10.0,12.0,0.23402675602626338,11.629434954007884,0.010726844344491736,0.010726844344491736,0.0,0.0,0.0,0.0,0.0,0.0,0.0,55519.59,595.55,0.0,0.3363298053297181,4.0,M-075-13,0,train,normal
44.0,183666.56000000003,40841.52,5102.456363636364,13075.45174375546,23.0,11.0,12.0,0.1819155907439946,11.629434954007884,0.0,0.0,0.0,0.0,0.0,0.0,0.0,0.0,0.0,88025.66,0.0,0.0,0.38668271895855005,4.0,M-076-00,0,train,normal
45.0,171019.23,43551.33,4768.234666666667,10958.784460882835,21.0,10.0,11.0,0.20296973638881305,11.629434954007884,0.0,0.0,0.0,0.0,0.0,0.0,0.0,0.0,0.0,74041.02,0.0,0.0,0.4825616117808572,4.0,M-076-01,0,train,normal
46.0,133232.71000000002,45026.549999999996,3875.2013043478264,6144.088476429514,19.0,10.0,9.0,0.25259024411971637,11.629434954007884,0.0,0.0,0.0,0.0,0.0,0.0,0.0,0.0,0.0,38554.65,0.0,0.0,0.5060156729751669,4.0,M-076-02,0,train,normal
43.0,187913.88,101200.97999999998,6723.601395348838,15153.280686744169,24.0,12.0,12.0,0.35003728276021495,11.629434954007884,0.7609472698628471,0.7609472698628471,0.0,0.0,0.0,0.0,0.0,0.0,0.0,82612.15,62863.49,0.0,0.6211747158970201,5.0,M-076-03,0,train,quick_benign
42.0,179116.8,42254.19000000001,5270.737857142858,13292.816059229948,24.0,12.0,12.0,0.19087501031639242,11.629434954007884,0.02107483552050791,0.02555808206626202,0.0,0.0,0.0,0.0,0.0,0.0,0.0,87789.06,1850.14,0.0,0.31562242703031335,4.0,M-076-04,0,train,normal
46.0,148042.93,46969.399999999994,4239.3984782608695,7298.356956890744,25.0,13.0,12.0,0.240853488597362,11.629434954007884,0.0,0.0,0.0,0.0,0.0,0.0,0.0,0.0,0.0,47672.13,0.0,0.0,0.45064382342546433,4.0,M-076-05,0,train,normal
42.0,116226.32,34416.06999999999,3586.7235714285716,5201.648494790501,22.0,10.0,12.0,0.2284620550696254,11.629434954007884,0.011473597131041095,0.011473597131041095,0.0,0.0,0.0,0.0,0.0,0.0,0.0,30377.57,348.54,0.0,0.30943713213042634,4.0,M-076-06,0,train,normal
46.0,156194.99,48159.83,4442.496086956522,6844.933407040846,23.0,12.0,12.0,0.2356676979774688,11.629434954007884,0.04628396563634109,0.06095372923539835,0.0,2033.53,22.0,1.0,1.0,0.0,0.0,43935.95,2033.53,3500.0,0.3476143914959832,4.0,M-076-07,0,train,benign_cycle
47.0,163699.9,51373.43,4576.02829787234,7379.899189140016,22.0,10.0,13.0,0.23886471651320043,11.629434954007884,0.0,0.0,0.0,0.0,22.0,1.0,1.0,0.0,0.0,47930.44,0.0,3500.0,0.39951838917510474,4.0,M-076-08,0,train,benign_cycle
49.0,225407.55000000002,80074.62999999999,6234.330204081633,12228.643124506527,33.0,13.0,20.0,0.2621253717647294,11.629434954007884,0.025701284607244457,0.030980862622487122,0.0,0.0,0.0,0.0,0.0,0.0,0.0,75494.67,1940.31,0.0,0.08989463953814086,5.0,M-076-09,0,train,seasonal
47.0,153834.51,47147.39,4276.210638297872,8628.054753363096,25.0,12.0,14.0,0.23458525369697475,11.629434954007884,0.0242422804902739,0.032953460575035814,0.0,1430.88,22.0,1.0,1.0,0.0,0.0,59024.15,1430.88,3500.0,0.41844818981496107,4.0,M-076-10,0,train,benign_cycle
55.0,221555.58000000005,94547.23,5747.323818181818,12516.158817425576,31.0,11.0,20.0,0.299102782414367,11.629434954007884,0.0293778387140552,0.11553928173318184,0.0,0.0,0.0,0.0,0.0,0.0,0.0,80980.77,2379.04,0.0,0.22872674323721595,5.0,M-076-11,0,train,seasonal
73.0,236292.19,97037.71,4566.1630136986305,9075.781172747562,36.0,18.0,18.0,0.2911161284961235,11.629434954007884,0.0036020780686433214,0.03599292625906183,0.0,0.0,0.0,0.0,0.0,0.0,0.0,77905.03,280.62,0.0,0.20770409771623835,4.0,M-077-00,0,val,business
54.0,241810.03000000003,84822.17,6048.744444444443,13941.699394385663,34.0,14.0,20.0,0.25968710372094367,11.629434954007884,0.06815534363679589,0.19710314987744626,0.0,0.0,0.0,0.0,0.0,0.0,0.0,71466.59,4870.83,0.0,0.21979477770964834,5.0,M-077-01,0,val,seasonal
48.0,131986.40000000002,50448.92,3800.7358333333336,8145.682186972544,21.0,10.0,11.0,0.2765304437759092,11.629434954007884,0.0,0.010520169698611925,0.0,0.0,0.0,0.0,0.0,0.0,0.0,56981.02,0.0,0.0,0.5243420473619653,4.0,M-077-02,0,val,normal
45.0,125939.90000000002,40819.04,3705.7542222222223,7087.895325216076,23.0,12.0,11.0,0.24477872070906664,11.629434954007884,0.0,0.0,0.0,0.0,0.0,0.0,0.0,0.0,0.0,47257.27,0.0,0.0,0.4859325452043948,4.0,M-077-03,0,val,normal
76.0,244486.07,129939.31999999998,4926.649868421053,9552.646165638236,38.0,19.0,19.0,0.3470366152252655,11.629434954007884,0.007460511258066235,0.06050276964535926,0.0,0.0,0.0,0.0,0.0,0.0,0.0,83878.97,625.78,0.0,0.2441522704597808,4.0,M-077-04,0,val,business
47.0,171674.05,51147.5,4740.884042553192,11584.752042340178,21.0,10.0,11.0,0.22954467375350365,11.629434954007884,0.015289947436002012,0.015289947436002012,0.0,0.0,0.0,0.0,0.0,0.0,0.0,80667.38,1233.4,0.0,0.5134837479837724,4.0,M-077-05,0,val,normal
48.0,136999.41999999998,47966.659999999996,3853.4600000000005,6333.736756518619,21.0,9.0,12.0,0.2593267911608442,11.629434954007884,0.06499566372213675,0.06499566372213675,0.0,0.0,0.0,0.0,0.0,0.0,0.0,41233.52,2680.0,0.0,0.5844755503093191,4.0,M-077-06,0,val,normal
47.0,157406.53,51922.63,4453.8119148936175,9303.4756669621,24.0,11.0,13.0,0.24804298646208678,11.629434954007884,0.0,0.0,0.0,0.0,0.0,0.0,0.0,0.0,0.0,63999.52,0.0,0.0,0.45896577272761413,4.0,M-077-07,0,val,normal
47.0,175739.22999999998,52510.78,4856.383191489362,11218.12771954073,25.0,12.0,13.0,0.2300581717389629,11.629434954007884,0.028484302197366324,0.03578155779360197,0.0,0.0,0.0,0.0,0.0,0.0,0.0,77903.26,2219.02,0.0,0.4710735586102511,4.0,M-077-08,0,val,normal
44.0,132912.19999999998,40099.51,3932.0843181818186,7700.986364428612,23.0,12.0,11.0,0.2317733868996497,11.629434954007884,0.0,0.0,0.0,0.0,0.0,0.0,0.0,0.0,0.0,51089.34,0.0,0.0,0.40103682064942936,4.0,M-077-09,0,val,normal
41.0,131174.43,34165.689999999995,4032.6858536585364,7554.788547368073,21.0,10.0,11.0,0.20663883635744304,11.629434954007884,0.011077193888729412,0.019496670087573977,0.0,0.0,0.0,0.0,0.0,0.0,0.0,47969.73,531.37,0.0,0.29027951725839585,4.0,M-077-10,0,val,normal
48.0,153225.02999999997,54870.9,4335.331875,11011.708464422587,21.0,9.0,12.0,0.2636807937569947,11.629434954007884,0.0,0.0,0.0,0.0,0.0,0.0,0.0,0.0,0.0,77957.5,0.0,0.0,0.5092181830442001,4.0,M-077-11,0,val,normal
45.0,161399.28000000003,49011.37000000001,4675.792222222222,11272.376414707254,21.0,10.0,11.0,0.23293198324324366,11.629434954007884,0.007000772299101297,0.007000772299101297,0.0,0.0,0.0,0.0,0.0,0.0,0.0,77275.76,540.99,0.0,0.42792560175322575,4.0,M-077-12,0,val,normal
41.0,132238.37,35605.840000000004,4093.761219512195,5518.526399622698,22.0,10.0,12.0,0.21213624229277855,11.629434954007884,0.0380917334890769,0.0380917334890769,0.0,0.0,0.0,0.0,0.0,0.0,0.0,30408.96,1158.33,0.0,0.31864688489304,4.0,M-077-13,0,val,normal
42.0,144536.41999999998,34446.46,4261.4971428571425,10711.45335320213,24.0,12.0,12.0,0.19245673105718267,11.629434954007884,0.005786892729622076,0.005786892729622076,0.0,0.0,0.0,0.0,0.0,0.0,0.0,70820.39,409.83,0.0,0.35273464965630724,4.0,M-078-00,0,test,normal
44.0,168434.08999999997,43617.84,4819.362045454544,12089.709442334826,21.0,10.0,11.0,0.20569414293942057,11.629434954007884,0.012315228395617479,0.016578931734567075,0.0,0.0,0.0,0.0,0.0,0.0,0.0,81637.95,1005.39,0.0,0.3800431199710944,4.0,M-078-01,0,test,normal
40.0,144425.5,30016.74,4361.056,7670.241059998963,22.0,12.0,10.0,0.17207265854875517,11.629434954007884,0.012887014817249335,0.012887014817249335,0.0,0.0,0.0,0.0,0.0,0.0,0.0,46491.76,599.14,0.0,0.2422368318478289,4.0,M-078-02,0,test,normal
52.0,249054.84,90083.48999999999,6521.890961538463,14389.93399281585,34.0,14.0,20.0,0.2656246199006758,11.629434954007884,0.026710075530954065,0.030160704407479574,0.0,0.0,0.0,0.0,0.0,0.0,0.0,85143.9,2274.2,0.0,0.1661813946151509,5.0,M-078-03,0,test,seasonal
48.0,154556.58000000002,51140.87,4285.363541666666,8598.747689578477,22.0,11.0,11.0,0.24862179866595338,11.629434954007884,0.00964379890883422,0.00964379890883422,0.0,0.0,0.0,0.0,0.0,0.0,0.0,59470.34,573.52,0.0,0.5257689202393311,4.0,M-078-04,0,test,normal
42.0,142167.8,38158.409999999996,4293.481190476191,7644.367415462311,24.0,12.0,12.0,0.2116076747800555,11.629434954007884,0.0537495453184503,0.06032995239968755,0.0,0.0,0.0,0.0,0.0,0.0,0.0,48495.48,2606.61,0.0,0.3191461593918615,4.0,M-078-05,0,test,normal
43.0,148298.78999999998,83858.76000000001,5399.012790697675,9898.407528198859,27.0,12.0,15.0,0.36121487326171386,11.629434954007884,0.7941909272341369,0.8040257230652263,0.0,0.0,0.0,0.0,0.0,0.0,0.0,63134.0,50140.45,0.0,0.18846677437157427,4.0,M-078-06,1,test,split_no_return
42.0,183418.64,41717.00000000001,5360.372380952382,12602.172633658925,22.0,12.0,11.0,0.18529718351123795,11.629434954007884,0.00645784377091803,0.00645784377091803,0.0,538.14,22.0,1.0,1.0,0.0,0.0,83331.22,538.14,3500.0,0.19350025169595125,4.0,M-078-07,0,test,benign_cycle
43.0,152715.15,91127.87999999998,5670.768139534884,11212.29523216164,27.0,11.0,16.0,0.3737153364605089,11.629434954007884,0.8263335802729849,0.8342401312129927,0.0,0.0,0.0,0.0,0.0,0.0,0.0,70651.54,58381.74,0.0,0.210755040060188,4.0,M-078-08,1,test,split_no_return
42.0,179000.97999999998,37808.439999999995,5162.129047619047,12246.391749045883,23.0,12.0,11.0,0.17438559634539863,11.629434954007884,0.0,0.0,0.0,0.0,0.0,0.0,0.0,0.0,0.0,80240.0,0.0,0.0,0.36227519569704547,4.0,M-078-09,0,test,normal
46.0,139142.41000000003,46626.48,4038.4541304347836,6997.736255792508,24.0,13.0,11.0,0.2509918641382849,11.629434954007884,0.04159084539176014,0.053434437633485134,0.0,0.0,0.0,0.0,0.0,0.0,0.0,45562.19,1894.97,0.0,0.47460005559072865,4.0,M-078-10,0,test,normal
47.0,174251.19,45877.3,4683.58489361702,11433.51605057038,19.0,10.0,9.0,0.2084114600522632,11.629434954007884,0.0,0.03116651340747837,0.0,0.0,0.0,0.0,0.0,0.0,0.0,78994.72,0.0,0.0,0.5236557077247352,4.0,M-078-11,0,test,normal
73.0,189719.56,110863.1,4117.5706849315075,8033.878747132567,38.0,20.0,18.0,0.3688273302259019,11.629434954007884,0.0038621450527958645,0.08971861862222916,0.0,0.0,0.0,0.0,0.0,0.0,0.0,69865.32,269.83,0.0,0.17333486074266372,4.0,M-079-00,0,test,business
44.0,130097.56,44018.97,3957.193863636363,6403.081985385211,24.0,12.0,12.0,0.25281327396083536,11.629434954007884,0.0084956297498178,0.0084956297498178,0.0,0.0,0.0,0.0,0.0,0.0,0.0,41287.11,350.76,0.0,0.4294493942043624,4.0,M-079-01,0,test,normal
42.0,163884.62000000002,35190.369999999995,4739.880714285715,11461.172014476779,20.0,11.0,9.0,0.1767694173939177,11.629434954007884,0.0181865769083989,0.0181865769083989,0.0,0.0,0.0,0.0,0.0,0.0,0.0,75230.21,1368.18,0.0,0.31652295784329637,4.0,M-079-02,0,test,normal
47.0,128349.47,45929.18000000001,3708.0563829787234,6414.539433911531,22.0,11.0,11.0,0.2635387639277674,11.629434954007884,0.0,0.0,0.0,0.0,0.0,0.0,0.0,0.0,0.0,42867.89,0.0,0.0,0.5437238374384215,4.0,M-079-03,0,test,normal
41.0,184820.98,31749.52,5282.207317073171,11524.105281305561,24.0,13.0,11.0,0.1466013145834728,11.629434954007884,0.019581537836602745,0.025781223025235684,0.0,0.0,0.0,0.0,0.0,0.0,0.0,73853.75,1446.17,0.0,0.3394211943991594,4.0,M-079-04,0,test,normal
42.0,131008.86999999998,42402.76,4128.848333333333,5890.3578717603505,21.0,12.0,9.0,0.2445208548007997,11.629434954007884,0.06907500345579545,0.06907500345579545,0.0,0.0,0.0,0.0,0.0,0.0,0.0,35447.7,2448.55,0.0,0.32546537065040104,4.0,M-079-05,0,test,normal
43.0,160557.62,40700.700000000004,4680.426046511628,10651.312188436917,23.0,12.0,11.0,0.2022311425435729,11.629434954007884,0.0,0.0,0.0,0.0,0.0,0.0,0.0,0.0,0.0,70691.43,0.0,0.0,0.3545641721149759,4.0,M-079-06,0,test,normal
43.0,125399.51999999999,39376.31999999999,3831.9962790697673,6071.187835117921,22.0,10.0,12.0,0.23896901390398007,11.629434954007884,0.0,0.0,0.0,0.0,0.0,0.0,0.0,0.0,0.0,38159.54,0.0,0.0,0.3727676938830242,4.0,M-079-07,0,test,normal
43.0,175623.53999999998,41407.969999999994,5047.244418604651,12387.195139879432,25.0,13.0,12.0,0.19079243378069843,11.629434954007884,0.00451568970731336,0.00451568970731336,0.0,0.0,0.0,0.0,0.0,0.0,0.0,82634.11,373.15,0.0,0.33240339963538423,4.0,M-079-08,0,test,normal
45.0,154493.37,46000.649999999994,4455.422666666667,6863.443083945356,22.0,12.0,10.0,0.22943651885477676,11.629434954007884,0.024543311636711123,0.035589796119946664,0.0,0.0,0.0,0.0,0.0,0.0,0.0,42622.61,1046.1,0.0,0.41040202692788047,4.0,M-079-09,0,test,normal
48.0,122913.54999999999,51087.10999999999,3625.01375,5221.899385525597,25.0,12.0,13.0,0.2936029667933443,11.629434954007884,0.0,0.00809235073202987,0.0,0.0,0.0,0.0,0.0,0.0,0.0,32756.86,0.0,0.0,0.538482407793277,4.0,M-079-10,0,test,normal
48.0,153025.67,51070.41,4252.001666666667,10813.525063450117,20.0,9.0,11.0,0.25022729490933876,11.629434954007884,0.03366217310975216,0.04150802384689998,0.0,0.0,0.0,0.0,0.0,0.0,0.0,76321.87,2569.16,0.0,0.5037701870809339,4.0,M-079-11,0,test,normal
46.0,190372.96999999997,48679.840000000004,5196.800217391305,12870.246764157328,25.0,12.0,13.0,0.20363634294865643,11.629434954007884,0.004417338679996331,0.004417338679996331,0.0,0.0,0.0,0.0,0.0,0.0,0.0,88304.3,390.07,0.0,0.486121154054738,4.0,M-079-12,0,test,normal
43.0,184096.24,41472.67,5245.788604651164,11384.99881012619,27.0,13.0,15.0,0.1838580946283776,11.629434954007884,0.0,0.0,0.0,0.0,22.0,1.0,1.0,0.0,0.0,75335.31,0.0,3500.0,0.2514535476013481,4.0,M-079-13,0,test,benign_cycle
44.0,177373.80000000005,39669.62,4932.804999999999,12002.563270721594,22.0,10.0,12.0,0.18277273736287425,11.629434954007884,0.00341013065529154,0.00341013065529154,0.0,0.0,0.0,0.0,0.0,0.0,0.0,80592.22,274.83,0.0,0.4745825646930825,4.0,M-080-00,0,train,normal
74.0,188032.06000000003,107425.09999999999,3992.6643243243248,5140.318520104035,37.0,18.0,19.0,0.36358942866708654,11.629434954007884,0.008909770673490315,0.17708035279652787,0.0,0.0,0.0,0.0,0.0,0.0,0.0,41065.03,365.88,0.0,0.2082613839782323,4.0,M-080-01,0,train,business
40.0,123769.31999999999,34296.9,3951.6555,5410.220245074109,22.0,9.0,13.0,0.21697804882029822,11.629434954007884,0.09140522577907602,0.09140522577907602,0.0,0.0,0.0,0.0,0.0,0.0,0.0,30495.74,2787.47,0.0,0.24182943647968183,4.0,M-080-02,0,train,normal
40.0,121344.85999999999,27816.829999999998,3729.04225,5813.2584692586515,22.0,12.0,10.0,0.18648776371466425,11.629434954007884,0.01902005161966499,0.030858326507791432,0.0,0.0,0.0,0.0,0.0,0.0,0.0,33928.93,645.33,0.0,0.2718871992243545,4.0,M-080-03,0,train,normal
42.0,132860.65000000002,28542.77,3842.938571428571,5955.145066488853,24.0,13.0,12.0,0.17684117226264476,11.629434954007884,0.01524443665673734,0.01524443665673734,0.0,542.88,22.0,1.0,1.0,0.0,0.0,35611.68,542.88,3500.0,0.26539960907788557,4.0,M-080-04,0,train,benign_cycle
43.0,169945.16,38985.189999999995,4858.84534883721,10998.544772953683,23.0,12.0,12.0,0.18659419275370953,11.629434954007884,0.007262261304300374,0.007262261304300374,0.0,529.68,22.0,1.0,1.0,0.0,0.0,72935.96,529.68,3500.0,0.259767875954946,4.0,M-080-05,0,train,benign_cycle
49.0,125891.93000000004,46210.59,3512.2963265306125,5634.514191936105,25.0,13.0,13.0,0.26850617875903265,11.629434954007884,0.045544558730001114,0.045544558730001114,0.0,1687.89,22.0,1.0,1.0,0.0,0.0,37060.19,1687.89,3500.0,0.5124241001900214,4.0,M-080-06,0,train,benign_cycle
43.0,144156.16,40629.24999999999,4297.33511627907,7624.316601499402,26.0,13.0,14.0,0.21987260790773466,11.629434954007884,0.03329649792800845,0.03989355651255383,0.0,1639.12,22.0,1.0,1.0,0.0,0.0,49228.0,1639.12,3500.0,0.2503482097257518,4.0,M-080-07,0,train,benign_cycle
43.0,126879.98000000001,41222.770000000004,3909.3662790697676,5751.9801002874165,21.0,10.0,11.0,0.24522365041618893,11.629434954007884,0.07891657851276751,0.07891657851276751,0.0,0.0,0.0,0.0,0.0,0.0,0.0,34768.74,2743.83,0.0,0.34384152253718026,4.0,M-080-08,0,train,normal
55.0,202308.59,99524.55,5487.875272727273,10802.614702801078,34.0,13.0,21.0,0.32973367337993437,11.629434954007884,0.0,0.14242979528435948,0.0,0.0,0.0,0.0,0.0,0.0,0.0,56247.29,0.0,0.0,0.22927679652909758,5.0,M-080-09,0,train,seasonal
44.0,135308.09999999998,46460.41,4131.1025,6147.709598822936,24.0,12.0,12.0,0.25560208421139613,11.629434954007884,0.0471743564551199,0.059787531045103634,0.0,0.0,0.0,0.0,0.0,0.0,0.0,38025.32,1793.82,0.0,0.40651427742458573,4.0,M-080-10,0,train,normal
47.0,105050.47,49239.16,3282.758085106383,5813.3314301290375,21.0,9.0,12.0,0.3191346041856475,11.629434954007884,0.0,0.009821565251988126,0.0,0.0,0.0,0.0,0.0,0.0,0.0,39913.19,0.0,0.0,0.48762042244424963,4.0,M-080-11,0,train,normal
42.0,145391.31,32245.32,4229.443571428571,7962.82097813057,23.0,11.0,12.0,0.18152404715176146,11.629434954007884,0.03505706120035478,0.047095496205775106,0.0,0.0,0.0,0.0,0.0,0.0,0.0,50735.0,1778.62,0.0,0.37648440145732776,4.0,M-080-12,0,train,normal
48.0,159866.2,49171.37,4354.949375,9825.469337583278,25.0,11.0,15.0,0.23522742825607856,11.629434954007884,0.0,0.0,0.0,0.0,22.0,1.0,1.0,0.0,0.0,68786.34,0.0,3500.0,0.44710692421219905,4.0,M-081-00,0,train,benign_cycle
47.0,137760.9,76538.67,4559.5653191489355,8530.185198800651,24.0,12.0,13.0,0.35715736620470123,11.629434954007884,0.8217772880322506,0.8217772880322506,0.0,6300.74,46.333333333333336,1.0,1.0,0.0,0.0,46972.24,38600.72,6300.74,0.4969734906551159,4.0,M-081-01,1,train,ring
45.0,165170.40000000005,46863.54,4711.865333333333,11545.113626478538,23.0,12.0,11.0,0.22101905006340022,11.629434954007884,0.0,0.0,0.0,0.0,0.0,0.0,0.0,0.0,0.0,78971.66,0.0,0.0,0.4431594369524795,4.0,M-081-02,0,train,normal
72.0,208051.62,97425.54999999997,4242.738472222222,6431.915845812639,38.0,18.0,20.0,0.31892907086968225,11.629434954007884,0.012635777713988109,0.020832604790895073,0.0,0.0,0.0,0.0,0.0,0.0,0.0,53474.35,675.69,0.0,0.1833816693875478,4.0,M-081-03,0,train,business
41.0,162096.88,35586.649999999994,4821.549512195122,7346.001898247,25.0,11.0,14.0,0.18001828478073006,11.629434954007884,0.027202363533373974,0.04140432876488291,0.0,0.0,0.0,0.0,0.0,0.0,0.0,43534.82,1184.25,0.0,0.254802854441202,4.0,M-081-04,0,train,normal
48.0,147028.07,55557.58000000001,4220.534374999999,7995.736736345007,21.0,12.0,9.0,0.2742424253642843,11.629434954007884,0.04505125335348738,0.04505125335348738,0.0,0.0,0.0,0.0,0.0,0.0,0.0,55360.28,2494.05,0.0,0.5179370663733013,4.0,M-081-05,0,train,normal
45.0,178783.30000000002,42727.85,4922.47,11693.280803980646,26.0,13.0,14.0,0.19289254739546968,11.629434954007884,0.006424666447633452,0.006424666447633452,0.0,510.18,22.0,1.0,1.0,0.0,0.0,79409.57,510.18,3500.0,0.31746530658575145,4.0,M-081-06,0,train,benign_cycle
43.0,139774.50999999998,40474.87000000001,4191.846046511629,6076.1834423286255,22.0,10.0,12.0,0.22454928832487525,11.629434954007884,0.014861263642597893,0.014861263642597893,0.0,0.0,0.0,0.0,0.0,0.0,0.0,36076.34,536.14,0.0,0.39913877425671773,4.0,M-081-07,0,train,normal
48.0,118180.83,52204.939999999995,3549.703541666667,5283.352059318217,24.0,11.0,13.0,0.3063926054388227,11.629434954007884,0.0,0.0,0.0,0.0,0.0,0.0,0.0,0.0,0.0,34399.9,0.0,0.0,0.5540904749627144,4.0,M-081-08,0,train,normal
45.0,161958.33,42958.5,4553.707333333333,9107.389344889469,20.0,10.0,10.0,0.20963871049537514,11.629434954007884,0.014456602120476102,0.014456602120476102,0.0,0.0,0.0,0.0,0.0,0.0,0.0,60377.95,872.86,0.0,0.46222726584959906,4.0,M-081-09,0,train,normal
44.0,173009.24000000002,41838.880000000005,4882.9118181818185,11368.380429088727,20.0,10.0,10.0,0.19473700770572253,11.629434954007884,0.03446658070214499,0.037844582543642466,0.0,0.0,0.0,0.0,0.0,0.0,0.0,76264.02,2628.56,0.0,0.4270807440352132,4.0,M-081-10,0,train,normal
50.0,146147.94,57516.52999999999,4073.2894,7090.431918677003,23.0,11.0,13.0,0.2824082668911273,11.629434954007884,0.04583233476715084,0.12391382765035935,0.0,2226.06,22.0,1.0,1.0,0.0,0.0,48569.64,2226.06,3500.0,0.4795204091762838,4.0,M-081-11,0,train,benign_cycle
48.0,129250.56000000001,55588.939999999995,3850.8229166666665,6506.460111092461,22.0,10.0,12.0,0.30074167047627803,11.629434954007884,0.04904659077104943,0.05802202713458689,0.0,0.0,0.0,0.0,0.0,0.0,0.0,44123.76,2164.12,0.0,0.5430992208162271,4.0,M-081-12,0,train,normal
43.0,179296.19999999995,37030.79,5030.86023255814,12796.659235521514,25.0,13.0,13.0,0.17117970346649766,11.629434954007884,0.006244765835575386,0.006244765835575386,0.0,535.17,22.0,1.0,1.0,0.0,0.0,85698.97,535.17,3500.0,0.2659462571551944,4.0,M-081-13,0,train,benign_cycle
45.0,168537.11999999997,40260.91000000001,4639.956222222221,9913.928091119367,22.0,12.0,11.0,0.19282226944382577,11.629434954007884,0.0041199477239468995,0.0041199477239468995,0.0,275.43,22.0,1.0,1.0,0.0,0.0,66852.79,275.43,3500.0,0.3578585282846313,4.0,M-082-00,0,train,benign_cycle
45.0,128569.86,44506.78,3846.1475555555567,5922.088338430082,20.0,9.0,11.0,0.2571507050287086,11.629434954007884,0.0,0.0,0.0,0.0,0.0,0.0,0.0,0.0,0.0,37732.65,0.0,0.0,0.4359679581403103,4.0,M-082-01,0,train,normal
46.0,167087.28999999998,100372.28,5814.33847826087,13571.70395377808,24.0,12.0,13.0,0.37528019655456707,11.629434954007884,0.0,0.8482982668767587,0.0,0.0,41.0,1.0,1.0,0.0,0.0,73574.11,0.0,8096.17,0.6157803728280358,4.0,M-082-02,1,train,delayed
45.0,143458.04,46987.54,4232.124000000001,7150.857112446932,24.0,12.0,12.0,0.24672423481815645,11.629434954007884,0.009502718432920864,0.009502718432920864,0.0,0.0,0.0,0.0,0.0,0.0,0.0,46410.93,441.03,0.0,0.43840835251217664,4.0,M-082-03,0,train,normal
46.0,170378.95,86183.37999999998,5577.441956521739,11778.757629502325,24.0,13.0,12.0,0.33591595461422563,11.629434954007884,0.7333799323429568,0.7375713363003336,0.0,6955.349999999999,47.708333333333336,1.0,1.0,0.0,0.0,67812.6,49732.4,6955.349999999999,0.5538537708778655,4.0,M-082-04,1,train,ring
44.0,140865.25,41956.14000000001,4155.031590909091,7269.728407630428,25.0,11.0,14.0,0.22949251178978566,11.629434954007884,0.012730821478390731,0.012730821478390731,0.0,0.0,0.0,0.0,0.0,0.0,0.0,47120.29,599.88,0.0,0.4067566749467419,4.0,M-082-05,0,train,normal
44.0,116900.68999999999,40582.63,3579.1663636363646,4993.617705641915,23.0,13.0,10.0,0.25769478316814753,11.629434954007884,0.012663240187032639,0.012663240187032639,0.0,0.0,0.0,0.0,0.0,0.0,0.0,30178.69,382.16,0.0,0.4319333172837738,4.0,M-082-06,0,train,normal
42.0,132830.87000000002,58747.03999999999,4561.37880952381,6453.161100694391,27.0,12.0,15.0,0.30664829781262354,11.629434954007884,0.7745640998705843,0.7745640998705843,0.0,0.0,0.0,0.0,0.0,0.0,0.0,32747.18,25364.79,0.0,0.42213871541442777,5.0,M-082-07,0,train,quick_benign
73.0,195781.75,101384.71,4070.7734246575337,5135.032186257111,38.0,18.0,20.0,0.34117144310296665,11.629434954007884,0.1514949371396442,0.1514949371396442,0.0,0.0,0.0,0.0,0.0,0.0,0.0,40550.2,6143.15,0.0,0.19355857505535104,4.0,M-082-08,0,train,business
44.0,144980.18,42704.5,4265.560909090909,9391.591502917485,21.0,10.0,11.0,0.22753322221078456,11.629434954007884,0.0,0.0,0.0,0.0,0.0,0.0,0.0,0.0,0.0,62937.74,0.0,0.0,0.4092334531489656,4.0,M-082-09,0,train,normal
40.0,140545.79,31504.500000000004,4301.257250000001,7881.463362721096,23.0,10.0,13.0,0.183112158660122,11.629434954007884,0.011497397258132591,0.011497397258132591,0.0,0.0,0.0,0.0,0.0,0.0,0.0,48617.96,558.98,0.0,0.2277119141709914,4.0,M-082-10,0,train,normal
48.0,193995.84,50575.91,5095.244791666667,11307.987178516965,23.0,11.0,12.0,0.20679375275353756,11.629434954007884,0.0037154715178009837,0.0037154715178009837,0.0,0.0,0.0,0.0,0.0,0.0,0.0,78396.51,291.28,0.0,0.5599096486845219,4.0,M-082-11,0,train,normal
42.0,131059.62,60066.52999999999,4550.622619047619,7296.942376383236,24.0,12.0,12.0,0.3142768794327725,11.629434954007884,0.6400980098887089,0.6400980098887089,0.0,0.0,0.0,0.0,0.0,0.0,0.0,40583.66,25977.52,0.0,0.42667039364517984,5.0,M-082-12,0,train,quick_benign
46.0,192350.23,54173.84,5359.218913043478,12842.748190046399,23.0,11.0,12.0,0.21975071237465776,11.629434954007884,0.004332289399553685,0.004332289399553685,0.0,0.0,0.0,0.0,0.0,0.0,0.0,88489.01,383.36,0.0,0.4211268759977141,4.0,M-082-13,0,train,normal
43.0,164563.32000000004,37764.59,4705.300232558139,10847.848424319953,21.0,10.0,11.0,0.18665042306817678,11.629434954007884,0.011710067828762442,0.011710067828762442,0.0,0.0,0.0,0.0,0.0,0.0,0.0,71671.66,839.28,0.0,0.4059292051098662,4.0,M-083-00,0,train,normal
42.0,166973.04,34627.49,4800.012619047619,11945.162529402965,24.0,11.0,13.0,0.17176289169477876,11.629434954007884,0.034762613592676316,0.034762613592676316,0.0,0.0,0.0,0.0,0.0,0.0,0.0,78580.11,2731.65,0.0,0.3929952762963761,4.0,M-083-01,0,train,normal
49.0,174243.01000000007,53902.53999999999,4656.031632653062,11261.786062171117,25.0,12.0,14.0,0.23626382368623886,11.629434954007884,0.0,0.005738978295007195,0.0,0.0,22.0,1.0,1.0,0.0,0.0,79709.31,0.0,3500.0,0.4875408468691828,4.0,M-083-02,0,train,benign_cycle
42.0,187355.43999999997,37051.670000000006,5343.026428571429,13342.358905158453,23.0,9.0,14.0,0.16510916253945787,11.629434954007884,0.013055319154748328,0.013055319154748328,0.0,0.0,0.0,0.0,0.0,0.0,0.0,87856.91,1147.0,0.0,0.3971381047062115,4.0,M-083-03,0,train,normal
70.0,175536.22999999998,98873.89,3920.1445714285724,5259.679493237392,39.0,19.0,20.0,0.3603142989041366,11.629434954007884,0.01790364645030695,0.028212179852883483,0.0,0.0,0.0,0.0,0.0,0.0,0.0,42208.72,755.69,0.0,0.12065096255442159,4.0,M-083-04,0,train,business
43.0,179184.61,34658.14,4973.087209302325,11007.254708771135,23.0,12.0,12.0,0.16207301860829978,11.629434954007884,0.01973381501739866,0.025020964191687013,0.0,1432.91,22.0,1.0,1.0,0.0,0.0,72611.91,1432.91,3500.0,0.274100975990056,4.0,M-083-05,0,train,benign_cycle
48.0,138513.95,49598.42,3919.007708333334,7134.708875131499,24.0,11.0,13.0,0.2636637877668544,11.629434954007884,0.0068407591992312115,0.0068407591992312115,0.0,0.0,0.0,0.0,0.0,0.0,0.0,48304.58,330.44,0.0,0.53886877848125,4.0,M-083-06,0,train,normal
44.0,136632.39,36069.990000000005,3925.0540909090905,7533.125053445409,26.0,13.0,14.0,0.20885635739356928,11.629434954007884,0.033090410106262846,0.044576873001050094,0.0,1639.56,22.0,1.0,1.0,0.0,0.0,49547.89,1639.56,3500.0,0.33314619715724897,4.0,M-083-07,0,train,benign_cycle
40.0,159566.84,34260.6,4845.686,8975.9177693935,21.0,11.0,10.0,0.1767582546619818,11.629434954007884,0.0,0.009802118831730532,0.0,0.0,0.0,0.0,0.0,0.0,0.0,55906.28,0.0,0.0,0.2621431031563954,4.0,M-083-08,0,train,normal
40.0,145011.80000000002,29760.23,4369.300749999999,9147.455230644855,24.0,10.0,14.0,0.17028027882951297,11.629434954007884,0.01150015825587809,0.020909362889221926,0.0,0.0,0.0,0.0,0.0,0.0,0.0,57691.38,663.46,0.0,0.25933099307364227,4.0,M-083-09,0,train,normal
46.0,120055.26000000001,50671.99,3711.4619565217386,5246.4649514786615,23.0,11.0,12.0,0.2968008329074592,11.629434954007884,0.018830048389317615,0.018830048389317615,0.0,0.0,0.0,0.0,0.0,0.0,0.0,33480.53,630.44,0.0,0.47438555304419666,4.0,M-083-10,0,train,normal
40.0,183823.73,30997.7,5370.53575,13465.81025295227,20.0,9.0,11.0,0.14429519438540186,11.629434954007884,0.005372455415204878,0.005372455415204878,0.0,0.0,0.0,0.0,0.0,0.0,0.0,86714.54,465.87,0.0,0.2639270010355607,4.0,M-083-11,0,train,normal
55.0,202768.43000000002,95521.67,5423.456363636365,10502.161990242399,33.0,14.0,19.0,0.32023077534252725,11.629434954007884,0.011037904246815364,0.12799044357336284,0.0,0.0,0.0,0.0,0.0,0.0,0.0,53568.14,591.28,0.0,0.2360168116826266,5.0,M-083-12,0,train,seasonal
42.0,130832.13999999998,32165.390000000003,3880.893571428571,7154.704478022974,25.0,13.0,13.0,0.19733667129802523,11.629434954007884,0.011074438393494845,0.011074438393494845,0.0,504.24,22.0,1.0,1.0,0.0,0.0,45531.88,504.24,3500.0,0.20911420629440522,4.0,M-083-13,0,train,benign_cycle
43.0,164475.33000000002,37669.88,4701.051395348838,10351.605779806738,22.0,10.0,13.0,0.1863505942089847,11.629434954007884,0.0,0.0,0.0,0.0,22.0,1.0,1.0,0.0,0.0,68375.18,0.0,3500.0,0.25118848268165445,4.0,M-083-14,0,train,benign_cycle
44.0,126550.06,39522.869999999995,3774.3847727272732,6395.970525441812,20.0,11.0,9.0,0.2379850226042257,11.629434954007884,0.0,0.05993711480882795,0.0,0.0,0.0,0.0,0.0,0.0,0.0,41287.94,0.0,0.0,0.39583309612889955,4.0,M-084-00,0,train,normal
44.0,137846.54,63031.23999999999,4565.404090909092,6864.254809091978,24.0,11.0,13.0,0.31377905510504933,11.629434954007884,0.8527478440711204,0.8669829774955896,0.0,0.0,0.0,0.0,0.0,0.0,0.0,34900.27,29761.129999999997,0.0,0.43214618655764986,5.0,M-084-01,0,train,quick_benign
47.0,154460.92,49148.020000000004,4332.105106382979,8601.517969129578,21.0,11.0,10.0,0.24138439107830925,11.629434954007884,0.0,0.0,0.0,0.0,0.0,0.0,0.0,0.0,0.0,58328.35,0.0,0.0,0.4701381662984592,4.0,M-084-02,0,train,normal
40.0,144595.66999999998,29230.27,4345.6485,8000.7215067828565,20.0,11.0,9.0,0.1681582737306066,11.629434954007884,0.056521269912629436,0.06366736872313049,0.0,0.0,0.0,0.0,0.0,0.0,0.0,49203.07,2781.02,0.0,0.2813148835094578,4.0,M-084-03,0,train,normal
48.0,139068.39,50938.880000000005,3958.4847916666663,8076.636387294577,24.0,11.0,13.0,0.2680891104850883,11.629434954007884,0.006534400953755188,0.006534400953755188,0.0,0.0,0.0,0.0,0.0,0.0,0.0,56031.15,366.13,0.0,0.5077416307543472,4.0,M-084-04,0,train,normal
45.0,134246.24,74773.13,4644.874888888889,8690.79883155401,25.0,11.0,14.0,0.357733017758115,11.629434954007884,0.8236752742576631,0.8236752742576631,0.0,0.0,0.0,0.0,0.0,0.0,0.0,46260.33,38103.49,0.0,0.5054542988905238,5.0,M-084-05,0,train,quick_benign
45.0,160364.17999999996,98568.25,5754.054,12242.547766720854,23.0,11.0,12.0,0.38067170651432114,11.629434954007884,0.7941142772919616,0.7984165905050519,0.0,0.0,0.0,0.0,0.0,0.0,0.0,68253.98,54201.46,0.0,0.5271300849918711,5.0,M-084-06,0,train,quick_benign
43.0,159098.23,40006.94000000001,4630.352790697674,9819.427535525381,24.0,11.0,13.0,0.20093370754762427,11.629434954007884,0.009942475161551915,0.009942475161551915,0.0,0.0,0.0,0.0,0.0,0.0,0.0,64825.91,644.53,0.0,0.40075696866593635,4.0,M-084-07,0,train,normal
47.0,149114.0,106355.68000000001,5435.525106382978,12654.122639527552,21.0,10.0,11.0,0.41631429608398157,11.629434954007884,0.8203922763758206,0.8261111427198528,0.0,0.0,0.0,0.0,0.0,0.0,0.0,71007.08,58253.66,0.0,0.5348589750918803,4.0,M-084-08,1,train,multihop
45.0,122274.97000000002,50896.3,3848.2504444444444,5631.513693652082,25.0,11.0,14.0,0.2939072976712592,11.629434954007884,0.0,0.0725880846686272,0.0,0.0,0.0,0.0,0.0,0.0,0.0,35772.4,0.0,0.0,0.4348789597672129,4.0,M-084-09,0,train,normal
69.0,184633.47,96606.93,4075.947826086956,5353.469697445685,39.0,19.0,20.0,0.3435030315701443,11.629434954007884,0.0,0.0,0.0,0.0,0.0,0.0,0.0,0.0,0.0,41410.3,0.0,0.0,0.1257978076728036,4.0,M-084-10,0,train,business
44.0,122290.71999999997,38198.439999999995,3647.4809090909093,6413.907796504978,22.0,10.0,12.0,0.23801258602138609,11.629434954007884,0.0068973837426739735,0.0068973837426739735,0.0,0.0,0.0,0.0,0.0,0.0,0.0,41444.7,285.86,0.0,0.4397012024574827,4.0,M-084-11,0,train,normal
42.0,150724.93,38888.670000000006,4514.609523809524,7212.727582816283,22.0,12.0,10.0,0.20509430758131275,11.629434954007884,0.014185621087747043,0.014185621087747043,0.0,0.0,0.0,0.0,0.0,0.0,0.0,44502.81,631.3,0.0,0.33185321071664314,4.0,M-084-12,0,train,normal
44.0,191303.59000000003,42379.05,5310.9690909090905,13297.869403924316,24.0,12.0,12.0,0.18135300936346835,11.629434954007884,0.0028745770470353536,0.0028745770470353536,0.0,0.0,0.0,0.0,0.0,0.0,0.0,89480.99,257.22,0.0,0.4126866930712227,4.0,M-085-00,0,train,normal
41.0,170918.09,31076.440000000002,4926.695853658537,12174.549109053525,23.0,11.0,12.0,0.15384792845628045,11.629434954007884,0.009696178636396213,0.017907553152720575,0.0,0.0,0.0,0.0,0.0,0.0,0.0,78973.38,765.74,0.0,0.3144729576489456,4.0,M-085-01,0,train,normal
42.0,152855.83,34391.91,4458.279523809524,7290.906630452481,24.0,12.0,12.0,0.1836706280139883,11.629434954007884,0.0,0.0,0.0,0.0,0.0,0.0,0.0,0.0,0.0,44157.81,0.0,0.0,0.38503560866494474,4.0,M-085-02,0,train,normal
45.0,169585.98,44159.97,4749.91,12400.621356659689,24.0,12.0,12.0,0.20660026540853757,11.629434954007884,0.0,0.0,0.0,0.0,0.0,0.0,0.0,0.0,0.0,84875.78,0.0,0.0,0.46863030024703367,4.0,M-085-03,0,train,normal
42.0,166969.63000000003,33570.63,4774.768095238095,10973.899709710406,24.0,12.0,12.0,0.1674009498142667,11.629434954007884,0.008685487064183086,0.008685487064183086,0.0,0.0,0.0,0.0,0.0,0.0,0.0,71472.1,620.77,0.0,0.38259246251857654,4.0,M-085-04,0,train,normal
48.0,152418.39999999997,52759.51,4274.539791666666,7595.499794619479,23.0,12.0,12.0,0.25714030326169135,11.629434954007884,0.008119662847098703,0.008119662847098703,0.0,418.38,22.0,1.0,1.0,0.0,0.0,51526.77,418.38,3500.0,0.42151585562489113,4.0,M-085-05,0,train,benign_cycle
49.0,129364.31,67347.84,4014.533673469388,5956.917994626831,27.0,13.0,15.0,0.34236746433812043,11.629434954007884,0.7460874459999332,0.7460874459999332,0.0,4048.1400000000003,46.333333333333336,1.0,1.0,0.0,0.0,33789.31,25209.78,4048.1400000000003,0.3535590747973506,4.0,M-085-06,1,train,ring
42.0,151691.80000000002,32121.129999999997,4376.498333333333,9791.979931506123,25.0,12.0,13.0,0.17474902336848663,11.629434954007884,0.01884020554032571,0.02334203312178452,0.0,0.0,0.0,0.0,0.0,0.0,0.0,63909.6,1204.07,0.0,0.38980944941849804,4.0,M-085-07,0,train,normal
46.0,170311.81,101836.12,5916.259347826087,14543.790767354893,24.0,12.0,13.0,0.37419399074613574,11.629434954007884,0.7872652504755084,0.7872652504755084,0.0,9087.76,45.666666666666664,1.0,1.0,0.0,0.0,81123.7,63865.87,9087.76,0.6271435910951831,4.0,M-085-08,1,train,classic
46.0,172704.92000000004,47761.08,4792.739130434783,9628.222794972356,26.0,13.0,14.0,0.21663694175065543,11.629434954007884,0.04005587276301138,0.04005587276301138,0.0,2606.98,22.0,1.0,1.0,0.0,0.0,65083.59,2606.98,3500.0,0.3225228575233223,4.0,M-085-09,0,train,benign_cycle
46.0,168096.43,46206.99,4658.77,10231.059498775414,24.0,12.0,12.0,0.21561480446742284,11.629434954007884,0.0,0.012245407108074806,0.0,0.0,0.0,0.0,0.0,0.0,0.0,69423.58,0.0,0.0,0.47008082543355456,4.0,M-085-10,0,train,normal
50.0,239918.57,79705.2,6392.4754,14536.31386527468,33.0,13.0,20.0,0.24937194126707157,11.629434954007884,0.0,0.0,0.0,0.0,0.0,0.0,0.0,0.0,0.0,89001.69,0.0,0.0,0.12343774308326183,5.0,M-085-11,0,train,seasonal
46.0,152234.81999999998,43821.31,4262.089782608696,8456.483264118435,25.0,13.0,13.0,0.22351410282351283,11.629434954007884,0.007922851153039832,0.007922851153039832,0.0,448.78,22.0,1.0,1.0,0.0,0.0,56643.75,448.78,3500.0,0.3990957823944561,4.0,M-085-12,0,train,benign_cycle
43.0,152235.27000000002,40486.520000000004,4481.902093023256,10480.108068314537,24.0,12.0,13.0,0.2100775423474429,11.629434954007884,0.007935843652866916,0.007935843652866916,0.0,558.45,22.0,1.0,1.0,0.0,0.0,70370.59,558.45,3500.0,0.23831487616125072,4.0,M-085-13,0,train,benign_cycle
48.0,167225.8,49856.73,4522.552708333334,11355.867109749506,25.0,13.0,12.0,0.22966716851881172,11.629434954007884,0.0,0.008003705570138821,0.0,0.0,0.0,0.0,0.0,0.0,0.0,79771.8,0.0,0.0,0.5494574152777368,4.0,M-085-14,0,train,normal
43.0,145086.00999999998,30144.100000000006,4075.1188372093025,8981.569165110113,23.0,13.0,11.0,0.1720258008169943,11.629434954007884,0.0,0.01431048525703874,0.0,0.0,22.0,1.0,1.0,0.0,0.0,59055.3,0.0,3500.0,0.29752223486519747,4.0,M-086-00,0,train,benign_cycle
44.0,164733.52999999997,44658.69999999999,4758.914318181818,11387.04735021299,23.0,12.0,11.0,0.21327773241633652,11.629434954007884,0.03480691557064618,0.042230386651232445,0.0,0.0,0.0,0.0,0.0,0.0,0.0,76704.01,2669.83,0.0,0.4043122616645805,4.0,M-086-01,0,train,normal
44.0,145154.97,46163.82,4348.154318181818,8592.855007318949,25.0,12.0,13.0,0.24129266132197472,11.629434954007884,0.00512763664810175,0.00512763664810175,0.0,0.0,0.0,0.0,0.0,0.0,0.0,57102.33,292.8,0.0,0.3721793387115711,4.0,M-086-02,0,train,normal
44.0,141950.30000000002,44177.49000000001,4230.177045454545,7047.963024567512,23.0,11.0,12.0,0.2373503172202282,11.629434954007884,0.0,0.0147448851208154,0.0,0.0,0.0,0.0,0.0,0.0,0.0,45264.51,0.0,0.0,0.4157764508576652,4.0,M-086-03,0,train,normal
41.0,170226.95,28417.039999999994,4844.975365853659,12734.682253383455,25.0,13.0,12.0,0.14305512087227,11.629434954007884,0.0033677845343296764,0.0033677845343296764,0.0,0.0,0.0,0.0,0.0,0.0,0.0,82713.13,278.56,0.0,0.3052358725609705,4.0,M-086-04,0,train,normal
41.0,148872.47999999998,33457.45,4447.071463414634,10537.670071509781,20.0,9.0,11.0,0.1834994945700906,11.629434954007884,0.0066969709049632745,0.0066969709049632745,0.0,0.0,0.0,0.0,0.0,0.0,0.0,68734.06,460.31,0.0,0.28015524195657476,4.0,M-086-05,0,train,normal
41.0,156384.91,36271.14,4698.928048780487,9232.794657974266,21.0,11.0,10.0,0.18826888644296402,11.629434954007884,0.0,0.0,0.0,0.0,0.0,0.0,0.0,0.0,0.0,58703.67,0.0,0.0,0.2747589405792043,4.0,M-086-06,0,train,normal
46.0,177482.86000000004,45831.25,4854.654565217392,10153.733500264752,23.0,10.0,13.0,0.20523221752535026,11.629434954007884,0.0,0.0,0.0,0.0,0.0,0.0,0.0,0.0,0.0,68474.75,0.0,0.0,0.5161783717441701,4.0,M-086-07,0,train,normal
47.0,156684.79000000004,51317.93,4425.589787234043,8940.580827972683,23.0,13.0,10.0,0.24671759100073304,11.629434954007884,0.009300867384261679,0.009300867384261679,0.0,0.0,0.0,0.0,0.0,0.0,0.0,61050.22,567.82,0.0,0.5009831846296217,4.0,M-086-08,0,train,normal
45.0,171567.26,40136.64,4704.531111111111,11001.248646908369,25.0,14.0,12.0,0.18958857158512432,11.629434954007884,0.0077231631343246355,0.0077231631343246355,0.0,576.04,22.0,1.0,1.0,0.0,0.0,74586.02,576.04,3500.0,0.37369595461902144,4.0,M-086-09,0,train,benign_cycle
41.0,148777.90000000002,36401.48,4516.570243902438,8805.232000183529,22.0,10.0,12.0,0.1965741542065861,11.629434954007884,0.009479804885838824,0.009479804885838824,0.0,0.0,0.0,0.0,0.0,0.0,0.0,56106.64,531.88,0.0,0.31178127922271287,4.0,M-086-10,0,train,normal
42.0,148027.12999999998,38689.850000000006,4445.64238095238,8793.540966321818,20.0,10.0,11.0,0.2072112027518869,11.629434954007884,0.0222839217258155,0.030321810590244167,0.0,1276.45,22.0,1.0,1.0,0.0,0.0,57281.21,1276.45,3500.0,0.2009196210375589,4.0,M-086-11,0,train,benign_cycle
43.0,166480.83000000005,40428.98,4811.856046511628,10400.078092875216,24.0,13.0,12.0,0.19539421547968172,11.629434954007884,0.0,0.0,0.0,0.0,22.0,1.0,1.0,0.0,0.0,68915.03,0.0,3500.0,0.2171390423404201,4.0,M-087-00,0,val,benign_cycle
74.0,168307.47,105675.15000000002,3702.467837837837,4250.291648162662,37.0,18.0,19.0,0.38570019514376513,11.629434954007884,0.10470104637568257,0.10470104637568257,0.0,0.0,0.0,0.0,0.0,0.0,0.0,33554.87,3513.23,0.0,0.2178241526035212,4.0,M-087-01,0,val,business
47.0,184100.21,52519.49999999999,5034.461914893617,11794.337671186848,22.0,10.0,12.0,0.22195741850921885,11.629434954007884,0.006756505212007211,0.006756505212007211,0.0,0.0,0.0,0.0,0.0,0.0,0.0,81657.6,551.72,0.0,0.5212199278363275,4.0,M-087-02,0,val,normal
43.0,174455.87,40864.240000000005,5007.444418604651,10571.283863598506,25.0,12.0,13.0,0.18978366674622268,11.629434954007884,0.008498734479837431,0.01653693857881768,0.0,0.0,0.0,0.0,0.0,0.0,0.0,69267.96,588.69,0.0,0.39364539754073485,4.0,M-087-03,0,val,normal
45.0,148968.22,44592.630000000005,4301.352222222223,7721.792936839328,21.0,10.0,11.0,0.23038042042076176,11.629434954007884,0.03611826101040383,0.04787060473063096,0.0,0.0,0.0,0.0,0.0,0.0,0.0,50381.44,1819.69,0.0,0.46934684049808223,4.0,M-087-04,0,val,normal
63.0,134453.07,76439.62,3347.503015873016,5749.044910284273,39.0,13.0,27.0,0.3624574185098592,11.629434954007884,0.9182070083978223,0.926835177233129,0.0,2984.36,46.958333333333336,1.0,1.0,0.0,0.0,31040.19,28501.32,2984.36,0.3728605662874829,4.0,M-087-05,1,val,camouflaged
47.0,153897.72999999998,49915.549999999996,4336.452765957447,9976.826545226013,22.0,10.0,12.0,0.24490823169128134,11.629434954007884,0.004012710931337122,0.004012710931337122,0.0,0.0,0.0,0.0,0.0,0.0,0.0,68935.94,276.62,0.0,0.4922291750767046,4.0,M-087-06,0,val,normal
49.0,146141.83,50525.31999999999,4013.615306122449,7523.800559242216,24.0,12.0,13.0,0.2569077753961452,11.629434954007884,0.0,0.0,0.0,0.0,22.0,1.0,1.0,0.0,0.0,52043.46,0.0,3500.0,0.4961264965763701,4.0,M-087-07,0,val,benign_cycle
46.0,143144.6,45579.19,4102.691086956522,5971.240502733381,21.0,11.0,11.0,0.24151268899379352,11.629434954007884,0.0,0.0,0.0,0.0,22.0,1.0,1.0,0.0,0.0,37039.23,0.0,3500.0,0.36538275471766823,4.0,M-087-08,0,val,benign_cycle
48.0,155533.92,54450.469999999994,4374.674791666667,8101.071337929888,25.0,12.0,13.0,0.2593072275515337,11.629434954007884,0.0,0.0,0.0,0.0,0.0,0.0,0.0,0.0,0.0,55083.44,0.0,0.0,0.49976575041501026,4.0,M-087-09,0,val,normal
44.0,146929.56000000003,42293.43000000001,4300.5225,7289.9701856726415,21.0,10.0,12.0,0.22351105433858753,11.629434954007884,0.049885499260219804,0.060864055577925624,0.0,2332.84,22.0,1.0,1.0,0.0,0.0,46763.89,2332.84,3500.0,0.29764528438577803,4.0,M-087-10,0,val,benign_cycle
43.0,135016.25999999998,38297.38,4030.5497674418616,8519.106409210073,20.0,11.0,9.0,0.22097152884216145,11.629434954007884,0.0,0.0,0.0,0.0,0.0,0.0,0.0,0.0,0.0,56013.48,0.0,0.0,0.41195637926145345,4.0,M-087-11,0,val,normal
75.0,240398.14,117830.77,4776.3854666666675,8459.157258244471,39.0,18.0,21.0,0.32892590941362043,11.629434954007884,0.01922819416994902,0.022823262279206367,0.0,0.0,0.0,0.0,0.0,0.0,0.0,73336.58,1410.13,0.0,0.22740248578533434,4.0,M-088-00,0,test,business
42.0,154491.40000000002,78092.25000000001,5537.705952380952,11253.446173748407,23.0,11.0,12.0,0.3357598438239318,11.629434954007884,0.6671550470077932,0.6761225951614626,0.0,0.0,0.0,0.0,0.0,0.0,0.0,63270.36,42211.14,0.0,0.5405291818330243,5.0,M-088-01,0,test,quick_benign
45.0,166087.39,40911.729999999996,4599.980444444444,9692.44061518413,20.0,10.0,10.0,0.19764204794687049,11.629434954007884,0.00736900618043685,0.00736900618043685,0.0,0.0,0.0,0.0,0.0,0.0,0.0,64691.22,476.71,0.0,0.4524976088764763,4.0,M-088-02,0,test,normal
45.0,179043.0,51339.880000000005,5119.619555555556,11463.994600179187,21.0,11.0,10.0,0.22284589896610374,11.629434954007884,0.0,0.004736570913306711,0.0,0.0,0.0,0.0,0.0,0.0,0.0,77630.0,0.0,0.0,0.4362078758267452,4.0,M-088-03,0,test,normal
41.0,155711.0,84096.70000000001,5848.968292682928,12851.303886932537,22.0,12.0,10.0,0.35068390214325895,11.629434954007884,0.7681853906949725,0.7732426831288909,0.0,0.0,0.0,0.0,0.0,0.0,0.0,69647.94,53502.530000000006,0.0,0.6084392134293022,5.0,M-088-04,0,test,quick_benign
45.0,159210.86,41503.15,4460.311333333333,8776.830676420883,24.0,12.0,12.0,0.20677754382965094,11.629434954007884,0.02947880856396178,0.039138306993462435,0.0,0.0,0.0,0.0,0.0,0.0,0.0,58223.52,1716.36,0.0,0.4189689216360685,4.0,M-088-05,0,test,normal
49.0,155344.01,96251.54,5134.6030612244895,9882.407534024062,25.0,11.0,14.0,0.3825645564875849,11.629434954007884,0.7802773456550606,0.8154063713676477,0.0,0.0,0.0,0.0,0.0,0.0,0.0,56182.6,43838.01,0.0,0.4554525569149336,5.0,M-088-06,0,test,quick_benign
42.0,123846.4,38479.79,3864.9092857142864,5376.553132655138,23.0,12.0,11.0,0.23705225878830763,11.629434954007884,0.08033016941985652,0.08033016941985652,0.0,0.0,0.0,0.0,0.0,0.0,0.0,30933.21,2484.87,0.0,0.2916673921557264,4.0,M-088-07,0,test,normal
50.0,229553.56,71932.40999999999,6029.719400000001,13040.931640562098,29.0,12.0,17.0,0.23859289372570133,11.629434954007884,0.003480667637167287,0.003480667637167287,0.0,0.0,0.0,0.0,0.0,0.0,0.0,84052.84,292.56,0.0,0.15079113851461395,5.0,M-088-08,0,test,seasonal
46.0,180442.73000000004,43818.24,4875.23847826087,11046.407823652145,22.0,12.0,11.0,0.19538950536065192,11.629434954007884,0.0054116632533211225,0.0054116632533211225,0.0,408.41,22.0,1.0,1.0,0.0,0.0,75468.48,408.41,3500.0,0.37164409159290746,4.0,M-088-09,0,test,benign_cycle
75.0,245450.74000000002,102061.85,4633.5012,9946.580760588766,40.0,20.0,20.0,0.29369252492406106,11.629434954007884,0.061139393508355656,0.06665037188020168,0.0,0.0,0.0,0.0,0.0,0.0,0.0,86612.57,5295.4400000000005,0.0,0.23668647981591553,4.0,M-088-10,0,test,business
48.0,151855.66999999998,91767.19,5075.47625,10122.576512825515,24.0,11.0,13.0,0.37667725434304483,11.629434954007884,0.6495947724067793,0.6495947724067793,0.0,0.0,0.0,0.0,0.0,0.0,0.0,61042.24,39652.72,0.0,0.43210127715581137,5.0,M-088-11,0,test,quick_benign
44.0,120859.48000000001,39555.299999999996,3645.790454545454,6508.339610543381,24.0,11.0,13.0,0.24658139355987024,11.629434954007884,0.010144399174646674,0.010144399174646674,0.0,0.0,0.0,0.0,0.0,0.0,0.0,42488.47,431.02,0.0,0.4757971750941088,4.0,M-088-12,0,test,normal
46.0,137972.88,46384.65,4007.7723913043483,9824.868560432044,22.0,10.0,12.0,0.25160160260337616,11.629434954007884,0.0,0.0,0.0,0.0,0.0,0.0,0.0,0.0,0.0,68223.61,0.0,0.0,0.5177751691561756,4.0,M-089-00,0,test,normal
44.0,183108.27000000005,40132.97,5073.664545454545,11019.469603279762,23.0,11.0,13.0,0.1797739969550429,11.629434954007884,0.017569177775803,0.02102002982093108,0.0,1287.07,22.0,1.0,1.0,0.0,0.0,73257.27,1287.07,3500.0,0.30447235776470066,4.0,M-089-01,0,test,benign_cycle
43.0,174708.89,42059.97,5041.136279069768,10424.704780050135,25.0,12.0,13.0,0.19403142130285686,11.629434954007884,0.008091152235556528,0.008091152235556528,0.0,0.0,0.0,0.0,0.0,0.0,0.0,68567.49,554.79,0.0,0.3278028966734879,4.0,M-089-02,0,test,normal
43.0,147201.59,37409.719999999994,4293.286279069766,7645.868307137119,22.0,10.0,13.0,0.2026404557770594,11.629434954007884,0.0,0.0063037560953930405,0.0,0.0,22.0,1.0,1.0,0.0,0.0,49276.97,0.0,3500.0,0.26451788465671494,4.0,M-089-03,0,test,benign_cycle
55.0,240801.47000000003,85641.29000000001,5935.322909090908,13967.829382375732,32.0,12.0,20.0,0.26234703443874824,11.629434954007884,0.007530547293513533,0.007530547293513533,0.0,0.0,0.0,0.0,0.0,0.0,0.0,89589.77,674.66,0.0,0.267486045574512,5.0,M-089-04,0,test,seasonal
46.0,158023.21,47596.93000000001,4470.00304347826,9495.256135245703,22.0,12.0,10.0,0.23147990269824742,11.629434954007884,0.0,0.012527319872037895,0.0,0.0,0.0,0.0,0.0,0.0,0.0,64412.82,0.0,0.0,0.5359228000629451,4.0,M-089-05,0,test,normal
42.0,159773.28999999998,77354.68000000002,5645.904047619048,10444.733970641915,25.0,11.0,14.0,0.3262149125638786,11.629434954007884,0.7260604898218785,0.7260604898218785,0.0,0.0,0.0,0.0,0.0,0.0,0.0,56727.56,41187.64,0.0,0.5283671265914356,5.0,M-089-06,0,test,quick_benign
41.0,154811.44,35411.36,4639.580487804878,10664.155106569642,26.0,13.0,13.0,0.18615728503628376,11.629434954007884,0.004486521430515142,0.004486521430515142,0.0,0.0,0.0,0.0,0.0,0.0,0.0,69454.7,311.61,0.0,0.2976990999498466,4.0,M-089-07,0,test,normal
75.0,236085.87,110769.70000000001,4624.7409333333335,8926.36042237076,38.0,18.0,20.0,0.31935396049716025,11.629434954007884,0.08645907746608816,0.10402499152139649,0.0,0.0,0.0,0.0,0.0,0.0,0.0,77607.12,6709.84,0.0,0.19415408726393588,4.0,M-089-08,0,test,business
45.0,176965.22,39862.580000000016,4818.395555555555,11967.548219999237,25.0,12.0,14.0,0.18384441478445115,11.629434954007884,0.005622383040838636,0.01321394603702073,0.0,457.43,22.0,1.0,1.0,0.0,0.0,81358.74,457.43,3500.0,0.3860457602091985,4.0,M-089-09,0,test,benign_cycle
42.0,171955.86999999997,35808.990000000005,4946.782380952381,11077.929292067696,27.0,13.0,14.0,0.17235344802773678,11.629434954007884,0.0047576926513646,0.0047576926513646,0.0,0.0,0.0,0.0,0.0,0.0,0.0,72184.15,343.43,0.0,0.3075356216413811,4.0,M-089-10,0,test,normal
45.0,144906.52000000002,80712.91,5013.765111111112,8895.836747390102,22.0,10.0,12.0,0.3577391805306839,11.629434954007884,0.7954928566686044,0.7954928566686044,0.0,0.0,0.0,0.0,0.0,0.0,0.0,48045.51,38219.86,0.0,0.4664256312899634,5.0,M-089-11,0,test,quick_benign
48.0,155241.68000000002,87705.9,5061.407916666667,9913.309565379968,23.0,10.0,13.0,0.36100750622829825,11.629434954007884,0.6938427922735397,0.7008555427135262,0.0,0.0,0.0,0.0,0.0,0.0,0.0,59189.33,41068.09,0.0,0.44063683286985256,5.0,M-090-00,0,train,quick_benign
43.0,150363.88999999998,39161.76,4407.573255813953,8300.600209122935,23.0,12.0,12.0,0.20663039541085865,11.629434954007884,0.022103438447280566,0.028809352973294716,0.0,1185.71,22.0,1.0,1.0,0.0,0.0,53643.69,1185.71,3500.0,0.26556850356061623,4.0,M-090-01,0,train,benign_cycle
44.0,162062.72999999998,41009.53,4615.278636363637,10438.080942330736,24.0,11.0,13.0,0.20194550452139548,11.629434954007884,0.005849289729104323,0.005849289729104323,0.0,0.0,0.0,0.0,0.0,0.0,0.0,70008.5,409.5,0.0,0.4560861828945614,4.0,M-090-02,0,train,normal
41.0,134450.58,35860.86,4153.93756097561,5593.488259234923,24.0,12.0,12.0,0.2105604884792237,11.629434954007884,0.0,0.08904429157353355,0.0,0.0,0.0,0.0,0.0,0.0,0.0,31335.08,0.0,0.0,0.24621941581992177,4.0,M-090-03,0,train,normal
74.0,203530.86999999997,96791.55,4058.4110810810807,6626.1195202717145,37.0,17.0,20.0,0.32229212191350887,11.629434954007884,0.05448890243887147,0.06488132908132968,0.0,0.0,0.0,0.0,0.0,0.0,0.0,55826.23,3041.91,0.0,0.23400420801195973,4.0,M-090-04,0,train,business
42.0,127649.56000000001,33169.57,3829.026904761905,7015.479463840586,23.0,12.0,11.0,0.20625388285585178,11.629434954007884,0.00680099571955713,0.00680099571955713,0.0,0.0,0.0,0.0,0.0,0.0,0.0,44474.37,302.47,0.0,0.33270283576181425,4.0,M-090-05,0,train,normal
41.0,158996.17,40108.31999999999,4856.207073170732,8385.849756469772,23.0,12.0,11.0,0.20144357367330082,11.629434954007884,0.026569566019244338,0.038074864843031964,0.0,0.0,0.0,0.0,0.0,0.0,0.0,52487.12,1394.56,0.0,0.26245901099821684,4.0,M-090-06,0,train,normal
40.0,148537.58000000005,30557.820000000003,4477.385,10596.883175703837,20.0,9.0,11.0,0.17062314274961835,11.629434954007884,0.0,0.0,0.0,0.0,0.0,0.0,0.0,0.0,0.0,68067.82,0.0,0.0,0.21449861279371366,4.0,M-090-07,0,train,normal
46.0,146429.74000000002,49069.42999999999,4249.9819565217385,9233.186863185812,26.0,13.0,13.0,0.2509955924621061,11.629434954007884,0.04277127273666813,0.04880136104174919,0.0,0.0,0.0,0.0,0.0,0.0,0.0,63086.97,2698.31,0.0,0.4822271218557054,4.0,M-090-08,0,train,normal
42.0,128386.31,34388.89,3875.5999999999995,5799.75013427549,23.0,12.0,11.0,0.21126615110901417,11.629434954007884,0.022417099809638085,0.0409562036786258,0.0,0.0,0.0,0.0,0.0,0.0,0.0,33635.93,754.02,0.0,0.3828064819771735,4.0,M-090-09,0,train,normal
50.0,146026.14,85044.03999999998,4621.403600000001,7559.313747054229,25.0,11.0,14.0,0.3680442019822721,11.629434954007884,0.7568281376683553,0.7568281376683553,0.0,0.0,0.0,0.0,0.0,0.0,0.0,50198.9,37991.94,0.0,0.2926932916169082,4.0,M-090-10,1,train,split_no_return
40.0,128069.01000000001,28599.670000000002,3916.7170000000006,5932.071598120339,22.0,10.0,12.0,0.18254873916088396,11.629434954007884,0.07235400987150971,0.07235400987150971,0.0,0.0,0.0,0.0,0.0,0.0,0.0,34357.46,2485.9,0.0,0.2809448500629553,4.0,M-090-11,0,train,normal
43.0,152945.71999999997,42789.29000000001,4551.976976744187,8845.37668397492,23.0,11.0,12.0,0.2186082602187519,11.629434954007884,0.0,0.006959478061598652,0.0,0.0,0.0,0.0,0.0,0.0,0.0,57898.02,0.0,0.0,0.33781887944389816,4.0,M-091-00,0,train,normal
49.0,232464.42,78801.61000000002,6352.367959183674,13635.95105908477,34.0,13.0,21.0,0.2531648249569669,11.629434954007884,0.0,0.005108999703158025,0.0,0.0,0.0,0.0,0.0,0.0,0.0,62693.29,0.0,0.0,0.09488334058149318,5.0,M-091-01,0,train,seasonal
43.0,171758.08000000002,38530.200000000004,4890.42511627907,10591.405524900372,26.0,13.0,13.0,0.18322561770917525,11.629434954007884,0.0,0.007575097216141002,0.0,0.0,0.0,0.0,0.0,0.0,0.0,69636.07,0.0,0.0,0.33992764117497437,4.0,M-091-02,0,train,normal
50.0,170985.72,97986.31,5379.440600000001,12233.558724085713,23.0,12.0,12.0,0.364299254461514,11.629434954007884,0.7240219210633917,0.7240219210633917,0.0,9609.58,47.791666666666664,1.0,1.0,0.0,0.0,72954.49,52820.65,9609.58,0.5363869707921444,4.0,M-091-03,1,train,multihop
44.0,168776.99000000002,89138.07000000002,5861.70590909091,13206.866225070598,25.0,11.0,14.0,0.3456101787929717,11.629434954007884,0.6915842902697178,0.6915842902697178,0.0,0.0,0.0,0.0,0.0,0.0,0.0,74977.99,51853.6,0.0,0.5817222652453659,5.0,M-091-04,0,train,quick_benign
44.0,175034.96,42655.71000000001,4947.515227272727,9592.49916288775,23.0,12.0,12.0,0.19594643169594733,11.629434954007884,0.009127842658716637,0.009127842658716637,0.0,573.28,22.0,1.0,1.0,0.0,0.0,62805.64,573.28,3500.0,0.31734930681027224,4.0,M-091-05,0,train,benign_cycle
52.0,223702.30999999997,82124.05999999998,5881.276346153846,13222.016269518781,33.0,12.0,21.0,0.26853165081873087,11.629434954007884,0.0,0.007785673864554149,0.0,0.0,0.0,0.0,0.0,0.0,0.0,83142.45,0.0,0.0,0.1842043610605711,5.0,M-091-06,0,train,seasonal
43.0,145835.34999999998,36789.310000000005,4247.08511627907,7332.329290761239,25.0,12.0,14.0,0.20144765772596102,11.629434954007884,0.008474862977612045,0.008474862977612045,0.0,393.29,22.0,1.0,1.0,0.0,0.0,46406.65,393.29,3500.0,0.2594789084111661,4.0,M-091-07,0,train,benign_cycle
42.0,168256.08000000002,34966.380000000005,4838.63,9310.493802061148,22.0,12.0,11.0,0.17205962372466116,11.629434954007884,0.004220313396294281,0.004220313396294281,0.0,252.5,22.0,1.0,1.0,0.0,0.0,59829.68,252.5,3500.0,0.23733226030261065,4.0,M-091-08,0,train,benign_cycle
43.0,164879.43000000002,40433.259999999995,4774.713720930234,10855.4127410767,21.0,10.0,12.0,0.19693502627626178,11.629434954007884,0.0,0.006120384786075361,0.0,0.0,22.0,1.0,1.0,0.0,0.0,72015.08,0.0,3500.0,0.2484786040007657,4.0,M-091-09,0,train,benign_cycle
46.0,142671.86000000002,47851.299999999996,4141.807826086957,8590.035870751624,23.0,11.0,12.0,0.2511573920986824,11.629434954007884,0.0,0.033166610162399246,0.0,0.0,0.0,0.0,0.0,0.0,0.0,58550.15,0.0,0.0,0.48378539350028116,4.0,M-091-10,0,train,normal
70.0,176596.19999999998,110492.20000000001,4101.262857142857,5509.854871186754,36.0,18.0,18.0,0.3848716980553726,11.629434954007884,0.013901008524486988,0.013901008524486988,0.0,0.0,0.0,0.0,0.0,0.0,0.0,44234.92,614.91,0.0,0.11640984612488484,4.0,M-091-11,0,train,business
43.0,156731.01,92793.4,5802.893255813953,14150.538284676864,20.0,9.0,11.0,0.3718810516373929,11.629434954007884,0.6902375322723884,0.6902375322723884,0.0,0.0,0.0,0.0,0.0,0.0,0.0,80060.7,55260.9,0.0,0.5922537594268558,5.0,M-091-12,0,train,quick_benign
46.0,144686.16999999998,45031.23,4124.291304347826,8711.069254676368,22.0,8.0,14.0,0.23735951473085762,11.629434954007884,0.019376282344905717,0.0241377289248224,0.0,0.0,0.0,0.0,0.0,0.0,0.0,59032.48,1143.83,0.0,0.4906099611314192,4.0,M-092-00,0,train,normal
41.0,162326.55000000002,32409.800000000003,4749.667073170732,11465.45809096456,23.0,11.0,12.0,0.1664291232735953,11.629434954007884,0.005354424469864846,0.005354424469864846,0.0,0.0,0.0,0.0,0.0,0.0,0.0,74472.99,398.76,0.0,0.323280921202846,4.0,M-092-01,0,train,normal
43.0,165601.82,35945.700000000004,4687.1516279069765,11778.096677164645,23.0,12.0,11.0,0.17834851056465495,11.629434954007884,0.0,0.0,0.0,0.0,0.0,0.0,0.0,0.0,0.0,78338.38,0.0,0.0,0.43906725978350675,4.0,M-092-02,0,train,normal
57.0,131106.81,76510.31,3642.405614035088,8202.846856060127,39.0,12.0,27.0,0.36851638246402796,11.629434954007884,0.783678272255426,0.7963122996067039,0.0,0.0,0.0,0.0,0.0,0.0,0.0,49596.22,38867.48,0.0,0.49983093781740007,4.0,M-092-03,1,train,camouflaged
45.0,151504.41999999998,44066.130000000005,4346.012222222223,8334.121194884954,23.0,9.0,14.0,0.22532088803759054,11.629434954007884,0.042994939782782245,0.05153031564653158,0.0,0.0,0.0,0.0,0.0,0.0,0.0,55303.95,2377.79,0.0,0.45856738497344784,4.0,M-092-04,0,train,normal
40.0,141588.82,31602.16,4329.7744999999995,7413.124606518816,21.0,11.0,10.0,0.18247001085160441,11.629434954007884,0.01361774474089464,0.01361774474089464,0.0,0.0,0.0,0.0,0.0,0.0,0.0,45137.43,614.67,0.0,0.24319065532229445,4.0,M-092-05,0,train,normal
41.0,146099.30000000002,34477.64,4404.315609756097,11153.67911960849,24.0,12.0,12.0,0.1909304698595513,11.629434954007884,0.0,0.017446906679295025,0.0,0.0,0.0,0.0,0.0,0.0,0.0,73126.43,0.0,0.0,0.28148243325239203,4.0,M-092-06,0,train,normal
44.0,154541.99,41711.079999999994,4460.297045454545,9239.352201521091,24.0,12.0,12.0,0.21253721024593397,11.629434954007884,0.008657008565286685,0.008657008565286685,0.0,0.0,0.0,0.0,0.0,0.0,0.0,61163.16,529.49,0.0,0.42550852195627636,4.0,M-092-07,0,train,normal
47.0,116263.09000000001,50840.26,3555.3904255319144,4967.59363887842,23.0,10.0,13.0,0.30424440922339385,11.629434954007884,0.02711767596510374,0.02711767596510374,0.0,0.0,0.0,0.0,0.0,0.0,0.0,31338.6,849.83,0.0,0.5370000074743914,4.0,M-092-08,0,train,normal
50.0,144987.92,83539.41,4570.546600000001,8335.996130565229,22.0,12.0,11.0,0.36555544581910615,11.629434954007884,0.008269588544780531,0.778256290189089,0.0,395.87,42.0,1.0,1.0,0.0,0.0,47870.58,395.87,5131.7699999999995,0.4412254048717844,4.0,M-092-09,1,train,delayed
48.0,175543.87999999998,55496.51000000001,4813.341458333333,11812.675776192178,25.0,12.0,13.0,0.24020263296820096,11.629434954007884,0.032333787334301804,0.032333787334301804,0.0,0.0,0.0,0.0,0.0,0.0,0.0,82899.97,2680.47,0.0,0.5088968657668743,4.0,M-092-10,0,train,normal
45.0,157090.04,89863.92000000001,5487.865777777778,9406.316485393678,24.0,11.0,13.0,0.3638893662608205,11.629434954007884,0.893819075560461,0.893819075560461,0.0,0.0,0.0,0.0,0.0,0.0,0.0,58963.51,52702.71,0.0,0.19549080431835153,4.0,M-092-11,1,train,split_no_return
43.0,128684.95000000001,36044.28999999999,3830.912558139535,5182.949033438303,23.0,11.0,13.0,0.21880930185800646,11.629434954007884,0.009770970215212922,0.009770970215212922,0.0,293.62,22.0,1.0,1.0,0.0,0.0,30050.24,293.62,3500.0,0.27305711944943295,4.0,M-092-12,0,train,benign_cycle
52.0,179372.93,105954.08000000002,5487.057884615385,12323.306779376557,22.0,12.0,11.0,0.3713426219270304,11.629434954007884,0.7422007532432277,0.748420091731282,0.0,7586.85,47.041666666666664,1.0,1.0,0.0,0.0,74480.59,55279.55,7586.85,0.5088515704161651,4.0,M-093-00,1,train,multihop
48.0,137891.95000000004,78762.92000000001,4513.643125,7829.918483478174,22.0,11.0,11.0,0.36354096263795044,11.629434954007884,0.6023847242866344,0.6108167923150709,0.0,0.0,0.0,0.0,0.0,0.0,0.0,47841.17,28818.79,0.0,0.3557319865743931,5.0,M-093-01,0,train,quick_benign
48.0,127045.19999999998,62971.40000000001,3958.6791666666663,5690.647501480255,23.0,9.0,14.0,0.33139946720444435,11.629434954007884,0.5728423039794845,0.5728423039794845,0.0,0.0,0.0,0.0,0.0,0.0,0.0,32662.27,18710.329999999998,0.0,0.37774656431332315,5.0,M-093-02,0,train,quick_benign
46.0,164453.96,46732.96,4591.02,9421.358368136314,25.0,14.0,12.0,0.22128718956647503,11.629434954007884,0.0,0.005184182614003008,0.0,0.0,22.0,1.0,1.0,0.0,0.0,63865.42,0.0,3500.0,0.35203826164659807,4.0,M-093-03,0,train,benign_cycle
46.0,148646.68999999997,45076.48,4211.3732608695655,8143.378682327575,23.0,12.0,11.0,0.23268502162131666,11.629434954007884,0.021424821403062837,0.031022519928782123,0.0,0.0,0.0,0.0,0.0,0.0,0.0,54323.44,1163.87,0.0,0.5024935398682416,4.0,M-093-04,0,train,normal
70.0,214884.77000000002,105590.6,4578.219571428573,7187.754175729209,37.0,18.0,19.0,0.329481170425047,11.629434954007884,0.004429754558821682,0.004429754558821682,0.0,0.0,0.0,0.0,0.0,0.0,0.0,59678.25,264.36,0.0,0.12882235729316813,4.0,M-093-05,0,train,business
41.0,135297.97,53411.97,4602.681463414633,6265.807919379109,23.0,11.0,12.0,0.28303739591035854,11.629434954007884,0.6895139561135196,0.6985099235017243,0.0,0.0,0.0,0.0,0.0,0.0,0.0,32715.77,22557.980000000003,0.0,0.3750387787606411,5.0,M-093-06,0,train,quick_benign
45.0,152059.53000000003,39934.87,4266.542222222221,11851.473585192478,25.0,13.0,12.0,0.20800018125528666,11.629434954007884,0.03251599166766273,0.036430327850224306,0.0,0.0,0.0,0.0,0.0,0.0,0.0,81403.33,2646.91,0.0,0.4667287010074153,4.0,M-093-07,0,train,normal
48.0,131240.11,49248.52,3760.179791666667,5527.5752503970525,24.0,13.0,11.0,0.2728621741990063,11.629434954007884,0.015413729786329817,0.015413729786329817,0.0,0.0,0.0,0.0,0.0,0.0,0.0,34495.22,531.7,0.0,0.5664523522737334,4.0,M-093-08,0,train,normal
45.0,196836.68,41782.03,5302.638000000001,12165.21348690996,23.0,11.0,13.0,0.1750995552695763,11.629434954007884,0.004855655200038656,0.004855655200038656,0.0,398.94,22.0,1.0,1.0,0.0,0.0,82159.87,398.94,3500.0,0.3617224917027727,4.0,M-093-09,0,train,benign_cycle
68.0,224261.46,103117.48999999999,4814.396323529411,7969.726216266207,39.0,19.0,20.0,0.31497898688965803,11.629434954007884,0.031587233461947646,0.031587233461947646,0.0,0.0,0.0,0.0,0.0,0.0,0.0,65448.91,2067.35,0.0,0.133212125314532,4.0,M-093-10,0,train,business
43.0,157091.72999999995,40015.08,4583.879302325581,9728.928022832852,21.0,10.0,11.0,0.20301216381108295,11.629434954007884,0.01083277610622662,0.019788552032672328,0.0,0.0,0.0,0.0,0.0,0.0,0.0,64022.37,693.54,0.0,0.35693518543509095,4.0,M-093-11,0,train,normal
42.0,187158.35,39645.060000000005,5400.08119047619,13483.05147729517,23.0,11.0,12.0,0.17479922369773895,11.629434954007884,0.0,0.0035455838048767544,0.0,0.0,0.0,0.0,0.0,0.0,0.0,88947.27,0.0,0.0,0.2999972758270513,4.0,M-093-12,0,train,normal
49.0,153321.11,93970.51999999999,5046.767959183673,10626.090809810092,24.0,12.0,12.0,0.3799987892837295,11.629434954007884,0.6037126916296657,0.6121951013151111,0.0,0.0,0.0,0.0,0.0,0.0,0.0,66187.56,39958.27,0.0,0.42060137583574086,5.0,M-093-13,0,train,quick_benign
44.0,111151.83,60819.75,3908.445,5514.040814509768,26.0,13.0,13.0,0.3536616340909352,11.629434954007884,0.6860890335358926,0.6860890335358926,0.0,0.0,0.0,0.0,0.0,0.0,0.0,30323.63,20804.71,0.0,0.33662584933348133,5.0,M-093-14,0,train,quick_benign
45.0,146086.79000000004,47426.07000000001,4300.285777777777,9242.702429750607,23.0,11.0,12.0,0.24507968100931385,11.629434954007884,0.042512070511124586,0.042512070511124586,0.0,0.0,0.0,0.0,0.0,0.0,0.0,62669.26,2664.2,0.0,0.4208229777419887,4.0,M-094-00,0,train,normal
46.0,114074.01000000001,45569.03,3470.500869565218,4992.467241742184,23.0,11.0,13.0,0.2854432614162195,11.629434954007884,0.013790468728880166,0.013790468728880166,0.0,440.75,22.0,1.0,1.0,0.0,0.0,31960.48,440.75,3500.0,0.3721220311250865,4.0,M-094-01,0,train,benign_cycle
42.0,150354.74,35439.24,4423.66619047619,8066.455805301403,24.0,12.0,12.0,0.19074482391733036,11.629434954007884,0.0,0.012207471847723753,0.0,0.0,0.0,0.0,0.0,0.0,0.0,51111.32,0.0,0.0,0.3570051163625405,4.0,M-094-02,0,train,normal
46.0,140154.67,49765.98,4128.7097826086965,7207.07914002207,22.0,12.0,10.0,0.26203564488643016,11.629434954007884,0.01638467933846445,0.01638467933846445,0.0,0.0,0.0,0.0,0.0,0.0,0.0,48207.84,789.87,0.0,0.5088853871660921,4.0,M-094-03,0,train,normal
44.0,159106.46999999997,44733.96000000001,4632.737045454546,10165.317635829544,23.0,11.0,12.0,0.2194557772469377,11.629434954007884,0.016364647793055673,0.021033635498984304,0.0,0.0,0.0,0.0,0.0,0.0,0.0,68130.4,1114.93,0.0,0.424708431804383,4.0,M-094-04,0,train,normal
47.0,164053.64,51036.11,4576.377659574468,10275.77112612701,21.0,10.0,11.0,0.23727820595821048,11.629434954007884,0.0036783087628104887,0.0036783087628104887,0.0,0.0,0.0,0.0,0.0,0.0,0.0,70842.34,260.58,0.0,0.5181200134571385,4.0,M-094-05,0,train,normal
71.0,242869.56999999998,109340.33,4960.702816901408,10135.877612838602,37.0,17.0,20.0,0.3104408195226767,11.629434954007884,0.011606648966558991,0.011606648966558991,0.0,0.0,0.0,0.0,0.0,0.0,0.0,85942.98,997.51,0.0,0.13757275106083913,4.0,M-094-06,0,train,business
44.0,148461.78,80636.51999999999,5206.779545454546,11002.136126696025,25.0,13.0,12.0,0.3519734541897517,11.629434954007884,0.6873994846477534,0.6962295432939215,0.0,0.0,0.0,0.0,0.0,0.0,0.0,62776.48,43152.52,0.0,0.5351485902417417,5.0,M-094-07,0,train,quick_benign
48.0,163688.19,50791.229999999996,4468.32125,9580.404561673146,23.0,11.0,12.0,0.23681167172123085,11.629434954007884,0.0,0.014339396010178132,0.0,0.0,0.0,0.0,0.0,0.0,0.0,66436.55,0.0,0.0,0.5073354199140285,4.0,M-094-08,0,train,normal
47.0,171404.16999999998,46615.7,4638.720638297873,9503.014420793554,24.0,13.0,12.0,0.21381399777919322,11.629434954007884,0.0,0.0,0.0,0.0,22.0,1.0,1.0,0.0,0.0,64902.9,0.0,3500.0,0.42441773908790387,4.0,M-094-09,0,train,benign_cycle
49.0,180151.72999999998,109072.93,5902.544081632654,13804.210793706732,23.0,11.0,13.0,0.37712181941885586,11.629434954007884,0.8543731710727729,0.8615039530621389,0.0,10598.82,46.416666666666664,1.0,1.0,0.0,0.0,77733.41,66413.34,10598.82,0.5856206484963776,4.0,M-094-10,1,train,ring
49.0,181634.03,53334.25,4795.271020408162,11724.600150955628,24.0,11.0,14.0,0.22698489345029893,11.629434954007884,0.004370269804581148,0.004370269804581148,0.0,363.46,22.0,1.0,1.0,0.0,0.0,83166.49,363.46,3500.0,0.48721768844597985,4.0,M-094-11,0,train,benign_cycle
69.0,212036.11,91965.81999999999,4405.825072463769,7313.554298687545,40.0,19.0,21.0,0.3025172241505176,11.629434954007884,0.006906451060985266,0.006906451060985266,0.0,0.0,0.0,0.0,0.0,0.0,0.0,60317.52,416.58,0.0,0.12858701200076292,4.0,M-094-12,0,train,business
48.0,140365.87,50176.66,3969.6360416666666,7765.5154638074255,24.0,12.0,13.0,0.2633357497667319,11.629434954007884,0.024448972686150088,0.03600237236896659,0.0,1315.01,22.0,1.0,1.0,0.0,0.0,53785.9,1315.01,3500.0,0.484952366299391,4.0,M-094-13,0,train,benign_cycle
56.0,249090.7,90355.46999999999,6061.53875,12970.0839891326,32.0,13.0,19.0,0.2661849741889855,11.629434954007884,0.007341938761919793,0.007341938761919793,0.0,0.0,0.0,0.0,0.0,0.0,0.0,84393.24,619.61,0.0,0.27801050672416405,5.0,M-095-00,0,train,seasonal
48.0,147978.18,54759.649999999994,4223.704791666667,8667.694671651932,22.0,11.0,12.0,0.2701007996386268,11.629434954007884,0.0,0.005892876090196928,0.0,0.0,22.0,1.0,1.0,0.0,0.0,60600.29,0.0,3500.0,0.43607638105795055,4.0,M-095-01,0,train,benign_cycle
45.0,137206.15000000002,43128.479999999996,4007.4362222222217,7122.3892098054,20.0,9.0,11.0,0.23915805854926478,11.629434954007884,0.0,0.0,0.0,0.0,0.0,0.0,0.0,0.0,0.0,46276.6,0.0,0.0,0.44472863407196367,4.0,M-095-02,0,train,normal
48.0,149719.80000000002,56078.060000000005,4287.455416666667,8724.8829744604,25.0,12.0,13.0,0.2724909773114259,11.629434954007884,0.0,0.010409991880387392,0.0,0.0,0.0,0.0,0.0,0.0,0.0,60754.13,0.0,0.0,0.5396971649875191,4.0,M-095-03,0,train,normal
42.0,130613.04000000001,35190.420000000006,3947.7014285714286,6139.833536621863,25.0,13.0,12.0,0.21224177107039868,11.629434954007884,0.024129203780092284,0.04155063890871408,0.0,0.0,0.0,0.0,0.0,0.0,0.0,37200.15,897.61,0.0,0.3563248179476118,4.0,M-095-04,0,train,normal
48.0,169074.90999999997,51731.909999999996,4600.142083333333,10667.521571309913,23.0,11.0,12.0,0.23428583410602985,11.629434954007884,0.004822346852258418,0.004822346852258418,0.0,0.0,0.0,0.0,0.0,0.0,0.0,74681.48,360.14,0.0,0.505687688701229,4.0,M-095-05,0,train,normal
76.0,220319.00999999998,115950.04,4424.592763157894,7748.343650223371,36.0,17.0,19.0,0.3448132975663386,11.629434954007884,0.027007630014623148,0.027007630014623148,0.0,0.0,0.0,0.0,0.0,0.0,0.0,66825.56,1804.8,0.0,0.254402413315252,4.0,M-095-06,0,train,business
42.0,188181.90000000002,30128.269999999997,5197.861190476189,13006.596618753409,24.0,12.0,12.0,0.13800671768978973,11.629434954007884,0.0,0.0,0.0,0.0,0.0,0.0,0.0,0.0,0.0,85114.45,0.0,0.0,0.39299999634894406,4.0,M-095-07,0,train,normal
42.0,116250.49000000002,38935.78,3694.9111904761908,5705.808613965331,20.0,8.0,12.0,0.2508970671181155,11.629434954007884,0.0,0.0,0.0,0.0,0.0,0.0,0.0,0.0,0.0,35786.92,0.0,0.0,0.2768828568478659,4.0,M-095-08,0,train,normal
48.0,179184.81000000003,127431.68,6387.843541666666,16600.736596035244,25.0,12.0,13.0,0.41560608824398193,11.629434954007884,0.8948399167906604,0.8948399167906604,0.0,0.0,0.0,0.0,0.0,0.0,0.0,89480.34,80070.58,0.0,0.6246656247488851,4.0,M-095-09,1,train,multihop
49.0,131098.48,50561.04,3707.337142857142,5068.091187544008,24.0,12.0,13.0,0.2783286006700888,11.629434954007884,0.07596957089767288,0.09234331973969971,0.0,2326.54,22.0,1.0,1.0,0.0,0.0,30624.63,2326.54,3500.0,0.48317083667582783,4.0,M-095-10,0,train,benign_cycle
45.0,185160.75,44925.29,5113.023111111111,12056.257931264268,25.0,12.0,13.0,0.19525430573710603,11.629434954007884,0.0,0.0,0.0,0.0,0.0,0.0,0.0,0.0,0.0,81836.81,0.0,0.0,0.4468316175588405,4.0,M-095-11,0,train,normal
50.0,183398.96000000002,59966.119999999995,4867.301600000001,12422.211534872742,25.0,14.0,12.0,0.24640396231045142,11.629434954007884,0.044465334248789526,0.044465334248789526,0.0,3500.0,22.0,1.0,1.0,0.0,0.0,89485.44,3979.0,3500.0,0.48276793629469444,4.0,M-095-12,0,train,benign_cycle
42.0,134131.46999999997,38902.04,4119.845476190477,5803.737240713421,24.0,12.0,12.0,0.22482373500947875,11.629434954007884,0.0,0.008454876618212603,0.0,0.0,0.0,0.0,0.0,0.0,0.0,34303.28,0.0,0.0,0.2973458461304343,4.0,M-096-00,0,train,normal
44.0,165292.19999999998,39265.18000000001,4649.031363636364,10079.337226990356,25.0,13.0,12.0,0.19195191099925116,11.629434954007884,0.02186631375911809,0.025802463300690883,0.0,0.0,0.0,0.0,0.0,0.0,0.0,66646.35,1457.31,0.0,0.4816544836926762,4.0,M-096-01,0,train,normal
48.0,159922.45,96493.29999999999,5341.994791666667,9582.87532757305,27.0,13.0,14.0,0.3763158074338257,11.629434954007884,0.8743055269647911,0.8743055269647911,0.0,0.0,0.0,0.0,0.0,0.0,0.0,61937.25,54152.08000000001,0.0,0.22207676595162568,4.0,M-096-02,1,train,split_no_return
42.0,172966.97999999998,33283.82,4910.733333333334,12624.345122353621,25.0,12.0,14.0,0.161375471028476,11.629434954007884,0.0,0.0,0.0,0.0,22.0,1.0,1.0,0.0,0.0,83246.59,0.0,3500.0,0.24899605874566083,4.0,M-096-03,0,train,benign_cycle
44.0,163486.31,43898.38,4713.288409090909,8410.136316262804,23.0,11.0,12.0,0.21167608852900374,11.629434954007884,0.0441721388152224,0.0441721388152224,0.0,0.0,0.0,0.0,0.0,0.0,0.0,54411.9,2403.49,0.0,0.4047741625089582,4.0,M-096-04,0,train,normal
46.0,155285.58,48873.119999999995,4438.232608695652,8138.093753221819,25.0,12.0,14.0,0.23938788795187274,11.629434954007884,0.009748224244040593,0.009748224244040593,0.0,528.17,22.0,1.0,1.0,0.0,0.0,54181.15,528.17,3500.0,0.37787049404662526,4.0,M-096-05,0,train,benign_cycle
45.0,134485.13999999998,42300.8,3928.5764444444453,7176.494974133622,23.0,11.0,12.0,0.23927694702418073,11.629434954007884,0.0,0.0,0.0,0.0,0.0,0.0,0.0,0.0,0.0,47383.49,0.0,0.0,0.48960468832740744,4.0,M-096-06,0,train,normal
54.0,258026.29,85793.0,6367.023888888889,14271.91143022395,30.0,10.0,20.0,0.24952933850802847,11.629434954007884,0.0,0.0,0.0,0.0,0.0,0.0,0.0,0.0,0.0,84840.91,0.0,0.0,0.2463530824193116,5.0,M-096-07,0,train,seasonal
42.0,143997.33,35100.71,4264.239047619048,7170.152103167424,25.0,12.0,13.0,0.19598600855710088,11.629434954007884,0.035539137505328514,0.035539137505328514,0.0,0.0,0.0,0.0,0.0,0.0,0.0,44360.39,1576.53,0.0,0.34414232646576093,4.0,M-096-08,0,train,normal
47.0,169942.15,47598.689999999995,4628.528510638298,11919.388590227907,22.0,10.0,12.0,0.21880346697199476,11.629434954007884,0.0,0.007361281544548812,0.0,0.0,0.0,0.0,0.0,0.0,0.0,83162.15,0.0,0.0,0.5339052398290793,4.0,M-096-09,0,train,normal
40.0,173347.74,27587.05,5023.36975,12856.102878024018,23.0,11.0,12.0,0.13729354682680883,11.629434954007884,0.003187805516664809,0.003187805516664809,0.0,0.0,0.0,0.0,0.0,0.0,0.0,82724.62,263.71,0.0,0.2616296414440834,4.0,M-096-10,0,train,normal
42.0,140391.44999999998,29628.81,4048.101428571428,6980.734789799837,26.0,13.0,14.0,0.17426634919861905,11.629434954007884,0.01249479441599267,0.01249479441599267,0.0,538.26,22.0,1.0,1.0,0.0,0.0,43078.74,538.26,3500.0,0.23059380380109762,4.0,M-096-11,0,train,benign_cycle
48.0,158740.2,53567.48,4423.076666666667,10427.971956746178,23.0,12.0,12.0,0.25231060882960055,11.629434954007884,0.0,0.0,0.0,0.0,22.0,1.0,1.0,0.0,0.0,73693.33,0.0,3500.0,0.4305356533478894,4.0,M-096-12,0,train,benign_cycle
44.0,144335.15,39356.68,4174.814318181818,7360.345396099227,21.0,11.0,10.0,0.21425384024972696,11.629434954007884,0.0,0.0,0.0,0.0,0.0,0.0,0.0,0.0,0.0,47070.01,0.0,0.0,0.4359686843504076,4.0,M-096-13,0,train,normal
52.0,195197.30000000002,86765.80000000002,5422.367307692309,9999.603778371405,33.0,11.0,22.0,0.30772040738664036,11.629434954007884,0.0,0.0,0.0,0.0,0.0,0.0,0.0,0.0,0.0,55916.72,0.0,0.0,0.19251801977276756,5.0,M-096-14,0,train,seasonal
43.0,163678.05000000002,37224.58,4672.154186046511,10910.904025402964,22.0,11.0,12.0,0.1852866734497204,11.629434954007884,0.0,0.0,0.0,0.0,22.0,1.0,1.0,0.0,0.0,72603.24,0.0,3500.0,0.2590253536775969,4.0,M-097-00,0,val,benign_cycle
42.0,137368.09,36213.8,4132.902142857142,5672.947625168291,22.0,10.0,12.0,0.20862660269455532,11.629434954007884,0.0,0.0,0.0,0.0,0.0,0.0,0.0,0.0,0.0,31611.35,0.0,0.0,0.31236683253345404,4.0,M-097-01,0,val,normal
42.0,123993.90999999999,60580.33,4394.624761904763,6441.152283538596,26.0,12.0,14.0,0.3282166027068566,11.629434954007884,0.7523885582394181,0.7523885582394181,0.0,0.0,0.0,0.0,0.0,0.0,0.0,33620.7,25295.83,0.0,0.41084771245055945,5.0,M-097-02,0,val,quick_benign
50.0,185819.22000000006,56978.78,4855.959999999999,10263.268306758426,25.0,13.0,13.0,0.23467565630688889,11.629434954007884,0.0,0.055444048629653214,0.0,0.0,22.0,1.0,1.0,0.0,0.0,72646.21,0.0,3500.0,0.472284243362178,4.0,M-097-03,0,val,benign_cycle
41.0,169069.03999999998,29043.739999999998,4832.019024390243,12119.417951074762,20.0,10.0,10.0,0.14660205161928472,11.629434954007884,0.0,0.006787719957445273,0.0,0.0,0.0,0.0,0.0,0.0,0.0,78910.15,0.0,0.0,0.3184255884400563,4.0,M-097-04,0,val,normal
43.0,172905.07,38260.11000000001,4910.818139534884,12023.552492131173,23.0,13.0,10.0,0.18118569548256017,11.629434954007884,0.0,0.006452425261968165,0.0,0.0,0.0,0.0,0.0,0.0,0.0,80053.62,0.0,0.0,0.37133479229411515,4.0,M-097-05,0,val,normal
60.0,157538.31,94821.47000000002,4205.9963333333335,9767.199027713792,38.0,12.0,27.0,0.37573923229763484,11.629434954007884,0.9185818764410024,0.9298269183877593,0.0,6042.0199999999995,47.416666666666664,1.0,1.0,0.0,0.0,56718.33,52100.43,6042.0199999999995,0.5457491852847249,4.0,M-097-06,1,val,camouflaged
45.0,170731.29,52578.090000000004,4962.430666666666,11437.735920378529,23.0,10.0,13.0,0.23544953642341404,11.629434954007884,0.008150108489619294,0.008150108489619294,0.0,0.0,0.0,0.0,0.0,0.0,0.0,77873.81,634.68,0.0,0.4286490817753174,4.0,M-097-07,0,val,normal
50.0,158789.58,55004.42999999999,4275.880199999999,10632.336685068902,25.0,12.0,14.0,0.25727769454345334,11.629434954007884,0.05421240836853668,0.05421240836853668,0.0,3500.0,22.0,1.0,1.0,0.0,0.0,76545.76,4149.73,3500.0,0.5014952432013203,4.0,M-097-08,0,val,benign_cycle
45.0,152083.63,44251.78,4363.009111111111,7226.5636435764845,25.0,12.0,13.0,0.22538868561712833,11.629434954007884,0.013133403420426789,0.013133403420426789,0.0,0.0,0.0,0.0,0.0,0.0,0.0,46047.47,604.76,0.0,0.4357011175595648,4.0,M-097-09,0,val,normal
45.0,173097.34000000003,47268.53,4897.019333333334,10298.606484064272,22.0,11.0,11.0,0.21450023091143833,11.629434954007884,0.0,0.0,0.0,0.0,0.0,0.0,0.0,0.0,0.0,69107.17,0.0,0.0,0.42132196622150087,4.0,M-097-10,0,val,normal
41.0,170801.27,35668.729999999996,5035.8536585365855,11177.259709980352,23.0,11.0,12.0,0.17275502494309097,11.629434954007884,0.0075498977111972095,0.014397109201203412,0.0,0.0,0.0,0.0,0.0,0.0,0.0,72251.31,545.49,0.0,0.32354866573606633,4.0,M-097-11,0,val,normal
45.0,158761.63,39042.68,4395.651333333332,9938.19366829262,23.0,12.0,12.0,0.19738033008481973,11.629434954007884,0.0,0.006905377865726593,0.0,0.0,22.0,1.0,1.0,0.0,0.0,67018.78,0.0,3500.0,0.3819573861220592,4.0,M-097-12,0,val,benign_cycle
44.0,174465.34999999998,37671.840000000004,4821.299772727273,11924.612153472652,24.0,13.0,12.0,0.17758244087234304,11.629434954007884,0.0051290783404574335,0.0051290783404574335,0.0,412.07,22.0,1.0,1.0,0.0,0.0,80339.97,412.07,3500.0,0.3077253460409685,4.0,M-097-13,0,val,benign_cycle
43.0,154271.93999999997,34597.07,4392.302558139535,9007.215485208613,19.0,9.0,10.0,0.18318023692716978,11.629434954007884,0.009696800052552348,0.015328511346693363,0.0,0.0,0.0,0.0,0.0,0.0,0.0,58303.77,565.36,0.0,0.4138428485417985,4.0,M-097-14,0,val,normal
48.0,156743.98,54201.240000000005,4394.692083333334,7260.704955718246,23.0,11.0,13.0,0.25694462287412817,11.629434954007884,0.00898318895016121,0.00898318895016121,0.0,433.17,22.0,1.0,1.0,0.0,0.0,48220.07,433.17,3500.0,0.3917932504865202,4.0,M-098-00,0,test,benign_cycle
46.0,156098.84999999998,43075.259999999995,4329.87195652174,7911.567795945768,24.0,11.0,14.0,0.21626937356466658,11.629434954007884,0.0,0.0,0.0,0.0,22.0,1.0,1.0,0.0,0.0,52495.84,0.0,3500.0,0.35502002773749947,4.0,M-098-01,0,test,benign_cycle
43.0,140201.40999999997,39514.92,4179.449534883722,7524.247842685844,23.0,10.0,13.0,0.2198738422935745,11.629434954007884,0.0,0.007379314516053605,0.0,0.0,0.0,0.0,0.0,0.0,0.0,48112.87,0.0,0.0,0.33793134340142916,4.0,M-098-02,0,test,normal
42.0,155472.68999999997,75020.01,5487.921428571428,9061.794445333866,23.0,9.0,14.0,0.325476728764078,11.629434954007884,0.0,0.9301523193057323,0.0,0.0,0.0,0.0,0.0,0.0,0.0,44616.8,0.0,0.0,0.5286718836747689,4.0,M-098-03,1,test,delayed
48.0,150936.93,56516.180000000015,4321.939791666667,8946.017098952352,22.0,11.0,11.0,0.2724286948506099,11.629434954007884,0.04312180014138663,0.04312180014138663,0.0,0.0,0.0,0.0,0.0,0.0,0.0,62367.99,2689.42,0.0,0.5127671403127386,4.0,M-098-04,0,test,normal
76.0,247913.71000000002,116034.37,4788.79052631579,8411.579133318153,35.0,17.0,18.0,0.31882121757586956,11.629434954007884,0.035767908651822965,0.0439585093087488,0.0,0.0,0.0,0.0,0.0,0.0,0.0,72476.98,2592.35,0.0,0.23588631540809848,4.0,M-098-05,0,test,business
46.0,127963.26999999999,44121.75,3740.9786956521743,5691.872859006805,24.0,11.0,13.0,0.2563950656483638,11.629434954007884,0.022209780348512453,0.022209780348512453,0.0,0.0,0.0,0.0,0.0,0.0,0.0,35400.17,786.23,0.0,0.4996574251927904,4.0,M-098-06,0,test,normal
42.0,147117.37,39163.65,4435.262380952381,7814.407597861972,23.0,11.0,12.0,0.21023961539398914,11.629434954007884,0.02907372814402893,0.04085590921464283,0.0,0.0,0.0,0.0,0.0,0.0,0.0,49630.03,1442.93,0.0,0.31206054593992133,4.0,M-098-07,0,test,normal
47.0,169900.19,47362.049999999996,4622.600851063829,9888.8669508452,23.0,12.0,11.0,0.217994852672052,11.629434954007884,0.008389997984535515,0.008389997984535515,0.0,0.0,0.0,0.0,0.0,0.0,0.0,67775.94,568.64,0.0,0.4832286609215607,4.0,M-098-08,0,test,normal
40.0,151243.9,32278.47,4588.059249999999,9310.96330978739,22.0,11.0,11.0,0.17588302722986854,11.629434954007884,0.008231671878259713,0.008231671878259713,0.0,0.0,0.0,0.0,0.0,0.0,0.0,59102.21,486.51,0.0,0.23642632380035358,4.0,M-098-09,0,test,normal
72.0,211700.25,118508.70999999999,4586.235555555555,6030.708031517823,34.0,16.0,18.0,0.35889004950077674,11.629434954007884,0.011590062926946238,0.011590062926946238,0.0,0.0,0.0,0.0,0.0,0.0,0.0,48918.63,566.97,0.0,0.14046554046533796,4.0,M-098-10,0,test,business
47.0,145691.64,51217.21,4189.549999999999,6025.615812749729,25.0,12.0,13.0,0.26010618618716225,11.629434954007884,0.011829942163831805,0.011829942163831805,0.0,0.0,0.0,0.0,0.0,0.0,0.0,37227.57,440.4,0.0,0.5106027837127404,4.0,M-098-11,0,test,normal
43.0,160891.77,38064.74,4626.895581395348,8529.222351004564,21.0,10.0,12.0,0.19132191251243802,11.629434954007884,0.0,0.011922816570909435,0.0,0.0,22.0,1.0,1.0,0.0,0.0,54497.19,0.0,3500.0,0.2719550954505403,4.0,M-098-12,0,test,benign_cycle
48.0,155760.01,50484.46000000001,4296.759791666666,7288.843297155275,26.0,14.0,13.0,0.24477970245699202,11.629434954007884,0.008150397135355205,0.008150397135355205,0.0,397.14,22.0,1.0,1.0,0.0,0.0,48726.46,397.14,3500.0,0.46823537381602176,4.0,M-098-13,0,test,benign_cycle
45.0,146236.77000000002,39374.19,4124.687999999999,9650.10635544652,22.0,10.0,12.0,0.21213289344551642,11.629434954007884,0.0,0.0,0.0,0.0,0.0,0.0,0.0,0.0,0.0,65460.53,0.0,0.0,0.504624730057939,4.0,M-099-00,0,test,normal
46.0,137314.75,48954.89,4049.34,6462.882901430626,24.0,11.0,13.0,0.2628173329802967,11.629434954007884,0.010170742002513443,0.010170742002513443,0.0,0.0,0.0,0.0,0.0,0.0,0.0,41719.67,424.32,0.0,0.4840578745044673,4.0,M-099-01,0,test,normal
46.0,141146.26,47530.43,4101.667173913043,8071.977387407373,20.0,11.0,9.0,0.25191469068065586,11.629434954007884,0.008964562460414948,0.014782887982175547,0.0,0.0,0.0,0.0,0.0,0.0,0.0,54455.53,488.17,0.0,0.4235034271728659,4.0,M-099-02,0,test,normal
42.0,183557.54,93079.90000000001,6586.605714285713,15559.41408905296,24.0,11.0,13.0,0.33646891758396846,11.629434954007884,0.6353690264566726,0.6353690264566726,0.0,0.0,0.0,0.0,0.0,0.0,0.0,89168.81,56655.100000000006,0.0,0.6037264758556895,5.0,M-099-03,0,test,quick_benign
41.0,116628.97,36821.009999999995,3742.6824390243905,5277.310625292792,24.0,11.0,13.0,0.23995447897744915,11.629434954007884,0.009563566564989367,0.009563566564989367,0.0,0.0,0.0,0.0,0.0,0.0,0.0,31409.83,300.39,0.0,0.28404516877728236,4.0,M-099-04,0,test,normal
43.0,192451.43,40535.45999999999,5418.299767441861,12123.510388045952,23.0,11.0,12.0,0.17398172060239092,11.629434954007884,0.00459493457690768,0.00459493457690768,0.0,0.0,0.0,0.0,0.0,0.0,0.0,80035.96,367.76,0.0,0.4042231172410527,4.0,M-099-05,0,test,normal
51.0,178672.89,85887.29,5187.454509803922,8292.830771140441,27.0,11.0,16.0,0.32464178849591047,11.629434954007884,0.0,0.0,0.0,0.0,0.0,0.0,0.0,0.0,0.0,36983.4,0.0,0.0,0.1581486620430101,5.0,M-099-06,0,test,seasonal
51.0,179380.14,77045.27999999998,5027.9494117647055,10451.941447058665,22.0,11.0,12.0,0.3004588234660978,11.629434954007884,0.45350113973090933,0.45350113973090933,0.0,8705.98,45.833333333333336,1.0,1.0,0.0,0.0,69880.53,31690.9,8705.98,0.3991503437978291,4.0,M-099-07,1,test,partial
42.0,122155.08000000002,38176.799999999996,3817.4257142857145,5263.977063932765,25.0,12.0,13.0,0.23811109805485967,11.629434954007884,0.013484161796811582,0.013484161796811582,0.0,0.0,0.0,0.0,0.0,0.0,0.0,30464.63,410.79,0.0,0.3540880849102073,4.0,M-099-08,0,test,normal
40.0,140781.24,30812.690000000002,4289.84825,8046.156821429373,21.0,11.0,10.0,0.17956748236956868,11.629434954007884,0.0,0.0,0.0,0.0,0.0,0.0,0.0,0.0,0.0,50132.86,0.0,0.0,0.22471098758336255,4.0,M-099-09,0,test,normal
48.0,123744.87,55066.60999999999,3725.2391666666663,6133.153664494254,23.0,11.0,12.0,0.30795903037098066,11.629434954007884,0.012801731774960858,0.012801731774960858,0.0,0.0,0.0,0.0,0.0,0.0,0.0,41483.45,531.06,0.0,0.49652865865539936,4.0,M-099-10,0,test,normal
44.0,160522.61000000002,41439.84,4590.055681818183,9123.311809475766,23.0,12.0,11.0,0.20518586499619107,11.629434954007884,0.00940354070717198,0.017793152087566717,0.0,0.0,0.0,0.0,0.0,0.0,0.0,60033.77,564.53,0.0,0.41770962436148407,4.0,M-099-11,0,test,normal
46.0,144046.41,48419.939999999995,4184.051086956522,5903.8197284316175,26.0,13.0,14.0,0.25157613265903356,11.629434954007884,0.0,0.06191774637341038,0.0,0.0,22.0,1.0,1.0,0.0,0.0,36325.45,0.0,3500.0,0.3814965487359134,4.0,M-099-12,0,test,benign_cycle
47.0,141180.25,52186.439999999995,4114.184893617022,6895.551627629645,21.0,10.0,11.0,0.2698832978937582,11.629434954007884,0.0,0.0,0.0,0.0,0.0,0.0,0.0,0.0,0.0,45583.98,0.0,0.0,0.49187240976774815,4.0,M-099-13,0,test,normal
59.0,184546.81999999998,97951.34000000001,4788.104406779662,12369.341396590238,37.0,10.0,28.0,0.3467326654446174,12.187910643889618,0.8128222391651659,0.8288014600942322,0.0,10032.62,47.791666666666664,1.0,1.0,0.0,0.0,76269.05,61993.18,10032.62,0.6126067290146311,4.0,M-099-14,1,test,camouflaged
42.0,153823.79000000004,62362.210000000014,5147.285714285715,9029.0077894832,23.0,10.0,13.0,0.28846553430841965,11.629434954007884,0.6131638879754114,0.6190139077668816,0.0,0.0,0.0,0.0,0.0,0.0,0.0,51360.51,31492.41,0.0,0.48603697656000316,5.0,M-100-00,0,train,quick_benign
41.0,150302.06999999998,30380.89,4406.901463414634,10535.483277442754,20.0,9.0,11.0,0.16814474369912913,11.629434954007884,0.0,0.0,0.0,0.0,0.0,0.0,0.0,0.0,0.0,68182.63,0.0,0.0,0.3053172569993835,4.0,M-100-01,0,train,normal
48.0,178603.58,49001.03,4741.762708333333,10681.016407384634,20.0,8.0,12.0,0.21529014724262396,11.629434954007884,0.00731582302267336,0.00731582302267336,0.0,0.0,0.0,0.0,0.0,0.0,0.0,74157.07,542.52,0.0,0.5774992893006535,4.0,M-100-02,0,train,normal
44.0,168225.73,44453.29000000001,4833.614090909091,11973.020287663678,22.0,10.0,12.0,0.20901586813781636,11.629434954007884,0.02064071599991998,0.02064071599991998,0.0,0.0,0.0,0.0,0.0,0.0,0.0,80978.78,1671.46,0.0,0.40092780534354144,4.0,M-100-03,0,train,normal
41.0,177806.43,30377.36,5077.653414634147,13646.37558699184,24.0,11.0,13.0,0.14591606772073845,11.629434954007884,0.01242281766029375,0.01242281766029375,0.0,0.0,0.0,0.0,0.0,0.0,0.0,89078.02,1106.6,0.0,0.29228050100469555,4.0,M-100-04,0,train,normal
44.0,119587.11,39920.17999999999,3625.165681818182,5097.554838237908,24.0,10.0,14.0,0.2502718214321113,11.629434954007884,0.019278378101596595,0.019278378101596595,0.0,0.0,0.0,0.0,0.0,0.0,0.0,30270.7,583.57,0.0,0.39796113143778417,4.0,M-100-05,0,train,normal
48.0,126135.74,55338.87999999999,3780.7212500000005,6112.707698268019,23.0,11.0,12.0,0.30494005167223925,11.629434954007884,0.0,0.0,0.0,0.0,0.0,0.0,0.0,0.0,0.0,40804.62,0.0,0.0,0.5002649132038813,4.0,M-100-06,0,train,normal
47.0,153312.4,52511.259999999995,4379.226808510638,8892.14380775599,22.0,11.0,11.0,0.25512742315436426,11.629434954007884,0.006116316004970917,0.006116316004970917,0.0,0.0,0.0,0.0,0.0,0.0,0.0,61131.57,373.9,0.0,0.4992190246434765,4.0,M-100-07,0,train,normal
45.0,181633.09,40274.71,4931.2844444444445,12055.96729114647,27.0,14.0,14.0,0.18149298943074554,11.629434954007884,0.0,0.017202565196629722,0.0,0.0,22.0,1.0,1.0,0.0,0.0,81840.12,0.0,3500.0,0.386142321074441,4.0,M-100-08,0,train,benign_cycle
45.0,155802.34,87772.82,5412.781333333333,10416.427142774606,24.0,13.0,11.0,0.36035209830099263,11.629434954007884,0.7620207161723989,0.7728130311119582,0.0,0.0,0.0,0.0,0.0,0.0,0.0,58356.34,44468.740000000005,0.0,0.486792152741589,5.0,M-100-09,0,train,quick_benign
44.0,146102.39,43447.88999999999,4307.96090909091,6757.488577761113,22.0,12.0,11.0,0.2292156466347609,11.629434954007884,0.024759987814837865,0.024759987814837865,0.0,1059.88,22.0,1.0,1.0,0.0,0.0,42806.16,1059.88,3500.0,0.2741111248440373,4.0,M-100-10,0,train,benign_cycle
54.0,240815.2,93921.17,6198.821666666667,13442.552650436259,32.0,12.0,20.0,0.2805825073624357,11.629434954007884,0.11277113097758369,0.22941116115813381,0.0,0.0,0.0,0.0,0.0,0.0,0.0,66957.03,7550.820000000001,0.0,0.2199270941790866,5.0,M-100-11,0,train,seasonal
44.0,149404.00000000003,42785.24,4367.937272727272,10622.06942755814,22.0,10.0,12.0,0.22262037146304345,11.629434954007884,0.004354464299624535,0.004354464299624535,0.0,0.0,0.0,0.0,0.0,0.0,0.0,71889.44,313.04,0.0,0.36103221578282607,4.0,M-100-12,0,train,normal
46.0,184179.01,45595.14,4995.090217391305,12763.433545036838,21.0,10.0,11.0,0.19843459327343826,11.629434954007884,0.007107811636320259,0.007107811636320259,0.0,0.0,0.0,0.0,0.0,0.0,0.0,87688.03,623.27,0.0,0.5015168283286333,4.0,M-100-13,0,train,normal
44.0,181714.62,46770.05,5192.833409090909,12705.740592514749,25.0,12.0,13.0,0.20469666520734192,11.629434954007884,0.0,0.006412430975120453,0.0,0.0,0.0,0.0,0.0,0.0,0.0,85811.45,0.0,0.0,0.3682446351885448,4.0,M-101-00,0,train,normal
48.0,131276.02,56668.9,3915.5191666666665,5311.2479255051385,21.0,11.0,10.0,0.3015186577003518,11.629434954007884,0.04060314159824037,0.05049047689772478,0.0,0.0,0.0,0.0,0.0,0.0,0.0,32520.39,1320.43,0.0,0.48623724829668474,4.0,M-101-01,0,train,normal
64.0,130238.58,84908.43,3361.67203125,5483.747205343538,39.0,10.0,29.0,0.3946530793060986,11.629434954007884,0.8441758091624147,0.853420258584879,0.0,0.0,0.0,0.0,0.0,0.0,0.0,32498.42,27434.38,0.0,0.31702176097237933,4.0,M-101-02,1,train,camouflaged
68.0,211654.69,96922.95000000001,4537.9064705882365,10319.876122062842,38.0,19.0,19.0,0.3140958301450487,11.629434954007884,0.003014620165284347,0.003014620165284347,0.0,0.0,0.0,0.0,0.0,0.0,0.0,86193.28,259.84,0.0,0.1386868641534332,4.0,M-101-03,0,train,business
44.0,159100.02,41299.5,4554.534545454545,9270.255060637479,21.0,9.0,12.0,0.20608582296005504,11.629434954007884,0.0,0.0,0.0,0.0,0.0,0.0,0.0,0.0,0.0,61041.43,0.0,0.0,0.4070802309955326,4.0,M-101-04,0,train,normal
45.0,151704.40000000002,44183.11,4353.055777777778,8089.949482560165,21.0,9.0,12.0,0.22555348220006471,11.629434954007884,0.0,0.0,0.0,0.0,0.0,0.0,0.0,0.0,0.0,53052.37,0.0,0.0,0.49587138614733095,4.0,M-101-05,0,train,normal
42.0,129256.18,33090.729999999996,3865.4026190476193,7009.9790929863,24.0,11.0,13.0,0.20382728565637617,11.629434954007884,0.0,0.012309985993121775,0.0,0.0,0.0,0.0,0.0,0.0,0.0,44563.82,0.0,0.0,0.3976551741227831,4.0,M-101-06,0,train,normal
40.0,148399.23999999996,32443.609999999997,4521.071249999999,8957.419492210405,24.0,10.0,14.0,0.17940222685055007,11.629434954007884,0.010004662215748101,0.010004662215748101,0.0,0.0,0.0,0.0,0.0,0.0,0.0,56539.64,565.66,0.0,0.21608199580749493,4.0,M-101-07,0,train,normal
47.0,170052.31000000003,49488.94999999999,4671.090638297873,9841.186836643923,25.0,12.0,13.0,0.22541981402493536,11.629434954007884,0.00649912199318687,0.00649912199318687,0.0,0.0,0.0,0.0,0.0,0.0,0.0,67322.94,437.54,0.0,0.47277503361861595,4.0,M-101-08,0,train,normal
42.0,127428.06000000001,35591.079999999994,3881.408095238095,5687.9143493163,23.0,11.0,12.0,0.21832454765741002,11.629434954007884,0.011200728859238762,0.011200728859238762,0.0,0.0,0.0,0.0,0.0,0.0,0.0,33564.78,375.95,0.0,0.33397890707446926,4.0,M-101-09,0,train,normal
43.0,153134.37000000002,36342.770000000004,4406.44511627907,10328.428351457114,21.0,10.0,11.0,0.1918055655684902,11.629434954007884,0.009218248106427086,0.009218248106427086,0.0,0.0,0.0,0.0,0.0,0.0,0.0,68475.05,631.22,0.0,0.43630493768086465,4.0,M-101-10,0,train,normal
45.0,141835.82,48553.38999999999,4230.8713333333335,6363.509211404804,23.0,13.0,11.0,0.2550217525457456,11.629434954007884,0.059436068809691045,0.0676735614308696,0.0,2418.5,22.0,1.0,1.0,0.0,0.0,40690.78,2418.5,3500.0,0.34390142480267605,4.0,M-101-11,0,train,benign_cycle
41.0,146393.69,61980.08999999999,5082.287317073171,9010.502355429204,21.0,9.0,12.0,0.29744668451088224,11.629434954007884,0.6888621237596714,0.7008025353197768,0.0,0.0,0.0,0.0,0.0,0.0,0.0,49376.02,34013.270000000004,0.0,0.521913892025649,5.0,M-102-00,0,train,quick_benign
50.0,188433.63,78231.02,5333.293000000001,10022.025635027734,30.0,11.0,19.0,0.29336854359961095,11.629434954007884,0.006778713927626738,0.006778713927626738,0.0,0.0,0.0,0.0,0.0,0.0,0.0,46780.26,317.11,0.0,0.1447381102790172,5.0,M-102-01,0,train,seasonal
46.0,132615.13,49518.65,3959.43,7758.881259199737,21.0,11.0,10.0,0.27188064729123834,11.629434954007884,0.011018717711757844,0.011018717711757844,0.0,0.0,0.0,0.0,0.0,0.0,0.0,52805.6,581.85,0.0,0.4815541215279496,4.0,M-102-02,0,train,normal
43.0,148503.50000000003,42978.579999999994,4453.071627906977,7732.09573495513,22.0,9.0,13.0,0.22445223072571593,11.629434954007884,0.012978632864070295,0.012978632864070295,0.0,0.0,0.0,0.0,0.0,0.0,0.0,49560.69,643.23,0.0,0.3738604207025919,4.0,M-102-03,0,train,normal
44.0,131838.7,41969.84999999999,3950.1943181818187,5565.337088081825,24.0,12.0,12.0,0.24147172276622747,11.629434954007884,0.0,0.01189796584717748,0.0,0.0,0.0,0.0,0.0,0.0,0.0,33230.05,0.0,0.0,0.4166624374402101,4.0,M-102-04,0,train,normal
46.0,172416.69999999998,46854.020000000004,4766.754782608695,9512.479541193961,23.0,11.0,12.0,0.2136811517743911,11.629434954007884,0.04074394281322273,0.04074394281322273,0.0,0.0,0.0,0.0,0.0,0.0,0.0,63569.94,2590.09,0.0,0.4676734248203248,4.0,M-102-05,0,train,normal
49.0,117113.82000000002,56449.32,3542.1048979591833,5271.223952457699,23.0,11.0,13.0,0.32523795086906127,11.629434954007884,0.017188456742251636,0.017188456742251636,0.0,606.62,22.0,1.0,1.0,0.0,0.0,35292.29,606.62,3500.0,0.430639199905331,4.0,M-102-06,0,train,benign_cycle
43.0,186905.7,90340.08000000002,6447.576279069766,13893.451680240809,22.0,11.0,11.0,0.3258483501534271,11.629434954007884,0.674964353566988,0.674964353566988,0.0,0.0,0.0,0.0,0.0,0.0,0.0,78899.9,53254.619999999995,0.0,0.5841821260286685,5.0,M-102-07,0,train,quick_benign
43.0,185366.66999999995,84522.45,6276.491162790698,13863.209325766175,27.0,13.0,14.0,0.31317472153008613,11.629434954007884,0.5935220473171449,0.5935220473171449,0.0,0.0,0.0,0.0,0.0,0.0,0.0,81380.65,48301.21,0.0,0.5714601268657026,5.0,M-102-08,0,train,quick_benign
73.0,247849.51,97710.33,4733.696438356164,7990.0955818707935,37.0,18.0,19.0,0.2827595070075272,11.629434954007884,0.06376674664196776,0.06376674664196776,0.0,0.0,0.0,0.0,0.0,0.0,0.0,66637.24,4249.24,0.0,0.20045567341753937,4.0,M-102-09,0,train,business
71.0,175615.82,101061.36,3896.861690140845,4027.541180583126,36.0,18.0,18.0,0.3652681439069171,11.629434954007884,0.03379229825659013,0.047808545122245596,0.0,0.0,0.0,0.0,0.0,0.0,0.0,30448.95,1028.94,0.0,0.14520297371814508,4.0,M-102-10,0,train,business
46.0,153860.22,42031.01,4258.505000000001,10866.88260728134,20.0,9.0,11.0,0.2145630000893863,11.629434954007884,0.0,0.0,0.0,0.0,0.0,0.0,0.0,0.0,0.0,74746.82,0.0,0.0,0.508375601728343,4.0,M-102-11,0,train,normal
48.0,155282.84000000003,77901.06,4857.997916666666,8295.517705661885,23.0,11.0,12.0,0.3340756372974292,11.629434954007884,0.5692427935777111,0.5692427935777111,0.0,0.0,0.0,0.0,0.0,0.0,0.0,50180.24,28564.74,0.0,0.3666797345247934,5.0,M-102-12,0,train,quick_benign
47.0,156673.26,66909.69,4757.0840425531915,9165.939737818591,25.0,11.0,15.0,0.29926114670192877,11.629434954007884,0.5319037756102943,0.5319037756102943,0.0,8254.85,47.208333333333336,1.0,1.0,0.0,0.0,57468.59,30567.760000000002,8254.85,0.447817498481909,4.0,M-102-13,1,train,partial
52.0,223383.05,80594.16999999997,5845.71576923077,13057.26319060986,34.0,14.0,20.0,0.2651322687930364,11.629434954007884,0.007301420624440599,0.007301420624440599,0.0,0.0,0.0,0.0,0.0,0.0,0.0,79728.32,582.13,0.0,0.18010347398577348,5.0,M-102-14,0,train,seasonal
44.0,115644.37,40018.36,3537.7893181818176,5715.229533612323,22.0,11.0,11.0,0.25708376051223053,11.629434954007884,0.054003404028237056,0.054003404028237056,0.0,0.0,0.0,0.0,0.0,0.0,0.0,36503.81,1971.33,0.0,0.43390083951466274,4.0,M-103-00,0,train,normal
41.0,138683.01,34740.1,4229.831951219512,7550.377657554852,24.0,12.0,12.0,0.2003198996950291,11.629434954007884,0.0,0.009647667088392676,0.0,0.0,0.0,0.0,0.0,0.0,0.0,47471.58,0.0,0.0,0.30221501953074403,4.0,M-103-01,0,train,normal
41.0,122910.54000000001,33387.09999999999,3812.137560975609,5969.047397337972,22.0,12.0,10.0,0.21361231046098966,11.629434954007884,0.0,0.0,0.0,0.0,0.0,0.0,0.0,0.0,0.0,35530.93,0.0,0.0,0.2597892599237431,4.0,M-103-02,0,train,normal
48.0,130711.28,55545.78,3880.3554166666668,6705.362169533599,23.0,11.0,12.0,0.2982210714589825,11.629434954007884,0.05579532977756631,0.05579532977756631,0.0,0.0,0.0,0.0,0.0,0.0,0.0,45985.39,2565.77,0.0,0.48789881067472635,4.0,M-103-03,0,train,normal
45.0,158071.83999999997,47588.590000000004,4570.231777777778,8620.236059477282,24.0,13.0,11.0,0.2313940022395169,11.629434954007884,0.0,0.0,0.0,0.0,0.0,0.0,0.0,0.0,0.0,57192.83,0.0,0.0,0.40712195927637274,4.0,M-103-04,0,train,normal
68.0,220983.12,77603.94,4390.9861764705865,9819.664762473403,36.0,16.0,20.0,0.25990389536639674,11.629434954007884,0.020384413835091382,0.027792191788426592,0.0,0.0,0.0,0.0,0.0,0.0,0.0,81961.15,1670.73,0.0,0.1289763122851752,4.0,M-103-05,0,train,business
49.0,172095.83,52997.7,4593.745510204081,10838.547276936706,24.0,13.0,12.0,0.23544746044011128,11.629434954007884,0.0,0.007517957342296401,0.0,0.0,22.0,1.0,1.0,0.0,0.0,76741.59,0.0,3500.0,0.497153838751493,4.0,M-103-06,0,train,benign_cycle
44.0,136158.06,36411.45000000001,3922.034318181819,7648.526060997695,22.0,12.0,10.0,0.2109958474124427,11.629434954007884,0.0,0.011709738303073883,0.0,0.0,0.0,0.0,0.0,0.0,0.0,49952.44,0.0,0.0,0.4430268500705134,4.0,M-103-07,0,train,normal
44.0,150388.52999999997,42280.89,4378.850454545454,6713.420092515829,27.0,13.0,15.0,0.2194478501051179,11.629434954007884,0.0,0.012190194666517795,0.0,0.0,22.0,1.0,1.0,0.0,0.0,42273.32,0.0,3500.0,0.27095385172828673,4.0,M-103-08,0,train,benign_cycle
47.0,143981.63999999998,48795.130000000005,4101.63340425532,6355.293655815105,23.0,11.0,12.0,0.25311727133928014,11.629434954007884,0.00782062882400924,0.00782062882400924,0.0,0.0,0.0,0.0,0.0,0.0,0.0,40394.45,315.91,0.0,0.5151956762898264,4.0,M-103-09,0,train,normal
41.0,166274.72999999995,36458.0,4944.700731707318,10528.83582751752,26.0,13.0,13.0,0.17983282719075502,11.629434954007884,0.008749656495788443,0.008749656495788443,0.0,0.0,0.0,0.0,0.0,0.0,0.0,67648.37,591.9,0.0,0.27219814581161883,4.0,M-103-10,0,train,normal
46.0,134047.91,47554.81,3947.885217391305,5570.459658479033,25.0,11.0,15.0,0.2618617716739044,11.629434954007884,0.0,0.0,0.0,0.0,22.0,1.0,1.0,0.0,0.0,34575.04,0.0,3500.0,0.3802692093607356,4.0,M-103-11,0,train,benign_cycle
40.0,125696.68000000001,29567.8,3881.612,6460.745371485476,25.0,12.0,13.0,0.19043505636318106,11.629434954007884,0.06249564178493893,0.07272162847191552,0.0,0.0,0.0,0.0,0.0,0.0,0.0,38719.98,2419.83,0.0,0.20073187724484068,4.0,M-104-00,0,train,normal
75.0,175157.09,109680.16,3797.830000000001,4195.378515904694,36.0,17.0,19.0,0.3850625576535372,11.629434954007884,0.011711671173253373,0.21156874844435436,0.0,0.0,0.0,0.0,0.0,0.0,0.0,31779.41,372.19,0.0,0.24647584394479366,4.0,M-104-01,0,train,business
46.0,150081.91,48834.520000000004,4324.270217391304,8080.066934394652,21.0,11.0,10.0,0.24550269678578088,11.629434954007884,0.028007049892549835,0.03641966596795821,0.0,0.0,0.0,0.0,0.0,0.0,0.0,53708.62,1504.22,0.0,0.45375115799233817,4.0,M-104-02,0,train,normal
46.0,125443.32999999999,43121.66,3664.456304347826,5226.624628318872,24.0,13.0,11.0,0.25581622850628716,11.629434954007884,0.0,0.0,0.0,0.0,0.0,0.0,0.0,0.0,0.0,31515.59,0.0,0.0,0.5359329858822689,4.0,M-104-03,0,train,normal
44.0,178663.34,41966.55000000001,5014.315681818181,12004.441625969,21.0,11.0,10.0,0.1902124412970519,11.629434954007884,0.02000712012103712,0.027699173156797822,0.0,0.0,0.0,0.0,0.0,0.0,0.0,80953.68,1619.65,0.0,0.4453215715849884,4.0,M-104-04,0,train,normal
46.0,141483.72999999998,68181.23000000001,4557.933913043479,6697.303291896989,22.0,12.0,10.0,0.32519134336991745,11.629434954007884,0.6413689924006412,0.7162768035906445,0.0,0.0,0.0,0.0,0.0,0.0,0.0,37189.98,23852.5,0.0,0.3498396846170126,5.0,M-104-05,0,train,quick_benign
45.0,171758.96,43867.89,4791.707777777778,10810.05418335437,26.0,13.0,14.0,0.2034435414699051,11.629434954007884,0.004682021537928287,0.004682021537928287,0.0,342.29,22.0,1.0,1.0,0.0,0.0,73107.31,342.29,3500.0,0.3361812022415484,4.0,M-104-06,0,train,benign_cycle
41.0,180243.09,32437.390000000003,5187.3287804878055,13452.326247329898,19.0,8.0,11.0,0.15251700579197489,11.629434954007884,0.015397559085050735,0.01928701812706411,0.0,0.0,0.0,0.0,0.0,0.0,0.0,87598.3,1348.8,0.0,0.3406235828468319,4.0,M-104-07,0,train,normal
41.0,131050.90000000001,34678.07000000001,4042.17,6197.286292734674,23.0,10.0,13.0,0.20924567382516168,11.629434954007884,0.016572920552032824,0.016572920552032824,0.0,0.0,0.0,0.0,0.0,0.0,0.0,36863.75,610.94,0.0,0.30584862421697623,4.0,M-104-08,0,train,normal
48.0,133077.34,89739.61,4642.019791666667,8329.553958924786,25.0,12.0,13.0,0.402750374242175,11.629434954007884,0.9154207494896137,0.9214986216246078,0.0,0.0,0.0,0.0,0.0,0.0,0.0,43623.82,39934.15,0.0,0.44500026242592317,4.0,M-104-09,1,train,multihop
52.0,157736.38,97795.31,4914.070961538461,9383.764085615821,21.0,11.0,11.0,0.3827130404060647,11.629434954007884,0.7867908672894488,0.7867908672894488,0.0,6848.9400000000005,46.291666666666664,1.0,1.0,0.0,0.0,55085.07,43340.43,6848.9400000000005,0.43691614659230593,4.0,M-104-10,1,train,ring
44.0,147978.40000000002,45163.159999999996,4389.58090909091,8327.705708100853,25.0,13.0,12.0,0.23383449942104637,11.629434954007884,0.0,0.005804422262032122,0.0,0.0,0.0,0.0,0.0,0.0,0.0,54710.01,0.0,0.0,0.40701580668846027,4.0,M-104-11,0,train,normal
43.0,137152.52000000002,37897.78999999999,4070.9374418604657,6270.053621413863,21.0,9.0,12.0,0.21649656033171258,11.629434954007884,0.00861170413160869,0.00861170413160869,0.0,0.0,0.0,0.0,0.0,0.0,0.0,38222.4,329.16,0.0,0.41889698581368473,4.0,M-104-12,0,train,normal
41.0,145056.65000000002,36684.42,4432.709024390244,7227.111363334459,23.0,11.0,12.0,0.2018499175777935,11.629434954007884,0.013998070587541394,0.013998070587541394,0.0,0.0,0.0,0.0,0.0,0.0,0.0,44759.74,626.55,0.0,0.27114944164307353,4.0,M-104-13,0,train,normal
45.0,178515.31999999998,47834.229999999996,5029.99,12363.099461995405,23.0,11.0,12.0,0.21132902627816136,11.629434954007884,0.003538647182468779,0.003538647182468779,0.0,0.0,0.0,0.0,0.0,0.0,0.0,84263.84,298.18,0.0,0.4427630590060716,4.0,M-104-14,0,train,normal
44.0,154554.8,82313.25999999998,5383.365,11062.433474192676,25.0,13.0,13.0,0.34750679344441787,12.155059132720105,0.03307907709087182,0.8644506800152755,0.0,1942.89,43.0,1.0,1.0,0.0,0.0,58734.71,1942.89,6132.6,0.5932260488771799,4.0,M-105-00,1,train,delayed
40.0,143019.06999999998,31543.629999999994,4364.0675,6462.135027716749,24.0,11.0,13.0,0.18070085992024637,11.629434954007884,0.007966795769805949,0.007966795769805949,0.0,0.0,0.0,0.0,0.0,0.0,0.0,37306.09,297.21,0.0,0.24444967177208207,4.0,M-105-01,0,train,normal
41.0,133248.52000000002,38888.14,4198.45512195122,5914.255256891925,23.0,11.0,12.0,0.22591434038513353,11.629434954007884,0.0512625415364703,0.06286648509821292,0.0,0.0,0.0,0.0,0.0,0.0,0.0,33500.68,1717.33,0.0,0.2903314480970291,4.0,M-105-02,0,train,normal
46.0,129351.51999999999,73864.72,4417.744347826087,8523.407658752518,23.0,12.0,12.0,0.36347843066085667,11.629434954007884,0.8302638280948497,0.8399627317985915,0.0,4628.94,47.125,1.0,1.0,0.0,0.0,46667.13,38746.03,4628.94,0.5094931653433465,4.0,M-105-03,1,train,classic
71.0,199955.50999999995,108568.54,4345.409154929578,5820.080657583428,37.0,20.0,17.0,0.3518965215191489,11.629434954007884,0.025392106215865504,0.03276285898769642,0.0,0.0,0.0,0.0,0.0,0.0,0.0,46322.27,1176.22,0.0,0.14444304031351993,4.0,M-105-04,0,train,business
44.0,150250.01,39716.72,4317.425681818182,9672.600330613226,23.0,12.0,11.0,0.2090719780247836,11.629434954007884,0.01074102040626078,0.015104734737254245,0.0,0.0,0.0,0.0,0.0,0.0,0.0,64362.6,691.32,0.0,0.42204467035545734,4.0,M-105-05,0,train,normal
40.0,169655.97999999998,31094.069999999996,5018.751249999999,12930.091399671772,24.0,11.0,13.0,0.15488947574359258,11.629434954007884,0.0033949654444231135,0.0033949654444231135,0.0,0.0,0.0,0.0,0.0,0.0,0.0,83344.0,282.95,0.0,0.2279077650497346,4.0,M-105-06,0,train,normal
71.0,251591.08000000002,89668.70999999999,4806.475915492957,9602.031388641863,36.0,19.0,17.0,0.2627579123810631,11.629434954007884,0.0074496989315263615,0.0074496989315263615,0.0,0.0,0.0,0.0,0.0,0.0,0.0,80765.68,601.68,0.0,0.1528135065174909,4.0,M-105-07,0,train,business
44.0,178687.59,46721.48000000001,5122.933409090909,12283.173163258001,20.0,10.0,10.0,0.20727417933981102,11.629434954007884,0.004870193473224665,0.004870193473224665,0.0,0.0,0.0,0.0,0.0,0.0,0.0,82951.53,403.99,0.0,0.3995290816986105,4.0,M-105-08,0,train,normal
48.0,187355.88000000003,49708.47,4938.840625,11762.86025168631,25.0,13.0,13.0,0.2096834467097225,11.629434954007884,0.006004892605319626,0.006004892605319626,0.0,493.98,22.0,1.0,1.0,0.0,0.0,82262.92,493.98,3500.0,0.4583422100901516,4.0,M-105-09,0,train,benign_cycle
47.0,167126.09000000003,49224.83999999999,4603.2112765957445,8287.621655126248,24.0,11.0,13.0,0.2275231264316728,11.629434954007884,0.0,0.006335435953535542,0.0,0.0,0.0,0.0,0.0,0.0,0.0,55121.7,0.0,0.0,0.5216098213828629,4.0,M-105-10,0,train,normal
46.0,173394.81999999998,47053.18,4792.347826086957,11019.583305618055,22.0,11.0,11.0,0.21344344244447672,11.629434954007884,0.005658904142045229,0.005658904142045229,0.0,0.0,0.0,0.0,0.0,0.0,0.0,75127.62,425.14,0.0,0.4301466978427388,4.0,M-105-11,0,train,normal
43.0,143651.04,38035.329999999994,4225.264418604651,7585.179219844723,24.0,12.0,12.0,0.20934608358348508,11.629434954007884,0.0,0.0,0.0,0.0,0.0,0.0,0.0,0.0,0.0,47894.07,0.0,0.0,0.424510054204867,4.0,M-106-00,0,train,normal
42.0,135239.83,38732.45999999999,4142.1973809523815,6781.329215381451,19.0,9.0,10.0,0.222635800218529,11.629434954007884,0.01552578950260798,0.01552578950260798,0.0,0.0,0.0,0.0,0.0,0.0,0.0,41852.3,649.79,0.0,0.32094604886960454,4.0,M-106-01,0,train,normal
68.0,257923.49000000002,96244.67,5208.355294117648,9786.299432559586,36.0,18.0,18.0,0.27174851065098565,11.629434954007884,0.0,0.0,0.0,0.0,0.0,0.0,0.0,0.0,0.0,81228.76,0.0,0.0,0.11943040586039727,4.0,M-106-02,0,train,business
49.0,159454.29,95254.74,5198.1434693877545,9095.237938410195,25.0,11.0,14.0,0.3739747271622055,11.629434954007884,0.8154606723220804,0.8154606723220804,0.0,0.0,0.0,0.0,0.0,0.0,0.0,60244.34,49126.89,0.0,0.235873511386415,4.0,M-106-03,1,train,split_no_return
47.0,130648.02,43062.54,3695.9693617021276,6047.757140185219,22.0,12.0,11.0,0.24789822794883629,11.629434954007884,0.007303558621675358,0.007303558621675358,0.0,286.16,22.0,1.0,1.0,0.0,0.0,39180.9,286.16,3500.0,0.4548254701185763,4.0,M-106-04,0,train,benign_cycle
42.0,162935.99000000002,35166.65,4716.729523809523,11312.013951609137,24.0,12.0,13.0,0.17751732132393594,11.629434954007884,0.03286877190663859,0.041596171226256015,0.0,2447.25,22.0,1.0,1.0,0.0,0.0,74455.17,2447.25,3500.0,0.18968340743289452,4.0,M-106-05,0,train,benign_cycle
53.0,222732.48,85194.81000000001,5809.948867924529,12594.828958263166,29.0,10.0,19.0,0.2766718402906089,11.629434954007884,0.03417586138806713,0.03417586138806713,0.0,0.0,0.0,0.0,0.0,0.0,0.0,55960.55,1912.5,0.0,0.21451424094965407,5.0,M-106-06,0,train,seasonal
41.0,119863.66,37643.74,3841.643902439025,5511.324461989716,22.0,11.0,11.0,0.23899664396720402,11.629434954007884,0.013351711240174752,0.013351711240174752,0.0,0.0,0.0,0.0,0.0,0.0,0.0,32938.1,439.78,0.0,0.24174723340454485,4.0,M-106-07,0,train,normal
40.0,126421.98999999998,33869.05,4007.2760000000003,5953.372274732951,21.0,11.0,10.0,0.21129721286978986,11.629434954007884,0.017061305551850297,0.017061305551850297,0.0,0.0,0.0,0.0,0.0,0.0,0.0,35085.24,598.6,0.0,0.2389119269657696,4.0,M-106-08,0,train,normal
61.0,167643.07,89512.2,4215.660163934426,10147.995200527355,37.0,11.0,27.0,0.34808619710574085,11.629434954007884,0.7169232621055618,0.7169232621055618,0.0,8565.18,47.083333333333336,1.0,1.0,0.0,0.0,65465.57,46933.79,8565.18,0.5197061406154692,4.0,M-106-09,1,train,camouflaged
45.0,130228.9,63855.29,4312.982000000001,6545.625674555014,24.0,13.0,12.0,0.3290081999981554,11.629434954007884,0.7570657606457273,0.7570657606457273,0.0,4802.48,46.208333333333336,1.0,1.0,0.0,0.0,35254.52,26689.99,4802.48,0.4095652842544447,4.0,M-106-10,1,train,multihop
54.0,227336.8,88452.31,5847.946481481482,12327.55252233719,34.0,13.0,21.0,0.2800993042476987,11.629434954007884,0.08128871470189161,0.17528305951056147,0.0,0.0,0.0,0.0,0.0,0.0,0.0,54176.77,4403.96,0.0,0.22820082369810354,5.0,M-106-11,0,train,seasonal
41.0,132787.02,33270.76,4050.189756097561,7601.533607405775,22.0,11.0,11.0,0.20035652650541277,11.629434954007884,0.010957377178007488,0.010957377178007488,0.0,0.0,0.0,0.0,0.0,0.0,0.0,48355.55,529.85,0.0,0.3055683128368573,4.0,M-106-12,0,train,normal
42.0,160601.72999999998,34449.46,4644.075952380953,8633.915725455177,24.0,13.0,11.0,0.1766175330691394,11.629434954007884,0.010656513476452795,0.010656513476452795,0.0,0.0,0.0,0.0,0.0,0.0,0.0,54424.93,579.98,0.0,0.3903863805122054,4.0,M-106-13,0,train,normal
41.0,163081.30000000002,35625.47,4846.506585365853,10687.340519745463,23.0,11.0,12.0,0.1792866443352685,11.629434954007884,0.006799297840072353,0.006799297840072353,0.0,0.0,0.0,0.0,0.0,0.0,0.0,69095.37,469.8,0.0,0.2651431686374945,4.0,M-106-14,0,train,normal
48.0,143755.96,51863.7,4075.4095833333326,8631.142179143344,24.0,12.0,12.0,0.26512519242697796,11.629434954007884,0.0,0.0,0.0,0.0,0.0,0.0,0.0,0.0,0.0,60403.0,0.0,0.0,0.4841023683231239,4.0,M-107-00,0,val,normal
52.0,136409.12,76459.32999999999,4093.6240384615385,6445.164467184878,25.0,14.0,12.0,0.3591858257999247,11.629434954007884,0.7738254039631699,0.7813005535619245,0.0,4707.879999999999,46.958333333333336,1.0,1.0,0.0,0.0,37070.83,28686.35,4707.879999999999,0.357162951859505,4.0,M-107-01,1,val,ring
47.0,124453.0,47913.990000000005,3667.382765957446,5253.992351981857,23.0,10.0,13.0,0.27797660097214677,11.629434954007884,0.029003940588056987,0.03709093664746893,0.0,0.0,0.0,0.0,0.0,0.0,0.0,32990.0,956.84,0.0,0.5512033124354703,4.0,M-107-02,0,val,normal
43.0,149275.03000000003,38447.549999999996,4365.641395348837,8964.560147069717,21.0,10.0,11.0,0.2048104708554506,11.629434954007884,0.03973536861388874,0.044132678406890065,0.0,0.0,0.0,0.0,0.0,0.0,0.0,58779.12,2335.61,0.0,0.40506222112982493,4.0,M-107-03,0,val,normal
47.0,140442.03000000003,52527.329999999994,4105.731063829787,9423.861180453612,24.0,11.0,13.0,0.2722055459996343,11.629434954007884,0.009888972939198756,0.009888972939198756,0.0,0.0,0.0,0.0,0.0,0.0,0.0,65714.61,649.85,0.0,0.4791357184916881,4.0,M-107-04,0,val,normal
51.0,181339.28999999998,94207.20000000001,5402.872352941176,11935.194774136979,25.0,13.0,13.0,0.3418922157201132,11.629434954007884,0.5883848043724941,0.5883848043724941,0.0,10306.31,45.708333333333336,1.0,1.0,0.0,0.0,76150.59,44805.85,10306.31,0.47560961370256194,4.0,M-107-05,1,val,partial
48.0,170940.22,50779.24,4619.1554166666665,10772.93009128996,23.0,12.0,11.0,0.22902473242538116,11.629434954007884,0.00454064852660548,0.00454064852660548,0.0,0.0,0.0,0.0,0.0,0.0,0.0,75445.17,342.57,0.0,0.5423692831952586,4.0,M-107-06,0,val,normal
47.0,176156.87000000002,51350.52,4840.582765957448,11750.142093653765,25.0,13.0,13.0,0.22570923959876638,11.629434954007884,0.0341611907926598,0.0341611907926598,0.0,2794.74,22.0,1.0,1.0,0.0,0.0,81810.38,2794.74,3500.0,0.3913827941761836,4.0,M-107-07,0,val,benign_cycle
42.0,166539.96,37234.24,4851.766666666666,10128.630541097154,24.0,13.0,11.0,0.18272303363232442,11.629434954007884,0.0,0.0,0.0,0.0,0.0,0.0,0.0,0.0,0.0,65940.01,0.0,0.0,0.3573092938112877,4.0,M-107-08,0,val,normal
48.0,144528.22999999998,52890.100000000006,4112.881875,6651.62594245687,23.0,11.0,12.0,0.26790876004269715,11.629434954007884,0.013003480476908807,0.013003480476908807,0.0,0.0,0.0,0.0,0.0,0.0,0.0,43367.62,563.93,0.0,0.5494559473322984,4.0,M-107-09,0,val,normal
42.0,180497.87,36708.79,5171.587142857143,11484.179674401837,20.0,10.0,10.0,0.16900397989638072,11.629434954007884,0.006367616610794293,0.006367616610794293,0.0,0.0,0.0,0.0,0.0,0.0,0.0,74702.99,475.68,0.0,0.35672682210446055,4.0,M-107-10,0,val,normal
48.0,136344.38,49862.26000000001,3879.305,6308.852842152644,22.0,10.0,12.0,0.2677791726438972,11.629434954007884,0.016889679863191297,0.02300625429158055,0.0,0.0,0.0,0.0,0.0,0.0,0.0,41389.18,699.05,0.0,0.5294090159571586,4.0,M-107-11,0,val,normal
46.0,167337.06,48079.89,4682.977173913043,11040.174899197391,23.0,12.0,11.0,0.22319455363192173,11.629434954007884,0.008396069682191122,0.008396069682191122,0.0,0.0,0.0,0.0,0.0,0.0,0.0,75762.83,636.11,0.0,0.4902428021361946,4.0,M-107-12,0,val,normal
44.0,140303.62,78072.50000000001,4963.093636363635,10258.86766153801,22.0,9.0,13.0,0.3575139076562036,11.629434954007884,0.720430881460125,0.720430881460125,0.0,0.0,0.0,0.0,0.0,0.0,0.0,58769.76,42339.549999999996,0.0,0.5074708764289602,5.0,M-107-13,0,val,quick_benign
42.0,144904.29,37049.009999999995,4332.221428571428,8240.445440149104,24.0,13.0,11.0,0.20361823610783644,11.629434954007884,0.026744113786629355,0.026744113786629355,0.0,0.0,0.0,0.0,0.0,0.0,0.0,53102.9,1420.19,0.0,0.3673968616165452,4.0,M-107-14,0,val,normal
46.0,183021.38999999998,47000.6,5000.4780434782615,11761.427874005669,25.0,11.0,14.0,0.20433089897187653,11.629434954007884,0.0,0.0,0.0,0.0,0.0,0.0,0.0,0.0,0.0,80327.89,0.0,0.0,0.4913422381841934,4.0,M-108-00,0,test,normal
48.0,171544.90000000002,51424.700000000004,4645.2,10604.517088170494,24.0,13.0,11.0,0.2306354767645455,11.629434954007884,0.0,0.03611087114439133,0.0,0.0,0.0,0.0,0.0,0.0,0.0,73621.32,0.0,0.0,0.5190682687502309,4.0,M-108-01,0,test,normal
46.0,138717.97999999998,44459.64,3982.1221739130433,9226.728509592664,23.0,12.0,11.0,0.2427132746893425,11.629434954007884,0.005288763693191835,0.005288763693191835,0.0,0.0,0.0,0.0,0.0,0.0,0.0,63470.41,335.68,0.0,0.514573442340064,4.0,M-108-02,0,test,normal
47.0,129614.72,77335.54999999999,4403.197234042553,7304.932146097464,23.0,11.0,12.0,0.37369146703698425,11.629434954007884,0.8308388421143557,0.8415749947918518,0.0,0.0,0.0,0.0,0.0,0.0,0.0,39361.4,32702.98,0.0,0.42287124097520484,5.0,M-108-03,0,test,quick_benign
46.0,149767.31,51386.65,4372.912173913044,8225.488124758762,22.0,12.0,11.0,0.25545930092551994,11.629434954007884,0.0,0.019217863144258832,0.0,0.0,22.0,1.0,1.0,0.0,0.0,55742.93,0.0,3500.0,0.34615138367649967,4.0,M-108-04,0,test,benign_cycle
42.0,155299.72000000003,34084.74,4509.153809523808,10697.325290709234,22.0,10.0,12.0,0.17997643523655535,11.629434954007884,0.0,0.0,0.0,0.0,0.0,0.0,0.0,0.0,0.0,70313.07,0.0,0.0,0.34945902477178936,4.0,M-108-05,0,test,normal
48.0,141408.08000000002,47097.15,3927.1922916666663,6308.626403086307,24.0,11.0,14.0,0.24984532259396733,11.629434954007884,0.014213948687093622,0.014213948687093622,0.0,584.93,22.0,1.0,1.0,0.0,0.0,41151.83,584.93,3500.0,0.48988696768275786,4.0,M-108-06,0,test,benign_cycle
49.0,230093.77,77028.28,6267.796938775511,11037.300523678085,31.0,11.0,20.0,0.2508067395356341,11.629434954007884,0.0,0.0,0.0,0.0,0.0,0.0,0.0,0.0,0.0,51684.74,0.0,0.0,0.09605095686934721,5.0,M-108-07,0,test,seasonal
40.0,187462.96000000002,30555.800000000003,5450.468999999999,13802.000506454453,24.0,13.0,11.0,0.1401521593829816,11.629434954007884,0.004184233345504161,0.004184233345504161,0.0,0.0,0.0,0.0,0.0,0.0,0.0,88764.17,371.41,0.0,0.22427984212489935,4.0,M-108-08,0,test,normal
47.0,131527.79,48244.66,3824.9457446808506,5137.81082998443,25.0,12.0,14.0,0.26836514716242676,11.629434954007884,0.07982309744189235,0.08922068533237966,0.0,2490.95,22.0,1.0,1.0,0.0,0.0,31205.88,2490.95,3500.0,0.38242325679152883,4.0,M-108-09,0,test,benign_cycle
47.0,156953.78,51096.85999999999,4426.609361702128,8530.499009926129,22.0,11.0,11.0,0.2455981870567665,11.629434954007884,0.009099176656115865,0.009099176656115865,0.0,0.0,0.0,0.0,0.0,0.0,0.0,57673.35,524.78,0.0,0.5123512481980302,4.0,M-108-10,0,test,normal
47.0,170268.40000000002,45581.54,4592.551914893618,12268.180156761126,24.0,13.0,11.0,0.2111723542753822,11.629434954007884,0.005741836947431792,0.005741836947431792,0.0,0.0,0.0,0.0,0.0,0.0,0.0,85378.6,490.23,0.0,0.533627867772787,4.0,M-108-11,0,test,normal
42.0,171842.59999999998,34813.18,4920.375714285714,11682.935300250074,25.0,13.0,13.0,0.16845974499237332,11.629434954007884,0.0036809648175242372,0.0036809648175242372,0.0,282.66,22.0,1.0,1.0,0.0,0.0,76789.65,282.66,3500.0,0.207662442787473,4.0,M-108-12,0,test,benign_cycle
47.0,175060.26,49695.7,4782.04170212766,9533.612224899794,23.0,12.0,11.0,0.2211095981614903,11.629434954007884,0.0,0.009043131037317596,0.0,0.0,0.0,0.0,0.0,0.0,0.0,64371.51,0.0,0.0,0.49551973309562,4.0,M-109-00,0,test,normal
74.0,218316.87000000002,105367.1,4374.107702702701,9166.862512376576,35.0,17.0,18.0,0.3255246158776415,11.629434954007884,0.11765868433506861,0.11765868433506861,0.0,0.0,0.0,0.0,0.0,0.0,0.0,79237.5,9322.98,0.0,0.2056969395570344,4.0,M-109-01,0,test,business
45.0,119903.72,45029.06,3665.172888888889,5132.091107065476,23.0,11.0,12.0,0.27301461844031244,11.629434954007884,0.0,0.0,0.0,0.0,0.0,0.0,0.0,0.0,0.0,31284.71,0.0,0.0,0.43778839709289963,4.0,M-109-02,0,test,normal
42.0,136337.4,41229.83999999999,4227.791428571429,9154.097431015347,23.0,11.0,12.0,0.23219283016394235,11.629434954007884,0.0,0.007308313030164361,0.0,0.0,0.0,0.0,0.0,0.0,0.0,60401.08,0.0,0.0,0.346560888909586,4.0,M-109-03,0,test,normal
43.0,168559.25,41266.55,4879.669767441859,10262.62108057479,24.0,12.0,12.0,0.19667052383453326,11.629434954007884,0.01910275590119389,0.01910275590119389,0.0,0.0,0.0,0.0,0.0,0.0,0.0,67471.94,1288.9,0.0,0.37061663744606704,4.0,M-109-04,0,test,normal
72.0,190154.41999999998,102553.79,4065.391805555556,4273.025375425319,36.0,18.0,18.0,0.35036185011687915,11.629434954007884,0.0,0.013831055025123452,0.0,0.0,0.0,0.0,0.0,0.0,0.0,30023.74,0.0,0.0,0.16568943965893412,4.0,M-109-05,0,test,business
46.0,189590.01000000004,47157.369999999995,5146.682173913043,11391.575978521014,25.0,12.0,14.0,0.1991885612419449,11.629434954007884,0.0075587179181134155,0.0075587179181134155,0.0,586.42,22.0,1.0,1.0,0.0,0.0,77581.94,586.42,3500.0,0.3974621570286893,4.0,M-109-06,0,test,benign_cycle
44.0,175648.25999999998,37330.08,4840.416818181818,11741.63026858315,22.0,10.0,12.0,0.17527641543266795,11.629434954007884,0.01897798085094069,0.024567606204411483,0.0,0.0,0.0,0.0,0.0,0.0,0.0,78443.54,1488.7,0.0,0.4029324341121155,4.0,M-109-07,0,test,normal
40.0,162099.43,31703.890000000003,4845.083,11502.239920797427,25.0,12.0,13.0,0.16358796123822855,11.629434954007884,0.006471700534016675,0.006471700534016675,0.0,0.0,0.0,0.0,0.0,0.0,0.0,73731.78,477.17,0.0,0.19236882287946366,4.0,M-109-08,0,test,normal
45.0,157958.45999999996,40343.08,4406.7008888888895,10473.603742438483,25.0,13.0,13.0,0.20344309983674358,11.629434954007884,0.008643286347694661,0.008643286347694661,0.0,615.4,22.0,1.0,1.0,0.0,0.0,71199.77,615.4,3500.0,0.3465397287465409,4.0,M-109-09,0,test,benign_cycle
42.0,163574.77000000005,37725.85999999999,4792.8721428571425,11858.448185409048,23.0,11.0,12.0,0.18741054113938935,11.629434954007884,0.006777085824987291,0.011034420374799268,0.0,0.0,0.0,0.0,0.0,0.0,0.0,78269.63,530.44,0.0,0.31790236193422766,4.0,M-109-10,0,test,normal
41.0,138523.29,36465.93,4268.029756097561,7999.883208299764,23.0,11.0,12.0,0.20838957965524962,11.629434954007884,0.0,0.0,0.0,0.0,0.0,0.0,0.0,0.0,0.0,50919.91,0.0,0.0,0.30089538371844626,4.0,M-109-11,0,test,normal
46.0,142541.58000000002,46419.59999999999,4107.851739130435,8557.066047453643,25.0,13.0,12.0,0.2456568063345074,11.629434954007884,0.009451623887499074,0.009451623887499074,0.0,0.0,0.0,0.0,0.0,0.0,0.0,58265.12,550.7,0.0,0.4645253298175771,4.0,M-109-12,0,test,normal
46.0,165980.92,50534.119999999995,4706.848695652174,10420.11324034199,22.0,10.0,12.0,0.23339773532591546,11.629434954007884,0.03601584687749671,0.04384849301757277,0.0,0.0,0.0,0.0,0.0,0.0,0.0,71481.59,2574.47,0.0,0.4619108831815019,4.0,M-110-00,0,train,normal
48.0,176308.41000000003,52403.84999999999,4764.83875,11878.63076397392,23.0,10.0,13.0,0.2291256708319877,11.629434954007884,0.028389175674339063,0.03516486501200548,0.0,0.0,0.0,0.0,0.0,0.0,0.0,83207.77,2362.2,0.0,0.5323597407442393,4.0,M-110-01,0,train,normal
42.0,138946.20999999996,34098.630000000005,4120.115238095237,7406.97563677589,21.0,9.0,12.0,0.1970508337607756,11.629434954007884,0.0070566900150628095,0.0070566900150628095,0.0,0.0,0.0,0.0,0.0,0.0,0.0,46385.77,327.33,0.0,0.36957555186234753,4.0,M-110-02,0,train,normal
46.0,146069.22999999998,49359.729999999996,4248.455652173913,7592.217763196347,23.0,12.0,11.0,0.2525712156478753,11.629434954007884,0.028814140989189614,0.035238078433417315,0.0,0.0,0.0,0.0,0.0,0.0,0.0,50439.47,1453.37,0.0,0.4221518229536507,4.0,M-110-03,0,train,normal
46.0,132259.36000000002,46609.22,3888.447391304348,6577.594609149681,21.0,10.0,11.0,0.2605780176708508,11.629434954007884,0.0,0.013613821545740252,0.0,0.0,0.0,0.0,0.0,0.0,0.0,43490.36,0.0,0.0,0.44115971046072,4.0,M-110-04,0,train,normal
43.0,175105.53,40154.40000000001,5006.04488372093,11424.499536414362,23.0,11.0,12.0,0.1865391296931111,11.629434954007884,0.008172664660049875,0.008172664660049875,0.0,0.0,0.0,0.0,0.0,0.0,0.0,75719.49,618.83,0.0,0.39808489231566146,4.0,M-110-05,0,train,normal
46.0,164864.35,47614.51,4619.105652173914,11768.898382602349,22.0,10.0,12.0,0.22409057541065497,11.629434954007884,0.0034362321136149464,0.0034362321136149464,0.0,0.0,0.0,0.0,0.0,0.0,0.0,81126.65,278.77,0.0,0.4810119856321109,4.0,M-110-06,0,train,normal
48.0,138129.25,52054.25,3962.1562500000005,6506.86147587511,23.0,12.0,12.0,0.2737053950526728,11.629434954007884,0.04510356557239671,0.05542384765536213,0.0,1964.53,22.0,1.0,1.0,0.0,0.0,43555.98,1964.53,3500.0,0.40166787534159076,4.0,M-110-07,0,train,benign_cycle
43.0,140897.74,38318.13999999999,4167.811162790697,6408.920937128115,21.0,10.0,11.0,0.21380995925137883,11.629434954007884,0.0,0.0,0.0,0.0,0.0,0.0,0.0,0.0,0.0,39001.88,0.0,0.0,0.4039319236267732,4.0,M-110-08,0,train,normal
45.0,121883.12000000002,65352.76,4160.797333333334,6374.610548519772,25.0,12.0,13.0,0.34903972465106575,11.629434954007884,0.5958700903382583,0.5958700903382583,0.0,0.0,0.0,0.0,0.0,0.0,0.0,37333.02,22245.63,0.0,0.33135631915163183,5.0,M-110-09,0,train,quick_benign
46.0,187265.92,50856.95999999999,5176.584347826088,12529.003352928523,21.0,11.0,10.0,0.21357443686217797,11.629434954007884,0.004865760267935304,0.004865760267935304,0.0,0.0,0.0,0.0,0.0,0.0,0.0,86187.97,419.37,0.0,0.4432262565438438,4.0,M-110-10,0,train,normal
41.0,133024.43,31807.440000000002,4020.289512195122,7655.748345079663,23.0,11.0,12.0,0.19296899319288197,11.629434954007884,0.0,0.04621884632338824,0.0,0.0,0.0,0.0,0.0,0.0,0.0,48229.46,0.0,0.0,0.33766565306733265,4.0,M-110-11,0,train,normal
41.0,134448.18,31226.07,4040.8353658536585,7520.582279839416,22.0,9.0,13.0,0.18847871651750348,11.629434954007884,0.012276819794876699,0.012276819794876699,0.0,0.0,0.0,0.0,0.0,0.0,0.0,47484.61,582.96,0.0,0.32359787831129566,4.0,M-111-00,0,train,normal
48.0,193107.75,83280.38,5758.0860416666665,13600.414972280523,23.0,10.0,14.0,0.3013167750727935,11.629434954007884,0.49049734788951665,0.49049734788951665,0.0,11156.25,46.125,1.0,1.0,0.0,0.0,87950.71,43139.59,11156.25,0.5106397209042514,4.0,M-111-01,1,train,partial
49.0,180281.38999999996,51478.869999999995,4729.8012244897955,11256.91460188579,23.0,12.0,12.0,0.22212121267036894,11.629434954007884,0.0,0.0,0.0,0.0,22.0,1.0,1.0,0.0,0.0,79291.05,0.0,3500.0,0.48125298787638504,4.0,M-111-02,0,train,benign_cycle
46.0,153960.89,101448.19000000002,5552.371304347826,12888.870678402054,25.0,12.0,13.0,0.3971988388196693,11.629434954007884,0.7341625788177221,0.7341625788177221,0.0,0.0,0.0,0.0,0.0,0.0,0.0,73771.48,54160.26,0.0,0.5309579204912379,5.0,M-111-03,0,train,quick_benign
43.0,132240.62,39092.11,3984.482093023256,6537.793841913041,24.0,12.0,12.0,0.2281648696078093,11.629434954007884,0.009561720077030704,0.009561720077030704,0.0,0.0,0.0,0.0,0.0,0.0,0.0,40674.69,388.92,0.0,0.38752193217506037,4.0,M-111-04,0,train,normal
41.0,124258.91,33281.6,3842.4514634146344,5418.025203454763,23.0,11.0,12.0,0.21125740928476108,11.629434954007884,0.037120669696484414,0.04912322817120728,0.0,0.0,0.0,0.0,0.0,0.0,0.0,31159.19,1156.65,0.0,0.2983125811259074,4.0,M-111-05,0,train,normal
73.0,181197.26,100341.77,3856.6990410958906,4132.066712515651,35.0,18.0,17.0,0.35640447436364325,11.629434954007884,0.03135314549614577,0.042759780908938866,0.0,0.0,0.0,0.0,0.0,0.0,0.0,30790.85,965.39,0.0,0.20300877690317803,4.0,M-111-06,0,train,business
42.0,122740.11,35474.18,3767.0069047619045,6506.393560010795,23.0,10.0,13.0,0.2242160300438096,11.629434954007884,0.015280188107127172,0.015280188107127172,0.0,0.0,0.0,0.0,0.0,0.0,0.0,41240.33,630.16,0.0,0.3070230235061106,4.0,M-111-07,0,train,normal
76.0,237325.26999999996,110082.01,4571.148421052631,9471.2793220678,38.0,20.0,18.0,0.31686730917095346,11.629434954007884,0.0,0.040631497588617733,0.0,0.0,0.0,0.0,0.0,0.0,0.0,83425.18,0.0,0.0,0.2503957731149713,4.0,M-111-08,0,train,business
51.0,139889.19,80180.67000000001,4315.095294117647,8775.385656774015,27.0,14.0,14.0,0.36434189579618037,11.629434954007884,0.6560580846156443,0.6666899124539183,0.0,6996.950000000001,45.583333333333336,1.0,1.0,0.0,0.0,54490.16,35748.71,6996.950000000001,0.4393101230009676,4.0,M-111-09,1,train,partial
43.0,163025.27,74945.48999999999,5534.2037209302325,10109.400267301997,23.0,12.0,11.0,0.3149357089081028,11.629434954007884,0.01577931728056392,0.023910491360338258,0.0,0.0,0.0,0.0,0.0,0.0,0.0,54013.11,852.29,0.0,0.5504824906742221,4.0,M-111-10,1,train,delayed
70.0,243314.66999999998,101752.13,4929.5257142857145,10118.576039840018,38.0,20.0,18.0,0.2948766151945073,11.629434954007884,0.0,0.0,0.0,0.0,0.0,0.0,0.0,0.0,0.0,84777.89,0.0,0.0,0.13877458879730575,4.0,M-111-11,0,train,business
42.0,185616.53,33286.86,5211.985476190476,12262.398918152034,23.0,10.0,13.0,0.15206187533230983,11.629434954007884,0.00819912848144646,0.015229311440306982,0.0,0.0,0.0,0.0,0.0,0.0,0.0,79952.4,655.54,0.0,0.3562555915457331,4.0,M-111-12,0,train,normal
47.0,177671.13999999998,49265.909999999996,4828.447872340425,11705.624009205898,22.0,10.0,12.0,0.2170906425372146,11.629434954007884,0.010278679621678949,0.010278679621678949,0.0,0.0,0.0,0.0,0.0,0.0,0.0,81167.04,834.29,0.0,0.5204941916225642,4.0,M-111-13,0,train,normal
43.0,160870.34000000005,36671.35999999999,4593.9930232558145,11114.509733527266,23.0,11.0,12.0,0.1856385765638343,11.629434954007884,0.0206785802061751,0.0206785802061751,0.0,0.0,0.0,0.0,0.0,0.0,0.0,73685.91,1523.72,0.0,0.371363101886595,4.0,M-111-14,0,train,normal
46.0,130480.68,64167.45999999999,4231.481304347826,6012.783986371332,24.0,9.0,15.0,0.32965873704213144,11.629434954007884,0.64144493483498,0.6561117235608814,0.0,0.0,0.0,0.0,0.0,0.0,0.0,33535.63,21511.26,0.0,0.33523627084506696,5.0,M-112-00,0,train,quick_benign
51.0,222298.15999999997,81892.72000000002,5964.52705882353,12105.145595739856,33.0,12.0,21.0,0.2692149087441412,11.629434954007884,0.0234962595832286,0.0234962595832286,0.0,0.0,0.0,0.0,0.0,0.0,0.0,67833.35,1593.83,0.0,0.15120403864958934,5.0,M-112-01,0,train,seasonal
46.0,140646.26,46101.05,4059.7241304347817,7241.152016435248,21.0,10.0,11.0,0.24686326137709835,11.629434954007884,0.0,0.034787621189191556,0.0,0.0,0.0,0.0,0.0,0.0,0.0,47464.01,0.0,0.0,0.47336839399536446,4.0,M-112-02,0,train,normal
42.0,173300.71,34232.51,4941.267142857143,9999.441275047342,23.0,10.0,13.0,0.16494954398144065,11.629434954007884,0.0051417581859538155,0.0051417581859538155,0.0,0.0,0.0,0.0,0.0,0.0,0.0,64195.94,330.08,0.0,0.33074904527888843,4.0,M-112-03,0,train,normal
74.0,178461.24000000002,113134.94,3940.488918918919,4398.338254183316,38.0,18.0,20.0,0.38798498663459857,11.629434954007884,0.08073051115698329,0.08073051115698329,0.0,0.0,0.0,0.0,0.0,0.0,0.0,33760.47,2725.5,0.0,0.21304170046848478,4.0,M-112-04,0,train,business
49.0,172042.77999999997,111704.41,5790.758979591837,12392.168416450546,23.0,12.0,11.0,0.3936758281200952,11.629434954007884,0.8486853011185475,0.8695312812683518,0.0,0.0,0.0,0.0,0.0,0.0,0.0,68709.65,58312.87,0.0,0.5220283603843393,5.0,M-112-05,0,train,quick_benign
47.0,166606.12,45564.729999999996,4514.273404255319,9858.556477437161,23.0,11.0,13.0,0.2147549015333633,11.629434954007884,0.008938808040853676,0.008938808040853676,0.0,605.64,22.0,1.0,1.0,0.0,0.0,67754.0,605.64,3500.0,0.4622200109602318,4.0,M-112-06,0,train,benign_cycle
49.0,152328.57999999996,50093.649999999994,4131.065918367347,6241.042466443134,21.0,11.0,11.0,0.24747109050226346,11.629434954007884,0.010379978148983391,0.010379978148983391,0.0,417.84,22.0,1.0,1.0,0.0,0.0,40254.42,417.84,3500.0,0.4908642113321749,4.0,M-112-07,0,train,benign_cycle
41.0,146992.9,34583.270000000004,4428.687073170732,6420.210666189231,23.0,11.0,12.0,0.1904615016386787,11.629434954007884,0.0,0.0,0.0,0.0,0.0,0.0,0.0,0.0,0.0,36816.98,0.0,0.0,0.2448319664392638,4.0,M-112-08,0,train,normal
46.0,178862.21,48867.729999999996,4950.650869565216,11824.161634274049,20.0,10.0,10.0,0.2145863209729911,11.629434954007884,0.0,0.0,0.0,0.0,0.0,0.0,0.0,0.0,0.0,81220.51,0.0,0.0,0.46635028883068647,4.0,M-112-09,0,train,normal
44.0,153340.96,83189.66999999998,5375.6961363636365,10929.169399153228,25.0,13.0,13.0,0.3517078105275413,12.155059132720105,0.039352323219550255,0.9247791541354811,0.0,2228.21,43.0,1.0,1.0,0.0,0.0,56622.07,2228.21,6009.84,0.6026553537236055,4.0,M-112-10,1,train,delayed
47.0,146713.25,47058.58,4122.804893617021,7434.988063510822,21.0,10.0,11.0,0.24285563076944675,11.629434954007884,0.053144732180268904,0.06203538627550269,0.0,0.0,0.0,0.0,0.0,0.0,0.0,49449.68,2627.99,0.0,0.5147745639583685,4.0,M-112-11,0,train,normal
41.0,131598.81,39752.12999999999,4179.291219512195,5688.121522109804,25.0,11.0,14.0,0.23199248279583404,11.629434954007884,0.08019248505946293,0.09620283464983675,0.0,0.0,0.0,0.0,0.0,0.0,0.0,33253.49,2666.68,0.0,0.2322212671371321,4.0,M-112-12,0,train,normal
40.0,175222.35,25010.85,5005.83,13299.0859031653,24.0,12.0,12.0,0.12490860656474549,11.629434954007884,0.005449738872772235,0.009827733593955553,0.0,0.0,0.0,0.0,0.0,0.0,0.0,85477.49,465.83,0.0,0.27491988477000984,4.0,M-112-13,0,train,normal
40.0,153874.88,31017.08,4622.299000000001,9707.322957830545,20.0,10.0,10.0,0.1677578624835823,11.629434954007884,0.0,0.0,0.0,0.0,0.0,0.0,0.0,0.0,0.0,61810.99,0.0,0.0,0.19476172483031928,4.0,M-112-14,0,train,normal
46.0,143965.75,42575.33,4055.240869565218,6747.66138837128,25.0,12.0,14.0,0.22823567870412242,11.629434954007884,0.010281892539285034,0.01699453892238688,0.0,447.4,22.0,1.0,1.0,0.0,0.0,43513.39,447.4,3500.0,0.4061948550956622,4.0,M-113-00,0,train,benign_cycle
41.0,140701.27,31158.0,4191.689512195122,8740.196046849613,19.0,10.0,9.0,0.1812995016212975,11.629434954007884,0.009075576544108508,0.009075576544108508,0.0,0.0,0.0,0.0,0.0,0.0,0.0,56327.0,511.2,0.0,0.2752827524231337,4.0,M-113-01,0,train,normal
43.0,135598.57,41464.990000000005,4117.7572093023255,7449.970028943093,22.0,11.0,11.0,0.23418138661619595,11.629434954007884,0.026328868059375447,0.026328868059375447,0.0,0.0,0.0,0.0,0.0,0.0,0.0,48230.71,1269.86,0.0,0.3815647851356047,4.0,M-113-02,0,train,normal
46.0,147081.19,51586.14,4318.855000000001,7940.432686094015,23.0,13.0,10.0,0.25966091153487586,11.629434954007884,0.0,0.0,0.0,0.0,0.0,0.0,0.0,0.0,0.0,53376.32,0.0,0.0,0.4266500653082398,4.0,M-113-03,0,train,normal
50.0,128868.75,52390.5,3625.185,7221.4692401957245,23.0,11.0,13.0,0.28903628366552325,11.629434954007884,0.03116809665393892,0.0364237481309861,0.0,1599.25,22.0,1.0,1.0,0.0,0.0,51310.48,1599.25,3500.0,0.5166041553335051,4.0,M-113-04,0,train,benign_cycle
42.0,136145.71,34687.03,4067.44619047619,7670.5747115668155,21.0,11.0,11.0,0.20304673448426808,11.629434954007884,0.020965598640879917,0.03252107817635851,0.0,1034.52,22.0,1.0,1.0,0.0,0.0,49343.69,1034.52,3500.0,0.2313074944727179,4.0,M-113-05,0,train,benign_cycle
51.0,232398.88000000003,83946.31,6202.846862745098,12979.60648520616,30.0,11.0,19.0,0.26536300425494064,11.629434954007884,0.007681363176923142,0.007681363176923142,0.0,0.0,0.0,0.0,0.0,0.0,0.0,74705.49,573.84,0.0,0.16481689308321,5.0,M-113-06,0,train,seasonal
44.0,157298.09,101217.46999999999,5875.353636363637,12965.66917797414,23.0,11.0,12.0,0.391533376172792,11.629434954007884,0.7913381420581171,0.7913381420581171,0.0,0.0,0.0,0.0,0.0,0.0,0.0,70855.93,56071.0,0.0,0.5509268311092937,5.0,M-113-07,0,train,quick_benign
44.0,148861.05,40494.299999999996,4303.530681818182,7284.769292121624,23.0,13.0,11.0,0.21385347707366067,11.629434954007884,0.0,0.0554797320724339,0.0,0.0,22.0,1.0,1.0,0.0,0.0,46694.71,0.0,3500.0,0.24565161022662452,4.0,M-113-08,0,train,benign_cycle
47.0,185934.35000000003,55154.42,5129.548297872339,12636.339583117955,22.0,11.0,11.0,0.2287722484958549,11.629434954007884,0.022413470562887353,0.028920365938930635,0.0,0.0,0.0,0.0,0.0,0.0,0.0,88254.07,1978.08,0.0,0.42700621273870704,4.0,M-113-09,0,train,normal
48.0,175335.95,56505.450000000004,4830.029166666666,9545.918791068698,25.0,13.0,12.0,0.24372458930976093,11.629434954007884,0.0,0.0,0.0,0.0,0.0,0.0,0.0,0.0,0.0,65545.16,0.0,0.0,0.5006600248294634,4.0,M-113-10,0,train,normal
50.0,177699.53000000003,54847.860000000015,4650.9478,11075.069070584128,23.0,12.0,12.0,0.23585670000424436,11.629434954007884,0.0,0.021211646857678977,0.0,0.0,22.0,1.0,1.0,0.0,0.0,78831.22,0.0,3500.0,0.4830872161648603,4.0,M-113-11,0,train,benign_cycle
46.0,157792.21999999997,50369.590000000004,4525.256739130434,9799.161376751686,23.0,11.0,12.0,0.24197325148162388,11.629434954007884,0.006733508961146631,0.006733508961146631,0.0,0.0,0.0,0.0,0.0,0.0,0.0,67100.23,451.82,0.0,0.4602876457799239,4.0,M-113-12,0,train,normal
44.0,129989.05,58738.219999999994,4289.256136363637,7321.624511745146,26.0,13.0,14.0,0.3112333474648364,12.155059132720105,0.018005918441147226,0.827493754109483,0.0,687.63,42.0,1.0,1.0,0.0,0.0,38189.11,687.63,4666.72,0.5262948043028883,4.0,M-113-13,1,train,delayed
49.0,190411.93999999994,50488.00000000001,4916.325306122449,12595.757825373817,25.0,13.0,13.0,0.20958079109525726,11.629434954007884,0.003954524260004842,0.003954524260004842,0.0,352.81,22.0,1.0,1.0,0.0,0.0,89216.8,352.81,3500.0,0.4989054824908889,4.0,M-114-00,0,train,benign_cycle
46.0,187027.76,45888.520000000004,5063.397391304347,12851.147712034946,27.0,14.0,14.0,0.1970172286797643,11.629434954007884,0.0,0.0,0.0,0.0,22.0,1.0,1.0,0.0,0.0,88630.69,0.0,3500.0,0.395386471387615,4.0,M-114-01,0,train,benign_cycle
48.0,149666.88,53661.22,4236.002083333334,8918.890085847042,22.0,10.0,12.0,0.26391443189603403,11.629434954007884,0.00481279590901882,0.00481279590901882,0.0,0.0,0.0,0.0,0.0,0.0,0.0,62107.35,298.91,0.0,0.48459166601132064,4.0,M-114-02,0,train,normal
43.0,176008.63000000003,36712.84,4947.010930232559,12723.776562944431,22.0,11.0,11.0,0.17258643427012793,11.629434954007884,0.01687309496031576,0.01687309496031576,0.0,0.0,0.0,0.0,0.0,0.0,0.0,84830.91,1431.36,0.0,0.40172511851439446,4.0,M-114-03,0,train,normal
45.0,161767.06000000003,42207.46,4532.767111111111,10761.86457237316,23.0,10.0,14.0,0.20692515908359532,11.629434954007884,0.0,0.0,0.0,0.0,22.0,1.0,1.0,0.0,0.0,73421.3,0.0,3500.0,0.34961497327723584,4.0,M-114-04,0,train,benign_cycle
44.0,133896.0,42053.47000000001,3998.85159090909,6150.591941725071,24.0,12.0,12.0,0.23900879042147735,11.629434954007884,0.066605035123126,0.066605035123126,0.0,0.0,0.0,0.0,0.0,0.0,0.0,37935.12,2526.67,0.0,0.43490846296393604,4.0,M-114-05,0,train,normal
43.0,171122.90999999997,35414.31,4803.1911627906975,12078.860648704202,25.0,13.0,13.0,0.17146696367850792,11.629434954007884,0.0,0.004745606807860879,0.0,0.0,22.0,1.0,1.0,0.0,0.0,80579.79,0.0,3500.0,0.32403878545141784,4.0,M-114-06,0,train,benign_cycle
48.0,139993.81,56960.88,4103.222708333334,5137.779826251858,22.0,10.0,13.0,0.28920804069199874,11.629434954007884,0.08677950061039429,0.08677950061039429,0.0,2640.8,22.0,1.0,1.0,0.0,0.0,30431.15,2640.8,3500.0,0.41420532828846746,4.0,M-114-07,0,train,benign_cycle
40.0,132966.69,33908.520000000004,4171.88025,6540.8928837760695,23.0,12.0,11.0,0.2031968678870876,11.629434954007884,0.0,0.027328608289176406,0.0,0.0,0.0,0.0,0.0,0.0,0.0,38887.82,0.0,0.0,0.2217239207137321,4.0,M-114-08,0,train,normal
43.0,167966.32,42258.799999999996,4888.956279069767,11153.44700246041,24.0,11.0,13.0,0.20101689084539467,11.629434954007884,0.006052060722900016,0.006052060722900016,0.0,0.0,0.0,0.0,0.0,0.0,0.0,74149.95,448.76,0.0,0.3678161708330573,4.0,M-114-09,0,train,normal
48.0,157900.37,101019.59000000001,5394.1658333333335,11201.278981306634,27.0,10.0,17.0,0.3901575992828054,11.629434954007884,0.7958126640106483,0.7958126640106483,0.0,0.0,0.0,0.0,0.0,0.0,0.0,74625.49,59387.91,0.0,0.1980511898731721,4.0,M-114-10,1,train,split_no_return
43.0,155390.97999999998,39289.24,4527.446976744186,9498.030764476987,21.0,11.0,10.0,0.2018142367005749,11.629434954007884,0.01531879310921623,0.022021145255139013,0.0,0.0,0.0,0.0,0.0,0.0,0.0,62473.59,957.02,0.0,0.37748019559553714,4.0,M-114-11,0,train,normal
42.0,140301.19,41439.579999999994,4327.16119047619,5908.387413014856,27.0,14.0,14.0,0.22801477070885084,11.629434954007884,0.00899450694879204,0.00899450694879204,0.0,311.62,22.0,1.0,1.0,0.0,0.0,34645.59,311.62,3500.0,0.21451882475642853,4.0,M-114-12,0,train,benign_cycle
73.0,228623.68999999997,108747.67,4621.525479452054,8814.420310800797,39.0,19.0,20.0,0.32233817950640503,11.629434954007884,0.07790766591095336,0.07790766591095336,0.0,0.0,0.0,0.0,0.0,0.0,0.0,75487.18,5881.03,0.0,0.18950934764855193,4.0,M-114-13,0,train,business
42.0,154653.4,39291.66,4617.739523809524,9915.521013103877,19.0,10.0,9.0,0.20259170303177612,11.629434954007884,0.006973758887330705,0.006973758887330705,0.0,0.0,0.0,0.0,0.0,0.0,0.0,64876.06,452.43,0.0,0.3287048701938274,4.0,M-114-14,0,train,normal
41.0,131204.00999999998,34198.270000000004,4034.201951219512,7943.324475944418,22.0,10.0,12.0,0.20675815351517526,11.629434954007884,0.0062707298676618955,0.0062707298676618955,0.0,0.0,0.0,0.0,0.0,0.0,0.0,51043.5,320.08,0.0,0.2754291372048937,4.0,M-115-00,0,train,normal
44.0,163055.09000000003,42396.270000000004,4669.349090909091,10742.36052720571,23.0,12.0,11.0,0.20635672599100832,11.629434954007884,0.012840336844081902,0.0184223673448299,0.0,0.0,0.0,0.0,0.0,0.0,0.0,71998.89,924.49,0.0,0.4256648049462841,4.0,M-115-01,0,train,normal
45.0,154849.19999999995,51121.43000000001,4577.125111111111,8641.657817373192,21.0,10.0,11.0,0.24819766779370442,11.629434954007884,0.0391082249827067,0.04774607224663764,0.0,0.0,0.0,0.0,0.0,0.0,0.0,57941.52,2265.99,0.0,0.4208728120477067,4.0,M-115-02,0,train,normal
47.0,143770.07,51588.14,4156.557659574468,6499.956135221946,26.0,13.0,14.0,0.26406947524754654,11.629434954007884,0.057497945894458426,0.06942120762979136,0.0,2433.88,22.0,1.0,1.0,0.0,0.0,42329.86,2433.88,3500.0,0.4185729510697614,4.0,M-115-03,0,train,benign_cycle
43.0,144779.96000000002,37877.159999999996,4247.84,7276.163826021077,25.0,12.0,13.0,0.20736755293196343,11.629434954007884,0.057782886058090635,0.06721700481134818,0.0,0.0,0.0,0.0,0.0,0.0,0.0,45816.68,2647.42,0.0,0.38431313224117125,4.0,M-115-04,0,train,normal
44.0,161331.19,41567.57,4611.335454545455,9706.829542855954,22.0,10.0,12.0,0.20486852654989118,11.629434954007884,0.0162533246813813,0.0262264755635433,0.0,0.0,0.0,0.0,0.0,0.0,0.0,64370.83,1046.24,0.0,0.3966837609222767,4.0,M-115-05,0,train,normal
46.0,175290.72,106776.29000000001,6131.891521739132,15170.531590312783,20.0,8.0,12.0,0.3785493737817832,11.629434954007884,0.763389856363327,0.763389856363327,0.0,0.0,0.0,0.0,0.0,0.0,0.0,85483.74,65257.42,0.0,0.6082870082862027,5.0,M-115-06,0,train,quick_benign
76.0,172498.02,122467.9,3881.13052631579,5411.72917167592,35.0,16.0,19.0,0.4151933891210211,11.629434954007884,0.05361177032683775,0.06264548350387741,0.0,0.0,0.0,0.0,0.0,0.0,0.0,45774.09,2454.03,0.0,0.22600036417706193,4.0,M-115-07,0,train,business
72.0,231459.81999999998,97519.68000000001,4569.159722222223,9901.090754960476,35.0,18.0,17.0,0.29643087183243944,11.629434954007884,0.02521053698530068,0.02972204803476158,0.0,0.0,0.0,0.0,0.0,0.0,0.0,84599.15,2132.79,0.0,0.17462382977466698,4.0,M-115-08,0,train,business
43.0,167009.08,38230.340000000004,4773.009767441861,8289.442668642681,26.0,13.0,13.0,0.1862719159896281,11.629434954007884,0.02008731796158847,0.02008731796158847,0.0,0.0,0.0,0.0,0.0,0.0,0.0,51590.76,1036.32,0.0,0.40854985856782855,4.0,M-115-09,0,train,normal
45.0,178103.38999999996,43722.490000000005,4929.463999999999,11429.272968300187,25.0,13.0,13.0,0.19710274563094268,11.629434954007884,0.0,0.022571509274956405,0.0,0.0,22.0,1.0,1.0,0.0,0.0,77320.04,0.0,3500.0,0.34444332882230627,4.0,M-115-10,0,train,benign_cycle
50.0,167844.52999999997,49142.85,4339.7476,12063.581709620996,25.0,12.0,14.0,0.22647791774802756,11.629434954007884,0.04472014764840648,0.04472014764840648,0.0,3500.0,22.0,1.0,1.0,0.0,0.0,86930.84,3887.56,3500.0,0.5473349632754307,4.0,M-115-11,0,train,benign_cycle
52.0,202059.08,87225.24,5563.16,10551.495868157928,29.0,10.0,19.0,0.30152080140396137,11.629434954007884,0.00822925209456966,0.00822925209456966,0.0,0.0,0.0,0.0,0.0,0.0,0.0,64954.87,534.53,0.0,0.16591252715383759,5.0,M-115-12,0,train,seasonal
45.0,186812.82,44090.509999999995,5131.185111111112,13065.01073805922,24.0,12.0,13.0,0.19094791746831882,11.629434954007884,0.003287610041575929,0.003287610041575929,0.0,293.51,22.0,1.0,1.0,0.0,0.0,89277.62,293.51,3500.0,0.36206045246471413,4.0,M-115-13,0,train,benign_cycle
44.0,198564.30999999997,108564.3,6980.19568181818,15867.3013713416,23.0,10.0,13.0,0.3534815594027532,11.629434954007884,0.7847507477550043,0.7847507477550043,0.0,0.0,0.0,0.0,0.0,0.0,0.0,86669.43,68013.9,0.0,0.6206867266679746,5.0,M-115-14,0,train,quick_benign
46.0,135800.16,49503.84,4028.3478260869565,5881.281009366447,24.0,13.0,12.0,0.2671493329879549,11.629434954007884,0.0,0.054208259878877486,0.0,0.0,22.0,1.0,1.0,0.0,0.0,37659.39,0.0,3500.0,0.378917473876774,4.0,M-116-00,0,train,benign_cycle
42.0,131344.24999999997,39342.28,4063.9649999999992,6227.69676965778,23.0,11.0,12.0,0.23049434539444916,11.629434954007884,0.033878931233604095,0.043213196492904594,0.0,0.0,0.0,0.0,0.0,0.0,0.0,37985.85,1286.92,0.0,0.3535880482778324,4.0,M-116-01,0,train,normal
48.0,128108.51000000001,49840.57,3707.272499999999,5095.9809127314165,24.0,12.0,12.0,0.2800833249601516,11.629434954007884,0.008459801967714712,0.008459801967714712,0.0,0.0,0.0,0.0,0.0,0.0,0.0,30773.77,260.34,0.0,0.5313155527715674,4.0,M-116-02,0,train,normal
45.0,174693.17000000004,49153.19,4974.363555555557,10480.723477351308,23.0,11.0,12.0,0.21958449536548189,11.629434954007884,0.0,0.008173242786846549,0.0,0.0,0.0,0.0,0.0,0.0,0.0,70493.44,0.0,0.0,0.3882248537683923,4.0,M-116-03,0,train,normal
43.0,167554.15,36505.34,4745.569534883722,10871.531455481578,23.0,11.0,12.0,0.17889557599109943,11.629434954007884,0.0,0.008160405950832016,0.0,0.0,0.0,0.0,0.0,0.0,0.0,71516.05,0.0,0.0,0.4017272541496669,4.0,M-116-04,0,train,normal
43.0,174808.11,39995.719999999994,4995.437906976744,12523.3944104101,23.0,12.0,11.0,0.18619649379622327,11.629434954007884,0.0,0.021627134136764592,0.0,0.0,0.0,0.0,0.0,0.0,0.0,83407.26,0.0,0.0,0.3610771352534722,4.0,M-116-05,0,train,normal
52.0,140005.69,88383.65000000001,4392.102692307692,7217.456658555249,24.0,13.0,12.0,0.38698675691255996,11.629434954007884,0.8984978952764735,0.8984978952764735,0.0,4819.12,47.041666666666664,1.0,1.0,0.0,0.0,39169.04,35193.3,4819.12,0.3942782403759066,4.0,M-116-06,1,train,classic
47.0,143704.45,43615.08,3985.521914893617,7307.453470308371,23.0,11.0,12.0,0.23283786800020265,11.629434954007884,0.023113532146835654,0.03335993744003999,0.0,0.0,0.0,0.0,0.0,0.0,0.0,48375.99,1118.14,0.0,0.5005867236744722,4.0,M-116-07,0,train,normal
42.0,113881.31000000001,38326.299999999996,3623.990714285714,5115.430270329356,22.0,10.0,12.0,0.2518027843680089,11.629434954007884,0.013058646802944327,0.013058646802944327,0.0,0.0,0.0,0.0,0.0,0.0,0.0,30655.55,400.32,0.0,0.3216363176200155,4.0,M-116-08,0,train,normal
46.0,148060.79,63968.270000000004,4609.327391304348,6521.171468690148,24.0,10.0,14.0,0.30169576755186295,11.629434954007884,0.6337806238572448,0.6506530313220463,0.0,0.0,0.0,0.0,0.0,0.0,0.0,35298.46,22371.48,0.0,0.3497277634677317,5.0,M-116-09,0,train,quick_benign
47.0,132083.24,45540.04,3779.2187234042553,5574.335865285378,23.0,12.0,12.0,0.2563855368508002,11.629434954007884,0.010960234022712467,0.010960234022712467,0.0,386.1,22.0,1.0,1.0,0.0,0.0,35227.35,386.1,3500.0,0.4466129147009972,4.0,M-116-10,0,train,benign_cycle
46.0,164915.99,47198.37,4611.181739130433,11895.314336857198,22.0,11.0,11.0,0.2225137892597183,11.629434954007884,0.005697665487255876,0.005697665487255876,0.0,0.0,0.0,0.0,0.0,0.0,0.0,82151.19,468.07,0.0,0.45623757769600937,4.0,M-116-11,0,train,normal
48.0,137385.11,50904.369999999995,3922.6974999999998,6975.829691899708,23.0,11.0,13.0,0.2703516415255913,11.629434954007884,0.0,0.05059981238416752,0.0,0.0,22.0,1.0,1.0,0.0,0.0,47288.12,0.0,3500.0,0.40182326193212886,4.0,M-116-12,0,train,benign_cycle
76.0,249569.57,121472.51,4882.132631578947,9625.1160051655,39.0,19.0,20.0,0.3273820317091797,11.629434954007884,0.0,0.07017025093324118,0.0,0.0,0.0,0.0,0.0,0.0,0.0,84343.15,0.0,0.0,0.21596145498269528,4.0,M-116-13,0,train,business
46.0,115214.13000000003,44787.47,3478.2956521739125,5210.18634009115,21.0,11.0,11.0,0.27991888831111694,11.629434954007884,0.03572328358927708,0.050361672626517875,0.0,1216.58,22.0,1.0,1.0,0.0,0.0,34055.66,1216.58,3500.0,0.39598106345368467,4.0,M-117-00,0,val,benign_cycle
50.0,173147.25999999998,52267.37,4508.2926,11071.103430780115,26.0,12.0,15.0,0.23187212826425685,11.629434954007884,0.05005602934074223,0.05005602934074223,0.0,3500.0,22.0,1.0,1.0,0.0,0.0,79324.51,3970.67,3500.0,0.48186985494008977,4.0,M-117-01,0,val,benign_cycle
46.0,180106.27000000002,45304.899999999994,4900.2428260869565,11448.698358939373,24.0,12.0,13.0,0.20098782149970648,11.629434954007884,0.006514599545455181,0.006514599545455181,0.0,512.03,22.0,1.0,1.0,0.0,0.0,78597.31,512.03,3500.0,0.3960119104114566,4.0,M-117-02,0,val,benign_cycle
42.0,124976.26999999999,39197.1,3908.8897619047616,6459.524558105941,25.0,13.0,12.0,0.2387543119812915,11.629434954007884,0.008411612471663029,0.008411612471663029,0.0,0.0,0.0,0.0,0.0,0.0,0.0,40931.51,344.3,0.0,0.34805763691701685,4.0,M-117-03,0,val,normal
41.0,149799.62999999998,36343.61,4540.079024390245,8700.524990190857,23.0,11.0,12.0,0.19524539274163272,11.629434954007884,0.02146543927852851,0.026152438137451453,0.0,0.0,0.0,0.0,0.0,0.0,0.0,55342.45,1187.95,0.0,0.28089559622723226,4.0,M-117-04,0,val,normal
45.0,176315.78,44036.25,4896.711777777778,12159.144929379843,22.0,12.0,10.0,0.19984499348610493,11.629434954007884,0.006847181287592366,0.006847181287592366,0.0,0.0,0.0,0.0,0.0,0.0,0.0,82784.43,566.84,0.0,0.4714749780010787,4.0,M-117-05,0,val,normal
42.0,182031.52000000002,40314.920000000006,5293.9628571428575,11722.713647256864,26.0,13.0,14.0,0.18131578810076746,11.629434954007884,0.03442710911438542,0.042814898307570196,0.0,2650.56,22.0,1.0,1.0,0.0,0.0,76990.49,2650.56,3500.0,0.18498039931618368,4.0,M-117-06,0,val,benign_cycle
47.0,166858.49,49739.66,4608.471276595745,10887.633907933017,25.0,12.0,13.0,0.22964028086112465,11.629434954007884,0.03594433143914009,0.042338771833976635,0.0,0.0,0.0,0.0,0.0,0.0,0.0,75576.59,2716.55,0.0,0.5327539432316184,4.0,M-117-07,0,val,normal
40.0,167363.67,31881.86,4981.138250000001,12895.057033004136,23.0,12.0,11.0,0.16001292475670595,11.629434954007884,0.00591759657498614,0.011622145726601725,0.0,0.0,0.0,0.0,0.0,0.0,0.0,83173.97,492.19,0.0,0.23008162008113706,4.0,M-117-08,0,val,normal
49.0,231264.97,71428.98,6177.427551020409,13513.759221204586,30.0,11.0,19.0,0.2359775608333103,11.629434954007884,0.01016489490428346,0.01016489490428346,0.0,0.0,0.0,0.0,0.0,0.0,0.0,59461.51,604.42,0.0,0.10054336489195283,5.0,M-117-09,0,val,seasonal
45.0,158385.84,46295.28,4548.469333333333,9684.83715047517,24.0,13.0,12.0,0.2261824637269915,11.629434954007884,0.007976521775122284,0.007976521775122284,0.0,524.18,22.0,1.0,1.0,0.0,0.0,65715.36,524.18,3500.0,0.34823722850364014,4.0,M-117-10,0,val,benign_cycle
44.0,138176.22000000003,57637.930000000015,4450.32159090909,7131.712462013959,23.0,11.0,13.0,0.294350178472802,12.417871222076215,0.49546116214417074,0.49546116214417074,0.0,4796.290000000001,47.208333333333336,1.0,1.0,0.0,0.0,43038.55,21323.93,4796.290000000001,0.3596916127973367,4.0,M-117-11,1,val,partial
44.0,166080.86,43020.37,4752.300681818182,9121.750549437616,19.0,8.0,11.0,0.20573944017450305,11.629434954007884,0.031202078057363598,0.031202078057363598,0.0,0.0,0.0,0.0,0.0,0.0,0.0,59902.1,1869.07,0.0,0.3732968823838567,4.0,M-117-12,0,val,normal
42.0,172027.79999999996,38831.770000000004,5020.465952380952,11701.549849908783,23.0,12.0,11.0,0.18415939101080403,11.629434954007884,0.007077013911471507,0.007077013911471507,0.0,0.0,0.0,0.0,0.0,0.0,0.0,76724.45,542.98,0.0,0.28923688000830244,4.0,M-117-13,0,val,normal
49.0,125662.68,73047.55,4055.310816326531,6091.271557062023,23.0,10.0,13.0,0.3676084014396239,11.629434954007884,0.6223223299836569,0.6223223299836569,0.0,0.0,0.0,0.0,0.0,0.0,0.0,36975.71,23010.81,0.0,0.3716464138769883,5.0,M-118-00,0,test,quick_benign
45.0,157302.36000000004,40577.94,4397.34,9500.812043533262,26.0,13.0,14.0,0.20506306085042322,11.629434954007884,0.018165547357857095,0.018165547357857095,0.0,1163.34,22.0,1.0,1.0,0.0,0.0,64041.01,1163.34,3500.0,0.3319054639047719,4.0,M-118-01,0,test,benign_cycle
42.0,169188.97999999998,41954.51,5027.225952380953,11509.824445505976,24.0,11.0,13.0,0.19870141390577564,11.629434954007884,0.0045601913156384415,0.0045601913156384415,0.0,0.0,0.0,0.0,0.0,0.0,0.0,75707.35,345.24,0.0,0.33652949349187966,4.0,M-118-02,0,test,normal
41.0,171242.53000000003,31922.51,4955.24487804878,11562.836528359363,22.0,11.0,11.0,0.15712599963064514,11.629434954007884,0.0,0.007597019226303533,0.0,0.0,0.0,0.0,0.0,0.0,0.0,74714.83,0.0,0.0,0.33432834698775254,4.0,M-118-03,0,test,normal
48.0,147539.38,53179.09,4181.634791666666,8398.15026568698,20.0,9.0,11.0,0.26494367957268705,11.629434954007884,0.0451724297801779,0.05303458178339191,0.0,0.0,0.0,0.0,0.0,0.0,0.0,58021.01,2620.95,0.0,0.49061181753956307,4.0,M-118-04,0,test,normal
47.0,135190.90000000002,50004.24,3940.322127659574,6434.58666482274,25.0,13.0,12.0,0.2700083814294479,11.629434954007884,0.054627194520072586,0.06453032843674945,0.0,0.0,0.0,0.0,0.0,0.0,0.0,42073.55,2298.36,0.0,0.491718302287966,4.0,M-118-05,0,test,normal
40.0,158634.32,32221.879999999997,4771.405,9178.165764422922,25.0,12.0,13.0,0.16882804959964623,11.629434954007884,0.0,0.0,0.0,0.0,0.0,0.0,0.0,0.0,0.0,57214.46,0.0,0.0,0.18667936197391338,4.0,M-118-06,0,test,normal
44.0,169837.11,41923.999999999985,4812.7525,10480.542442902797,23.0,11.0,12.0,0.19797780621758163,11.629434954007884,0.007739131069071352,0.007739131069071352,0.0,0.0,0.0,0.0,0.0,0.0,0.0,69917.41,541.1,0.0,0.4331037114779126,4.0,M-118-07,0,test,normal
41.0,139930.62000000002,31345.58,4177.468292682927,7477.700798180663,24.0,11.0,13.0,0.18301188372932142,11.629434954007884,0.01880904114575915,0.02601349708615957,0.0,0.0,0.0,0.0,0.0,0.0,0.0,46478.18,874.21,0.0,0.3009342944045061,4.0,M-118-08,0,test,normal
50.0,168222.34000000003,101444.8,5393.3428,10627.581520380832,25.0,11.0,14.0,0.3761852482286125,11.629434954007884,0.7479634097147299,0.770616378496775,0.0,0.0,0.0,0.0,0.0,0.0,0.0,72212.61,54012.39,0.0,0.2471019707269372,4.0,M-118-09,1,test,split_no_return
45.0,132326.54,46239.97,3968.144666666667,6236.261266788905,23.0,11.0,12.0,0.2589509645453674,11.629434954007884,0.009593258864836873,0.009593258864836873,0.0,0.0,0.0,0.0,0.0,0.0,0.0,39568.41,379.59,0.0,0.44557295344266007,4.0,M-118-10,0,test,normal
45.0,161008.15000000002,42391.56,4519.993555555556,8671.884931192335,23.0,11.0,12.0,0.20841504641279968,11.629434954007884,0.007213770743509522,0.01771936864353941,0.0,0.0,0.0,0.0,0.0,0.0,0.0,57417.96,414.2,0.0,0.4709755904241316,4.0,M-118-11,0,test,normal
45.0,138995.75,40901.520000000004,3997.71711111111,6950.445192170266,23.0,13.0,10.0,0.2273604263144183,11.629434954007884,0.026866112890861986,0.03562201083540417,0.0,0.0,0.0,0.0,0.0,0.0,0.0,44784.67,1203.19,0.0,0.4730675045817368,4.0,M-119-00,0,test,normal
76.0,243983.99,112187.6,4686.468289473684,9326.065413964408,38.0,19.0,19.0,0.314981888364538,11.629434954007884,0.00685369551027039,0.06916071895175378,0.0,0.0,0.0,0.0,0.0,0.0,0.0,81745.68,560.26,0.0,0.2595345653173791,4.0,M-119-01,0,test,business
43.0,143355.45,33354.5,4109.533720930232,7950.213257404445,22.0,11.0,12.0,0.18875281216479323,11.629434954007884,0.009074536258941984,0.021228646951283413,0.0,467.58,22.0,1.0,1.0,0.0,0.0,51526.6,467.58,3500.0,0.2594435533436268,4.0,M-119-02,0,test,benign_cycle
47.0,132098.5,48773.94,3848.3497872340427,5357.633734375767,24.0,12.0,13.0,0.2696593245493896,11.629434954007884,0.009353381545434872,0.009353381545434872,0.0,314.65,22.0,1.0,1.0,0.0,0.0,33640.24,314.65,3500.0,0.427530152372353,4.0,M-119-03,0,test,benign_cycle
48.0,134562.40999999997,70539.82,4272.963124999999,5836.047948315194,24.0,12.0,12.0,0.34392517331479044,11.629434954007884,0.5714368816332412,0.5714368816332412,0.0,0.0,0.0,0.0,0.0,0.0,0.0,33865.42,19351.95,0.0,0.33594684534210606,5.0,M-119-04,0,test,quick_benign
48.0,159076.56,50079.39,4357.415625,8879.327308725755,20.0,10.0,10.0,0.23943564598568678,11.629434954007884,0.04556545497216169,0.04556545497216169,0.0,0.0,0.0,0.0,0.0,0.0,0.0,60889.11,2774.44,0.0,0.5459751007350528,4.0,M-119-05,0,test,normal
41.0,133323.34,33755.76,4075.0999999999995,7353.9404321065,25.0,12.0,13.0,0.20203460516605612,11.629434954007884,0.0,0.0,0.0,0.0,0.0,0.0,0.0,0.0,0.0,46434.06,0.0,0.0,0.24245047363768435,4.0,M-119-06,0,test,normal
44.0,161884.47000000003,41056.86,4612.302954545455,9625.95546054463,22.0,13.0,9.0,0.20230901216622557,11.629434954007884,0.022782006546890856,0.03038563204891826,0.0,0.0,0.0,0.0,0.0,0.0,0.0,63734.07,1451.99,0.0,0.4290223363403826,4.0,M-119-07,0,test,normal
45.0,180566.08,45721.55,5028.6140000000005,12918.308736212837,24.0,12.0,12.0,0.20205059375097084,11.629434954007884,0.016158841643942545,0.01925762174845893,0.0,0.0,0.0,0.0,0.0,0.0,0.0,88037.87,1422.59,0.0,0.48651237764249017,4.0,M-119-08,0,test,normal
48.0,135254.76,47958.729999999996,3816.947708333333,5710.801848959582,22.0,12.0,11.0,0.26176418559572223,11.629434954007884,0.0,0.03670545422017818,0.0,0.0,22.0,1.0,1.0,0.0,0.0,36668.12,0.0,3500.0,0.453001987333693,4.0,M-119-09,0,test,benign_cycle
47.0,144749.01,64522.44,4452.58404255319,7274.737766084523,22.0,11.0,12.0,0.3083193622445872,11.629434954007884,0.637099036486677,0.637099036486677,0.0,6154.95,47.666666666666664,1.0,1.0,0.0,0.0,42135.38,26844.41,6154.95,0.4096553075178186,4.0,M-119-10,1,test,partial
47.0,141382.94,47205.13999999999,4012.5123404255314,8981.414186175998,23.0,11.0,12.0,0.25030818490755086,11.629434954007884,0.0,0.028678704051370567,0.0,0.0,0.0,0.0,0.0,0.0,0.0,62373.46,0.0,0.0,0.4875454240788186,4.0,M-119-11,0,test,normal
